row_index,group_id,split,true_label,true_class,predicted_label,predicted_class,prob_phishing,prob_legitimate,correct,outcome,cv_fold,having_IP_Address,URL_Length,Shortining_Service,Prefix_Suffix,having_Sub_Domain,Favicon,Request_URL,URL_of_Anchor,Links_in_tags,SFH
0,81595376151391,train_oof,1,phishing,1,phishing,0.989934,0.010066,True,TP,3,-1,1,1,-1,-1,1,1,-1,1,-1
1,80994233879001,train_oof,1,phishing,0,legitimate,0.414625,0.585375,False,FN,3,1,1,1,-1,0,1,1,0,-1,-1
2,33845766860066,train_oof,1,phishing,1,phishing,0.667275,0.332725,True,TP,5,1,0,1,-1,-1,1,1,0,-1,-1
4,80879581031071,train_oof,0,legitimate,0,legitimate,0.080368,0.919632,True,TN,4,1,0,-1,-1,1,1,1,0,0,-1
5,18174187022456,train_oof,0,legitimate,0,legitimate,0.106553,0.893447,True,TN,5,-1,0,-1,-1,1,1,1,0,0,-1
6,53674420710861,train_oof,1,phishing,1,phishing,0.977643,0.022357,True,TP,4,1,0,-1,-1,-1,1,-1,-1,0,-1
7,55438273653851,train_oof,1,phishing,1,phishing,0.868127,0.131873,True,TP,1,1,0,1,-1,-1,1,-1,0,-1,-1
8,121279180911962,train_oof,0,legitimate,0,legitimate,0.074283,0.925717,True,TN,1,1,0,-1,-1,1,1,1,0,1,-1
9,167507386021697,train_oof,1,phishing,0,legitimate,0.401364,0.598636,False,FN,3,1,1,-1,-1,-1,1,1,0,1,-1
10,232930756335283,train_oof,0,legitimate,0,legitimate,0.379128,0.620872,True,TN,4,1,1,1,-1,0,1,-1,0,0,-1
11,194298599723355,train_oof,1,phishing,1,phishing,0.949001,0.050999,True,TP,1,1,1,-1,-1,1,1,1,-1,-1,-1
12,28089907991855,train_oof,1,phishing,1,phishing,0.996882,0.003118,True,TP,3,-1,1,-1,-1,0,1,-1,-1,1,-1
13,252571744964667,train_oof,1,phishing,1,phishing,0.990988,0.009012,True,TP,2,1,1,-1,-1,0,1,-1,-1,-1,-1
14,6770797443670,train_oof,0,legitimate,0,legitimate,0.019076,0.980924,True,TN,1,1,1,-1,1,-1,1,1,0,1,1
15,98758163743672,train_oof,1,phishing,1,phishing,0.959508,0.040492,True,TP,3,1,-1,-1,-1,0,1,-1,-1,0,-1
16,204370707294556,train_oof,1,phishing,0,legitimate,0.311202,0.688798,False,FN,5,1,-1,-1,-1,1,1,1,0,-1,-1
17,142793911949868,train_oof,1,phishing,1,phishing,0.655341,0.344659,True,TP,2,1,-1,1,-1,-1,1,1,0,-1,-1
19,184048675844301,train_oof,0,legitimate,0,legitimate,0.128368,0.871632,True,TN,4,1,1,1,-1,-1,1,1,0,0,-1
20,247761053376420,train_oof,0,legitimate,0,legitimate,0.121377,0.878623,True,TN,2,1,0,-1,-1,0,1,1,0,0,-1
22,7233108041578,train_oof,0,legitimate,0,legitimate,0.135439,0.864561,True,TN,3,1,1,1,-1,-1,1,1,0,0,-1
24,163092237796469,train_oof,0,legitimate,0,legitimate,0.08862,0.91138,True,TN,5,1,-1,-1,-1,1,1,-1,0,0,-1
25,1959149834071,train_oof,0,legitimate,0,legitimate,0.068166,0.931834,True,TN,2,1,-1,1,-1,0,1,1,1,0,-1
28,144329523444518,train_oof,0,legitimate,0,legitimate,0.00272,0.99728,True,TN,4,1,-1,-1,1,-1,1,1,1,0,-1
29,186731591707396,train_oof,0,legitimate,0,legitimate,0.16727,0.83273,True,TN,4,1,-1,1,-1,-1,1,1,1,0,-1
30,228145417982579,train_oof,0,legitimate,0,legitimate,0.159467,0.840533,True,TN,1,1,-1,1,-1,-1,1,1,0,1,-1
31,13477133043633,train_oof,0,legitimate,0,legitimate,0.294377,0.705623,True,TN,3,1,-1,1,-1,-1,-1,1,0,-1,-1
32,169643561467739,train_oof,0,legitimate,0,legitimate,8.8e-05,0.999912,True,TN,5,1,-1,1,1,1,1,1,1,1,1
33,89139077116809,train_oof,0,legitimate,0,legitimate,0.188764,0.811236,True,TN,2,1,0,1,-1,-1,1,1,0,1,-1
35,216256338067249,train_oof,1,phishing,1,phishing,0.950892,0.049108,True,TP,4,1,0,1,-1,-1,1,1,-1,0,-1
36,223291149249498,train_oof,1,phishing,1,phishing,0.996327,0.003673,True,TP,5,1,0,1,-1,-1,-1,-1,-1,0,-1
37,245203759851421,train_oof,1,phishing,1,phishing,0.996088,0.003912,True,TP,4,1,0,1,-1,-1,-1,-1,-1,0,-1
39,279588259688271,train_oof,0,legitimate,0,legitimate,0.128086,0.871914,True,TN,4,1,-1,1,-1,0,1,-1,1,0,-1
40,224880001474127,train_oof,0,legitimate,0,legitimate,1.7e-05,0.999983,True,TN,3,1,-1,1,1,1,1,1,1,0,-1
41,123025232361669,train_oof,0,legitimate,0,legitimate,0.14939,0.85061,True,TN,5,-1,-1,-1,-1,1,1,1,0,-1,-1
42,58001944461148,train_oof,1,phishing,1,phishing,0.996231,0.003769,True,TP,4,1,-1,1,-1,-1,-1,-1,-1,-1,-1
43,83096265361369,train_oof,1,phishing,1,phishing,0.99718,0.00282,True,TP,4,1,-1,1,-1,0,-1,-1,-1,0,-1
48,56720849097063,train_oof,1,phishing,1,phishing,0.988756,0.011244,True,TP,1,1,-1,1,-1,-1,1,1,-1,-1,-1
49,132445042799984,train_oof,0,legitimate,0,legitimate,0.270682,0.729318,True,TN,3,1,-1,1,-1,1,1,1,0,1,-1
50,254823629978959,train_oof,1,phishing,0,legitimate,0.466414,0.533586,False,FN,1,1,-1,1,-1,1,1,1,0,-1,-1
51,83832579227651,train_oof,0,legitimate,0,legitimate,0.005613,0.994387,True,TN,3,1,1,1,-1,1,-1,1,0,0,1
52,190652501327403,train_oof,0,legitimate,0,legitimate,0.001209,0.998791,True,TN,4,-1,-1,-1,1,-1,1,1,1,1,-1
53,69514195002310,train_oof,1,phishing,0,legitimate,0.114067,0.885933,False,FN,1,1,-1,1,-1,1,1,-1,0,0,-1
55,170209312054736,train_oof,1,phishing,1,phishing,0.99718,0.00282,True,TP,4,1,-1,1,-1,0,-1,-1,-1,0,-1
56,145010585548842,train_oof,0,legitimate,0,legitimate,0.000942,0.999058,True,TN,5,-1,-1,-1,1,1,1,1,0,0,-1
57,233982030932326,train_oof,0,legitimate,0,legitimate,0.142437,0.857563,True,TN,1,1,-1,1,-1,1,-1,1,0,1,-1
58,168279461844750,train_oof,1,phishing,0,legitimate,0.198022,0.801978,False,FN,3,1,-1,1,-1,-1,-1,1,0,0,-1
59,249477520250594,train_oof,1,phishing,1,phishing,0.998677,0.001323,True,TP,5,-1,-1,-1,-1,0,-1,-1,-1,1,-1
60,136747399509746,train_oof,1,phishing,0,legitimate,0.432337,0.567663,False,FN,4,1,-1,1,-1,1,1,1,0,-1,-1
62,275618610040479,train_oof,0,legitimate,0,legitimate,0.002203,0.997797,True,TN,1,1,1,1,1,0,1,1,0,0,1
64,210738623839423,train_oof,0,legitimate,0,legitimate,0.000782,0.999218,True,TN,3,1,1,1,1,1,-1,1,1,1,1
65,15749231434598,train_oof,0,legitimate,0,legitimate,0.112269,0.887731,True,TN,3,1,-1,1,-1,0,1,-1,1,0,-1
66,27286377176769,train_oof,1,phishing,1,phishing,0.92482,0.07518,True,TP,3,1,1,1,-1,-1,-1,1,-1,-1,1
67,234752930683690,train_oof,1,phishing,0,legitimate,0.408108,0.591892,False,FN,3,1,-1,1,-1,0,1,-1,0,0,-1
68,169522667255692,train_oof,0,legitimate,0,legitimate,0.028759,0.971241,True,TN,2,1,-1,1,1,-1,1,-1,1,-1,-1
69,166028627749219,train_oof,1,phishing,1,phishing,0.99776,0.00224,True,TP,1,1,-1,1,-1,-1,1,-1,-1,-1,-1
70,19423951945022,train_oof,0,legitimate,0,legitimate,0.007608,0.992392,True,TN,4,1,-1,1,-1,1,1,1,1,0,-1
71,212950618882581,train_oof,0,legitimate,0,legitimate,0.247261,0.752739,True,TN,1,-1,-1,-1,-1,1,1,1,0,-1,-1
73,165243222445697,train_oof,0,legitimate,0,legitimate,0.001597,0.998403,True,TN,2,1,-1,1,1,-1,1,1,1,0,-1
74,139677636957343,train_oof,1,phishing,1,phishing,0.996691,0.003309,True,TP,2,1,-1,1,-1,0,1,-1,-1,1,-1
75,12557397934636,train_oof,1,phishing,1,phishing,0.578337,0.421663,True,TP,4,1,-1,1,-1,1,1,-1,0,-1,-1
76,53289349311546,train_oof,0,legitimate,0,legitimate,0.014165,0.985835,True,TN,3,1,-1,1,1,0,-1,-1,0,1,-1
79,220360511301816,train_oof,0,legitimate,0,legitimate,0.046783,0.953217,True,TN,2,-1,-1,-1,-1,-1,1,1,1,0,-1
80,212747507502792,train_oof,1,phishing,1,phishing,0.995707,0.004293,True,TP,1,1,-1,1,-1,0,1,-1,-1,0,-1
81,255917609982983,train_oof,0,legitimate,0,legitimate,0.053866,0.946134,True,TN,2,1,1,1,-1,0,1,1,0,1,1
82,52863431321389,train_oof,0,legitimate,0,legitimate,0.007219,0.992781,True,TN,1,1,-1,1,1,-1,1,1,0,0,-1
83,42973943273876,train_oof,0,legitimate,0,legitimate,0.317478,0.682522,True,TN,5,1,1,1,-1,1,1,1,0,1,1
84,42070409657910,train_oof,0,legitimate,0,legitimate,0.010113,0.989887,True,TN,5,1,1,1,-1,1,-1,1,0,0,1
85,153179241409783,train_oof,1,phishing,1,phishing,0.99514,0.00486,True,TP,4,-1,-1,-1,-1,0,1,-1,-1,1,-1
86,171621789019397,train_oof,1,phishing,0,legitimate,0.078806,0.921194,False,FN,4,1,-1,1,-1,1,-1,1,0,-1,-1
88,190409292746832,train_oof,0,legitimate,0,legitimate,7e-06,0.999993,True,TN,4,1,-1,1,1,1,1,1,1,1,-1
89,132773819524058,train_oof,1,phishing,1,phishing,0.978157,0.021843,True,TP,3,-1,1,-1,-1,0,1,1,-1,0,1
90,250349875857382,train_oof,1,phishing,0,legitimate,0.206913,0.793087,False,FN,2,1,-1,1,-1,1,1,1,0,1,-1
91,165429981870362,train_oof,0,legitimate,0,legitimate,0.000446,0.999554,True,TN,3,-1,-1,-1,1,1,1,-1,1,0,-1
92,210554629086537,train_oof,0,legitimate,0,legitimate,0.021368,0.978632,True,TN,2,1,-1,1,-1,1,1,-1,1,0,-1
93,199154403119161,train_oof,1,phishing,1,phishing,0.992696,0.007304,True,TP,2,1,-1,1,-1,-1,1,1,-1,0,-1
94,81629472342913,train_oof,0,legitimate,0,legitimate,0.206913,0.793087,True,TN,2,1,-1,1,-1,1,1,1,0,1,-1
96,74868415533195,train_oof,1,phishing,0,legitimate,0.195778,0.804222,False,FN,4,1,-1,1,-1,1,1,1,0,1,-1
97,123118367124157,train_oof,1,phishing,1,phishing,0.991641,0.008359,True,TP,5,1,1,1,-1,-1,1,1,-1,-1,1
98,218148397227149,train_oof,1,phishing,1,phishing,0.995047,0.004953,True,TP,4,-1,-1,-1,-1,-1,-1,-1,-1,1,-1
99,221373336095889,train_oof,0,legitimate,0,legitimate,0.195778,0.804222,True,TN,4,1,-1,1,-1,1,1,1,0,1,-1
100,123762970753921,train_oof,1,phishing,1,phishing,0.724541,0.275459,True,TP,3,1,-1,1,-1,-1,1,1,0,-1,-1
101,96895500154910,train_oof,1,phishing,1,phishing,0.9992,0.0008,True,TP,3,1,-1,1,-1,-1,1,-1,-1,-1,-1
102,124674292273686,train_oof,0,legitimate,1,phishing,0.673601,0.326399,False,FP,4,1,-1,1,-1,0,1,-1,0,-1,-1
103,228053397798035,train_oof,1,phishing,1,phishing,0.999076,0.000924,True,TP,2,1,-1,1,-1,-1,1,-1,-1,0,-1
105,99488535263979,train_oof,1,phishing,1,phishing,0.586441,0.413559,True,TP,2,1,-1,1,-1,-1,1,-1,0,0,-1
106,87988586582472,train_oof,1,phishing,1,phishing,0.678846,0.321154,True,TP,5,1,-1,1,-1,-1,1,1,0,-1,-1
107,16562485698412,train_oof,1,phishing,1,phishing,0.990574,0.009426,True,TP,1,1,-1,1,-1,1,1,-1,-1,0,-1
108,43154037696435,train_oof,0,legitimate,0,legitimate,0.081553,0.918447,True,TN,2,1,-1,1,-1,0,1,1,0,1,-1
109,18482016538595,train_oof,1,phishing,1,phishing,0.646613,0.353387,True,TP,5,1,-1,1,-1,-1,1,-1,1,-1,-1
110,12707841761248,train_oof,0,legitimate,0,legitimate,0.020069,0.979931,True,TN,4,1,-1,1,-1,1,1,-1,1,1,-1
111,171397743022401,train_oof,1,phishing,1,phishing,0.586441,0.413559,True,TP,2,1,-1,1,-1,-1,1,-1,0,0,-1
112,46207552233173,train_oof,1,phishing,0,legitimate,0.379817,0.620183,False,FN,2,1,-1,1,-1,1,1,1,0,-1,-1
113,220909738711119,train_oof,0,legitimate,0,legitimate,0.000438,0.999562,True,TN,2,1,-1,1,1,-1,1,1,1,1,-1
114,110627662283974,train_oof,1,phishing,0,legitimate,0.057323,0.942677,False,FN,1,1,1,1,-1,-1,-1,1,0,1,1
116,60805918156027,train_oof,1,phishing,1,phishing,0.914795,0.085205,True,TP,4,-1,1,-1,-1,1,1,1,-1,1,1
117,268264555802515,train_oof,1,phishing,1,phishing,0.997944,0.002056,True,TP,2,1,-1,1,-1,0,1,-1,-1,-1,-1
119,70831380501083,train_oof,0,legitimate,0,legitimate,0.129123,0.870877,True,TN,2,1,-1,1,-1,1,-1,1,1,-1,-1
121,224158272651134,train_oof,0,legitimate,0,legitimate,0.000743,0.999257,True,TN,1,1,-1,1,1,0,1,1,1,0,-1
122,41486473434543,train_oof,0,legitimate,0,legitimate,0.00285,0.99715,True,TN,2,1,1,1,1,0,1,1,0,0,1
123,173408098362928,train_oof,0,legitimate,1,phishing,0.822009,0.177991,False,FP,5,1,-1,1,-1,-1,1,-1,0,-1,-1
125,223516288499826,train_oof,0,legitimate,0,legitimate,0.062365,0.937635,True,TN,5,1,1,1,-1,0,-1,1,0,-1,1
126,234744068489839,train_oof,0,legitimate,0,legitimate,0.118059,0.881941,True,TN,5,1,-1,1,-1,0,1,1,0,1,-1
127,149496728670699,train_oof,0,legitimate,0,legitimate,0.00428,0.99572,True,TN,1,1,1,1,-1,1,-1,1,0,0,1
128,12642475070423,train_oof,0,legitimate,0,legitimate,0.018319,0.981681,True,TN,1,1,-1,1,1,0,1,-1,0,-1,-1
129,34176484582315,train_oof,1,phishing,1,phishing,0.800886,0.199114,True,TP,4,1,-1,1,-1,-1,1,-1,0,-1,-1
130,72534428625729,train_oof,1,phishing,1,phishing,0.799991,0.200009,True,TP,1,1,-1,1,-1,-1,1,-1,0,-1,-1
131,6617220541522,train_oof,0,legitimate,0,legitimate,0.153214,0.846786,True,TN,4,1,-1,1,-1,-1,1,-1,1,1,-1
132,246478124295686,train_oof,1,phishing,0,legitimate,0.232429,0.767571,False,FN,2,1,-1,1,-1,1,1,1,0,0,-1
134,159231538981787,train_oof,1,phishing,1,phishing,0.997219,0.002781,True,TP,1,1,-1,1,-1,0,1,-1,-1,-1,-1
135,153614888057942,train_oof,0,legitimate,0,legitimate,0.009893,0.990107,True,TN,5,1,-1,1,-1,1,1,1,1,0,-1
136,115415907743960,train_oof,1,phishing,1,phishing,0.719882,0.280118,True,TP,4,1,-1,1,-1,-1,1,1,0,-1,-1
137,123174190578482,train_oof,0,legitimate,0,legitimate,0.007474,0.992526,True,TN,5,-1,-1,-1,1,1,1,1,0,-1,-1
138,220845072647200,train_oof,1,phishing,1,phishing,0.999691,0.000309,True,TP,4,1,-1,1,-1,0,1,-1,-1,-1,-1
139,173550498117334,train_oof,1,phishing,1,phishing,0.800515,0.199485,True,TP,3,1,-1,1,-1,-1,1,-1,0,-1,-1
140,175484913084751,train_oof,1,phishing,0,legitimate,0.451409,0.548591,False,FN,2,1,-1,1,-1,-1,1,1,0,0,-1
141,48940030672183,train_oof,1,phishing,1,phishing,0.99362,0.00638,True,TP,1,1,1,1,-1,0,1,1,-1,0,1
142,265402243252434,train_oof,1,phishing,0,legitimate,0.043115,0.956885,False,FN,5,1,-1,1,-1,1,-1,1,0,0,-1
143,107857766823929,train_oof,1,phishing,1,phishing,0.58005,0.41995,True,TP,1,1,-1,1,-1,1,1,-1,0,-1,-1
144,190322432519263,train_oof,1,phishing,1,phishing,0.98539,0.01461,True,TP,3,1,1,1,-1,-1,1,-1,-1,0,1
146,35125030605682,train_oof,1,phishing,1,phishing,0.945702,0.054298,True,TP,3,1,-1,1,-1,-1,1,1,-1,0,-1
147,232272285756265,train_oof,0,legitimate,0,legitimate,0.298335,0.701665,True,TN,4,1,-1,1,-1,0,1,-1,0,1,-1
148,113290618535857,train_oof,0,legitimate,0,legitimate,0.451409,0.548591,True,TN,2,1,-1,1,-1,-1,1,1,0,0,-1
149,256615062540196,train_oof,0,legitimate,0,legitimate,0.048654,0.951346,True,TN,1,1,1,1,-1,1,1,1,0,-1,1
150,122625589881527,train_oof,0,legitimate,0,legitimate,0.125671,0.874329,True,TN,5,-1,1,-1,-1,-1,1,1,1,-1,1
151,217589197595329,train_oof,0,legitimate,0,legitimate,0.460925,0.539075,True,TN,3,1,-1,1,-1,1,1,1,0,-1,-1
152,158967653881130,train_oof,0,legitimate,0,legitimate,0.331794,0.668206,True,TN,1,1,-1,1,-1,-1,-1,1,1,-1,-1
153,56271702278165,train_oof,0,legitimate,1,phishing,0.992696,0.007304,False,FP,2,1,-1,1,-1,-1,1,1,-1,0,-1
158,180689972728422,train_oof,0,legitimate,1,phishing,0.733789,0.266211,False,FP,4,1,-1,1,-1,0,-1,-1,0,-1,-1
159,276036175075662,train_oof,0,legitimate,1,phishing,0.643159,0.356841,False,FP,2,1,-1,1,-1,0,1,1,0,-1,-1
162,241943547315282,train_oof,1,phishing,1,phishing,0.998561,0.001439,True,TP,1,-1,-1,-1,-1,0,1,-1,-1,1,-1
163,264075998778572,train_oof,0,legitimate,0,legitimate,0.005213,0.994787,True,TN,1,1,1,1,1,-1,1,1,0,0,1
164,158145102321651,train_oof,1,phishing,1,phishing,0.998504,0.001496,True,TP,2,1,-1,1,-1,0,-1,-1,-1,0,-1
165,120948730947234,train_oof,0,legitimate,0,legitimate,0.010963,0.989037,True,TN,2,1,1,1,1,-1,1,1,1,-1,1
166,139165108391669,train_oof,0,legitimate,0,legitimate,0.164422,0.835578,True,TN,2,-1,-1,-1,-1,-1,1,-1,0,1,-1
167,83181608023828,train_oof,0,legitimate,0,legitimate,0.010109,0.989891,True,TN,2,1,-1,1,-1,1,1,1,1,0,-1
168,263622908358906,train_oof,1,phishing,1,phishing,0.999312,0.000688,True,TP,4,1,-1,1,-1,-1,1,-1,-1,-1,-1
169,48956573182950,train_oof,0,legitimate,0,legitimate,0.005011,0.994989,True,TN,5,1,-1,1,1,0,1,1,0,0,-1
170,33840219290182,train_oof,1,phishing,1,phishing,0.995208,0.004792,True,TP,2,-1,-1,-1,-1,0,-1,1,-1,1,-1
171,244709721610771,train_oof,0,legitimate,0,legitimate,0.105624,0.894376,True,TN,2,1,-1,1,-1,1,1,1,1,-1,-1
172,56148421070949,train_oof,0,legitimate,1,phishing,0.800886,0.199114,False,FP,4,1,-1,1,-1,-1,1,-1,0,-1,-1
173,84864841283310,train_oof,0,legitimate,0,legitimate,0.009923,0.990077,True,TN,2,-1,-1,-1,1,-1,1,-1,0,0,-1
174,80139973681932,train_oof,1,phishing,1,phishing,0.673601,0.326399,True,TP,4,1,-1,1,-1,0,1,-1,0,-1,-1
176,134940836017182,train_oof,1,phishing,0,legitimate,0.240924,0.759076,False,FN,4,1,-1,1,-1,-1,1,-1,0,1,-1
177,75588448750388,train_oof,1,phishing,1,phishing,0.684331,0.315669,True,TP,5,1,-1,1,-1,0,1,1,0,-1,-1
179,233394044436332,train_oof,0,legitimate,1,phishing,0.608284,0.391716,False,FP,4,1,-1,1,-1,0,1,-1,1,-1,-1
181,51961183498485,train_oof,0,legitimate,0,legitimate,0.021311,0.978689,True,TN,3,1,-1,1,1,-1,1,-1,0,-1,-1
182,172511642557386,train_oof,0,legitimate,0,legitimate,0.070424,0.929576,True,TN,1,-1,-1,-1,-1,1,1,1,0,0,-1
183,108622784641927,train_oof,1,phishing,1,phishing,0.719882,0.280118,True,TP,4,1,-1,1,-1,-1,1,1,0,-1,-1
185,19030167655009,train_oof,1,phishing,1,phishing,0.521058,0.478942,True,TP,1,1,-1,1,-1,-1,1,-1,0,0,-1
186,107419401141531,train_oof,0,legitimate,0,legitimate,0.056098,0.943902,True,TN,5,1,-1,1,-1,0,1,1,1,0,-1
188,14315247342451,train_oof,1,phishing,1,phishing,0.998729,0.001271,True,TP,1,-1,-1,-1,-1,0,-1,-1,-1,1,-1
189,181225496578086,train_oof,0,legitimate,0,legitimate,0.370992,0.629008,True,TN,5,1,-1,1,-1,0,1,1,0,0,-1
191,84420696279330,train_oof,1,phishing,1,phishing,0.684331,0.315669,True,TP,5,1,-1,1,-1,0,1,1,0,-1,-1
192,272926256143095,train_oof,0,legitimate,0,legitimate,0.014484,0.985516,True,TN,3,1,-1,1,1,1,-1,1,0,0,-1
194,105769633739399,train_oof,1,phishing,1,phishing,0.99841,0.00159,True,TP,3,1,-1,1,-1,-1,1,-1,-1,0,-1
195,10730058322014,train_oof,0,legitimate,0,legitimate,0.066168,0.933832,True,TN,1,-1,-1,-1,-1,0,1,1,0,0,-1
196,112715933182545,train_oof,0,legitimate,0,legitimate,0.123082,0.876918,True,TN,4,1,1,1,-1,0,1,1,0,-1,1
197,112051124819421,train_oof,1,phishing,1,phishing,0.920155,0.079845,True,TP,5,1,-1,1,-1,-1,1,1,-1,1,-1
198,139904118791575,train_oof,1,phishing,1,phishing,0.992375,0.007625,True,TP,4,1,-1,1,-1,0,1,1,-1,0,-1
199,191982607517428,train_oof,0,legitimate,0,legitimate,0.001687,0.998313,True,TN,3,1,-1,1,1,1,1,1,0,0,-1
200,125710956175943,train_oof,1,phishing,1,phishing,0.997219,0.002781,True,TP,1,1,-1,1,-1,0,1,-1,-1,-1,-1
202,166887571374981,train_oof,0,legitimate,0,legitimate,0.02478,0.97522,True,TN,5,1,-1,1,1,0,1,-1,0,0,-1
204,126452510532755,train_oof,1,phishing,1,phishing,0.655341,0.344659,True,TP,2,1,-1,1,-1,-1,1,1,0,-1,-1
205,61188438427968,train_oof,1,phishing,1,phishing,0.979791,0.020209,True,TP,3,-1,1,-1,-1,0,-1,1,-1,1,1
206,266541084150763,train_oof,0,legitimate,0,legitimate,0.195054,0.804946,True,TN,4,1,-1,1,-1,1,1,-1,0,0,-1
208,64709752265746,train_oof,0,legitimate,0,legitimate,0.013088,0.986912,True,TN,1,1,1,1,-1,1,1,1,0,0,1
209,33730620385024,train_oof,1,phishing,1,phishing,0.99841,0.00159,True,TP,3,1,-1,1,-1,-1,1,-1,-1,0,-1
210,16116224983262,train_oof,0,legitimate,0,legitimate,0.378182,0.621818,True,TN,4,1,-1,1,-1,0,1,-1,0,0,-1
211,236079982820482,train_oof,0,legitimate,0,legitimate,0.237215,0.762785,True,TN,2,-1,-1,-1,-1,0,1,-1,1,-1,-1
212,95673833443583,train_oof,0,legitimate,1,phishing,0.586441,0.413559,False,FP,2,1,-1,1,-1,-1,1,-1,0,0,-1
213,134362072647960,train_oof,0,legitimate,0,legitimate,0.128086,0.871914,True,TN,4,1,-1,1,-1,0,1,-1,1,0,-1
214,29970049917735,train_oof,0,legitimate,0,legitimate,0.053341,0.946659,True,TN,5,1,1,1,-1,-1,-1,1,1,0,1
215,124957366888746,train_oof,1,phishing,1,phishing,0.997358,0.002642,True,TP,3,1,-1,1,-1,0,1,-1,-1,1,-1
216,123482779996726,train_oof,0,legitimate,0,legitimate,0.117413,0.882587,True,TN,5,1,-1,1,-1,1,1,1,1,-1,-1
217,13546276689503,train_oof,0,legitimate,0,legitimate,0.406399,0.593601,True,TN,2,1,-1,1,-1,0,1,-1,0,0,-1
218,169604495178844,train_oof,1,phishing,0,legitimate,0.487318,0.512682,False,FN,5,1,-1,1,-1,-1,1,1,0,0,-1
219,251817802180651,train_oof,0,legitimate,0,legitimate,0.432337,0.567663,True,TN,4,1,-1,1,-1,1,1,1,0,-1,-1
220,87886240111578,train_oof,1,phishing,1,phishing,0.673601,0.326399,True,TP,4,1,-1,1,-1,0,1,-1,0,-1,-1
221,250974203773430,train_oof,0,legitimate,0,legitimate,0.042817,0.957183,True,TN,4,1,1,1,-1,1,-1,-1,0,0,1
222,252657480442137,train_oof,0,legitimate,0,legitimate,0.009893,0.990107,True,TN,5,1,-1,1,-1,1,1,1,1,0,-1
223,159852319682241,train_oof,1,phishing,1,phishing,0.984136,0.015864,True,TP,3,1,1,1,-1,0,1,1,-1,-1,1
224,250815004271621,train_oof,1,phishing,1,phishing,0.997219,0.002781,True,TP,1,1,-1,1,-1,0,1,-1,-1,-1,-1
225,7658486903091,train_oof,1,phishing,1,phishing,0.521058,0.478942,True,TP,1,1,-1,1,-1,-1,1,-1,0,0,-1
227,73320909612723,train_oof,0,legitimate,0,legitimate,0.048136,0.951864,True,TN,3,1,-1,1,-1,-1,-1,1,1,1,-1
228,155880620602685,train_oof,0,legitimate,0,legitimate,0.120687,0.879313,True,TN,5,-1,-1,-1,-1,1,-1,-1,0,1,-1
229,214603409049640,train_oof,1,phishing,1,phishing,0.521058,0.478942,True,TP,1,1,-1,1,-1,-1,1,-1,0,0,-1
231,25855553627920,train_oof,0,legitimate,0,legitimate,0.0,1.0,True,TN,2,1,-1,1,1,1,1,1,1,0,-1
232,57697046038404,train_oof,0,legitimate,0,legitimate,0.410616,0.589384,True,TN,5,1,-1,1,-1,0,-1,1,0,-1,-1
233,258401290901468,train_oof,0,legitimate,1,phishing,0.825405,0.174595,False,FP,2,1,-1,1,-1,-1,1,-1,0,-1,-1
234,264849604521799,train_oof,0,legitimate,0,legitimate,0.098749,0.901251,True,TN,2,-1,1,-1,-1,0,-1,-1,1,1,1
235,265854261891379,train_oof,0,legitimate,1,phishing,0.56813,0.43187,False,FP,5,1,-1,1,-1,-1,1,-1,0,0,-1
236,19030167655009,train_oof,0,legitimate,1,phishing,0.521058,0.478942,False,FP,1,1,-1,1,-1,-1,1,-1,0,0,-1
237,133707640833852,train_oof,0,legitimate,0,legitimate,0.00499,0.99501,True,TN,1,1,-1,1,1,-1,-1,1,0,1,-1
238,7647195511287,train_oof,0,legitimate,0,legitimate,0.002439,0.997561,True,TN,1,-1,-1,-1,1,1,1,-1,0,0,-1
239,7756065141180,train_oof,1,phishing,1,phishing,0.995707,0.004293,True,TP,1,1,-1,1,-1,0,1,-1,-1,0,-1
240,272456750246572,train_oof,0,legitimate,0,legitimate,0.206913,0.793087,True,TN,2,1,-1,1,-1,1,1,1,0,1,-1
242,200278661738560,train_oof,1,phishing,0,legitimate,0.15142,0.84858,False,FN,1,1,-1,1,-1,1,1,1,0,0,-1
243,234894571640399,train_oof,0,legitimate,0,legitimate,0.156762,0.843238,True,TN,3,1,-1,1,-1,1,1,1,1,-1,-1
244,195336112706119,train_oof,1,phishing,1,phishing,0.988756,0.011244,True,TP,1,1,-1,1,-1,-1,1,1,-1,-1,-1
245,165587927074066,train_oof,1,phishing,1,phishing,0.711065,0.288935,True,TP,3,1,-1,1,-1,0,1,1,0,-1,-1
246,159407060237049,train_oof,1,phishing,0,legitimate,0.079,0.921,False,FN,1,1,1,1,-1,1,1,1,0,1,1
247,194439105029365,train_oof,1,phishing,0,legitimate,0.170037,0.829963,False,FN,3,-1,1,-1,-1,-1,1,1,0,-1,1
249,95673833443583,train_oof,1,phishing,1,phishing,0.586441,0.413559,True,TP,2,1,-1,1,-1,-1,1,-1,0,0,-1
250,79521340179257,train_oof,1,phishing,1,phishing,0.998101,0.001899,True,TP,4,1,-1,1,-1,-1,1,-1,-1,0,-1
251,271011808123246,train_oof,1,phishing,1,phishing,0.976247,0.023753,True,TP,4,-1,-1,-1,-1,0,1,1,-1,1,-1
252,171397743022401,train_oof,0,legitimate,1,phishing,0.586441,0.413559,False,FP,2,1,-1,1,-1,-1,1,-1,0,0,-1
253,246516336997578,train_oof,0,legitimate,0,legitimate,0.005878,0.994122,True,TN,2,1,-1,1,1,-1,1,-1,1,0,-1
255,164926817965871,train_oof,0,legitimate,0,legitimate,0.214115,0.785885,True,TN,5,1,-1,1,-1,1,1,1,0,0,-1
257,228229847278552,train_oof,1,phishing,1,phishing,0.997358,0.002642,True,TP,3,1,-1,1,-1,0,1,-1,-1,1,-1
258,145650159033731,train_oof,0,legitimate,0,legitimate,0.132798,0.867202,True,TN,3,1,-1,1,-1,0,1,1,0,1,-1
259,260076037240575,train_oof,0,legitimate,0,legitimate,0.118059,0.881941,True,TN,5,1,-1,1,-1,0,1,1,0,1,-1
260,105215156759388,train_oof,0,legitimate,0,legitimate,0.045472,0.954528,True,TN,2,1,1,1,-1,0,-1,1,0,0,1
261,246889419809946,train_oof,0,legitimate,0,legitimate,0.010109,0.989891,True,TN,2,1,-1,1,-1,1,1,1,1,0,-1
263,13752893331115,train_oof,0,legitimate,0,legitimate,0.30068,0.69932,True,TN,3,1,-1,1,-1,-1,1,-1,0,1,-1
264,38009916879747,train_oof,1,phishing,1,phishing,0.988756,0.011244,True,TP,1,1,-1,1,-1,-1,1,1,-1,-1,-1
266,8468206900988,train_oof,1,phishing,0,legitimate,0.464662,0.535338,False,FN,3,1,-1,1,-1,-1,1,1,0,0,-1
267,107650994658502,train_oof,0,legitimate,0,legitimate,0.000864,0.999136,True,TN,4,1,-1,1,1,0,1,1,1,0,-1
269,214281045635454,train_oof,0,legitimate,0,legitimate,0.054975,0.945025,True,TN,1,-1,1,-1,1,0,1,1,0,-1,1
271,222740213071151,train_oof,0,legitimate,0,legitimate,0.059296,0.940704,True,TN,5,-1,1,-1,1,1,1,1,0,1,1
272,76307595973188,train_oof,0,legitimate,0,legitimate,0.065057,0.934943,True,TN,1,1,-1,1,-1,0,-1,-1,1,0,-1
273,137390914588571,train_oof,0,legitimate,0,legitimate,0.294377,0.705623,True,TN,3,1,-1,1,-1,-1,-1,1,0,-1,-1
276,87667459162774,train_oof,0,legitimate,0,legitimate,0.376627,0.623373,True,TN,2,1,-1,1,-1,1,-1,-1,0,1,-1
277,165263776214960,train_oof,0,legitimate,0,legitimate,0.081553,0.918447,True,TN,2,1,-1,1,-1,0,1,1,0,1,-1
278,276744166833421,train_oof,1,phishing,1,phishing,0.76924,0.23076,True,TP,4,1,-1,1,-1,-1,1,-1,1,-1,-1
279,273138543164537,train_oof,0,legitimate,0,legitimate,0.004413,0.995587,True,TN,2,1,-1,1,-1,1,1,1,1,1,-1
280,75824278975318,train_oof,0,legitimate,0,legitimate,0.291892,0.708108,True,TN,3,1,-1,1,-1,1,-1,-1,0,0,-1
282,217231340510817,train_oof,0,legitimate,0,legitimate,0.214115,0.785885,True,TN,5,1,-1,1,-1,1,1,1,0,0,-1
283,180154636165475,train_oof,0,legitimate,0,legitimate,0.042078,0.957922,True,TN,5,-1,1,-1,1,1,1,-1,0,1,1
284,93270805312976,train_oof,1,phishing,1,phishing,0.800515,0.199485,True,TP,3,1,-1,1,-1,-1,1,-1,0,-1,-1
285,217974323429166,train_oof,1,phishing,0,legitimate,0.095102,0.904898,False,FN,3,1,-1,1,-1,-1,1,1,0,1,-1
286,127302044538242,train_oof,1,phishing,1,phishing,0.998694,0.001306,True,TP,2,1,-1,1,-1,0,1,-1,-1,0,-1
287,205067003915294,train_oof,0,legitimate,0,legitimate,0.042799,0.957201,True,TN,4,1,-1,1,-1,-1,1,1,1,1,-1
288,64769748565186,train_oof,0,legitimate,0,legitimate,0.270682,0.729318,True,TN,3,1,-1,1,-1,1,1,1,0,1,-1
290,18490788926460,train_oof,0,legitimate,0,legitimate,0.042799,0.957201,True,TN,4,1,-1,1,-1,-1,1,1,1,1,-1
291,202141804945351,train_oof,0,legitimate,0,legitimate,0.014219,0.985781,True,TN,5,-1,1,-1,1,0,1,1,1,1,1
292,41339564736780,train_oof,0,legitimate,0,legitimate,0.04937,0.95063,True,TN,2,1,-1,1,-1,1,-1,1,1,0,-1
294,96815702278753,train_oof,0,legitimate,0,legitimate,0.003363,0.996637,True,TN,3,1,-1,1,1,-1,-1,-1,1,0,-1
295,115933150210654,train_oof,0,legitimate,0,legitimate,0.487318,0.512682,True,TN,5,1,-1,1,-1,-1,1,1,0,0,-1
296,180929105092360,train_oof,0,legitimate,0,legitimate,0.28966,0.71034,True,TN,5,1,1,1,-1,-1,1,1,0,1,1
297,78770632770969,train_oof,1,phishing,1,phishing,0.998384,0.001616,True,TP,3,1,-1,1,-1,0,1,-1,-1,-1,-1
298,272028112656374,train_oof,0,legitimate,0,legitimate,0.232883,0.767117,True,TN,2,1,-1,1,-1,-1,-1,1,0,-1,-1
299,164996709247405,train_oof,1,phishing,1,phishing,0.61656,0.38344,True,TP,2,1,-1,1,-1,0,1,-1,0,-1,-1
301,66064651363780,train_oof,1,phishing,1,phishing,0.997331,0.002669,True,TP,3,1,-1,1,-1,0,1,1,-1,-1,-1
302,72910463609934,train_oof,0,legitimate,0,legitimate,0.177399,0.822601,True,TN,3,1,-1,1,-1,1,-1,1,0,1,-1
304,233975370908420,train_oof,0,legitimate,0,legitimate,0.408108,0.591892,True,TN,3,1,-1,1,-1,0,1,-1,0,0,-1
305,165491335644701,train_oof,0,legitimate,0,legitimate,0.059242,0.940758,True,TN,5,1,1,1,-1,0,-1,1,0,0,1
306,4291978214006,train_oof,0,legitimate,0,legitimate,0.003847,0.996153,True,TN,1,1,-1,1,-1,1,1,1,1,1,-1
307,2411078265100,train_oof,0,legitimate,0,legitimate,0.15154,0.84846,True,TN,1,1,-1,1,-1,-1,1,-1,1,1,-1
308,88141711169728,train_oof,0,legitimate,0,legitimate,0.374259,0.625741,True,TN,5,1,-1,1,-1,-1,1,-1,0,1,-1
309,69513358642819,train_oof,0,legitimate,0,legitimate,0.464662,0.535338,True,TN,3,1,-1,1,-1,-1,1,1,0,0,-1
310,81076016000307,train_oof,0,legitimate,0,legitimate,0.179128,0.820872,True,TN,5,1,-1,1,-1,1,-1,1,0,-1,-1
311,42929273379283,train_oof,1,phishing,1,phishing,0.993757,0.006243,True,TP,2,1,-1,1,-1,0,-1,1,-1,0,-1
312,90417401487512,train_oof,1,phishing,0,legitimate,0.487318,0.512682,False,FN,5,1,-1,1,-1,-1,1,1,0,0,-1
313,24872384442963,train_oof,0,legitimate,1,phishing,0.529606,0.470394,False,FP,4,1,-1,1,-1,-1,1,-1,0,0,-1
314,113316551990744,train_oof,0,legitimate,0,legitimate,0.20778,0.79222,True,TN,1,1,1,1,-1,-1,1,1,0,0,1
315,70108853955761,train_oof,1,phishing,1,phishing,0.998101,0.001899,True,TP,4,1,-1,1,-1,-1,1,-1,-1,0,-1
316,176331023360504,train_oof,1,phishing,1,phishing,0.986814,0.013186,True,TP,2,1,-1,1,-1,1,1,1,-1,0,-1
317,154130890173267,train_oof,0,legitimate,0,legitimate,0.259419,0.740581,True,TN,3,1,-1,1,-1,1,1,-1,0,0,-1
319,239457194575655,train_oof,1,phishing,1,phishing,0.643159,0.356841,True,TP,2,1,-1,1,-1,0,1,1,0,-1,-1
320,135379329808932,train_oof,0,legitimate,0,legitimate,0.108521,0.891479,True,TN,3,-1,-1,-1,-1,-1,1,-1,0,0,-1
322,129957485245559,train_oof,0,legitimate,0,legitimate,0.117215,0.882785,True,TN,3,1,-1,1,-1,1,-1,-1,1,-1,-1
323,83181608023828,train_oof,0,legitimate,0,legitimate,0.010109,0.989891,True,TN,2,1,-1,1,-1,1,1,1,1,0,-1
324,252828565782666,train_oof,0,legitimate,0,legitimate,0.36085,0.63915,True,TN,4,-1,-1,-1,-1,0,1,1,0,-1,-1
325,50491474797223,train_oof,0,legitimate,0,legitimate,0.004956,0.995044,True,TN,4,1,-1,1,1,-1,1,-1,1,0,-1
326,210998461425762,train_oof,1,phishing,1,phishing,0.989554,0.010446,True,TP,5,1,1,1,-1,0,1,-1,-1,0,1
327,44967159588298,train_oof,1,phishing,1,phishing,0.982217,0.017783,True,TP,2,-1,1,-1,-1,0,1,1,-1,1,1
328,67070144890196,train_oof,1,phishing,1,phishing,0.825405,0.174595,True,TP,2,1,-1,1,-1,-1,1,-1,0,-1,-1
329,173056376330550,train_oof,0,legitimate,0,legitimate,0.28966,0.71034,True,TN,5,1,1,1,-1,-1,1,1,0,1,1
330,70778526749387,train_oof,0,legitimate,0,legitimate,0.339,0.661,True,TN,5,1,1,1,-1,-1,-1,1,0,1,1
331,208270047326683,train_oof,0,legitimate,0,legitimate,0.309924,0.690076,True,TN,5,-1,-1,-1,-1,0,1,-1,1,-1,-1
332,169249335573505,train_oof,0,legitimate,0,legitimate,0.006872,0.993128,True,TN,4,1,-1,1,1,-1,-1,1,1,0,-1
333,27280603199551,train_oof,0,legitimate,0,legitimate,0.195778,0.804222,True,TN,4,1,-1,1,-1,1,1,1,0,1,-1
334,227959881691898,train_oof,1,phishing,1,phishing,0.995176,0.004824,True,TP,2,1,1,1,-1,-1,1,1,-1,-1,1
335,55529484674520,train_oof,1,phishing,1,phishing,0.986177,0.013823,True,TP,5,1,-1,1,-1,1,1,-1,-1,-1,-1
336,277356241865071,train_oof,0,legitimate,0,legitimate,0.466414,0.533586,True,TN,1,1,-1,1,-1,1,1,1,0,-1,-1
337,48423560327338,train_oof,1,phishing,1,phishing,0.998694,0.001306,True,TP,2,1,-1,1,-1,0,1,-1,-1,0,-1
338,76901666963801,train_oof,1,phishing,1,phishing,0.56813,0.43187,True,TP,5,1,-1,1,-1,-1,1,-1,0,0,-1
339,248444435556250,train_oof,0,legitimate,0,legitimate,0.236957,0.763043,True,TN,1,-1,1,-1,-1,1,1,1,0,-1,1
340,3168803743420,train_oof,0,legitimate,1,phishing,0.503784,0.496216,False,FP,1,1,-1,1,-1,-1,-1,1,0,0,-1
341,17040981443169,train_oof,0,legitimate,0,legitimate,0.007763,0.992237,True,TN,5,1,-1,1,-1,1,-1,1,1,1,-1
342,192718619091663,train_oof,0,legitimate,0,legitimate,0.066857,0.933143,True,TN,5,1,1,1,-1,1,1,1,0,0,1
343,210079436122250,train_oof,0,legitimate,0,legitimate,0.214679,0.785321,True,TN,4,1,-1,1,-1,1,1,-1,1,-1,-1
344,237403709922775,train_oof,0,legitimate,0,legitimate,0.298335,0.701665,True,TN,4,1,-1,1,-1,0,1,-1,0,1,-1
345,278796867908601,train_oof,0,legitimate,0,legitimate,0.04276,0.95724,True,TN,5,1,1,1,-1,-1,1,1,1,1,1
346,225285578994951,train_oof,1,phishing,1,phishing,0.898675,0.101325,True,TP,2,1,1,1,-1,-1,-1,1,-1,1,1
347,167876179566418,train_oof,0,legitimate,0,legitimate,0.068166,0.931834,True,TN,2,1,-1,1,-1,0,1,1,1,0,-1
348,55324702012950,train_oof,0,legitimate,0,legitimate,0.010987,0.989013,True,TN,3,1,-1,1,1,1,-1,1,0,1,-1
349,189273856600331,train_oof,0,legitimate,1,phishing,0.665957,0.334043,False,FP,5,1,-1,1,-1,0,1,-1,0,-1,-1
350,187298065944582,train_oof,1,phishing,1,phishing,0.912514,0.087486,True,TP,2,1,-1,1,-1,0,-1,1,-1,1,-1
351,244296496732059,train_oof,0,legitimate,0,legitimate,0.448565,0.551435,True,TN,4,1,-1,1,-1,-1,1,1,1,-1,-1
353,100606933957636,train_oof,0,legitimate,0,legitimate,0.308932,0.691068,True,TN,2,1,-1,1,-1,0,1,-1,0,1,-1
354,83525070164108,train_oof,0,legitimate,0,legitimate,0.163043,0.836957,True,TN,3,1,-1,1,-1,-1,1,1,1,0,-1
356,100149767197795,train_oof,0,legitimate,0,legitimate,0.081553,0.918447,True,TN,2,1,-1,1,-1,0,1,1,0,1,-1
357,37313912525184,train_oof,0,legitimate,0,legitimate,0.005682,0.994318,True,TN,1,1,-1,1,1,0,1,1,0,0,-1
359,3772661840514,train_oof,0,legitimate,1,phishing,0.690607,0.309393,False,FP,2,1,-1,1,-1,-1,-1,-1,0,0,-1
360,239665449775266,train_oof,1,phishing,1,phishing,0.986591,0.013409,True,TP,5,1,-1,1,-1,-1,1,1,-1,-1,-1
361,276061931044441,train_oof,1,phishing,1,phishing,0.99884,0.00116,True,TP,5,1,-1,1,-1,-1,1,-1,-1,-1,-1
362,193469953377112,train_oof,0,legitimate,0,legitimate,0.140293,0.859707,True,TN,4,1,-1,1,-1,-1,-1,-1,1,0,-1
363,1485319163661,train_oof,1,phishing,1,phishing,0.999312,0.000688,True,TP,4,1,-1,1,-1,-1,1,-1,-1,-1,-1
364,181225496578086,train_oof,0,legitimate,0,legitimate,0.370992,0.629008,True,TN,5,1,-1,1,-1,0,1,1,0,0,-1
365,92208466412000,train_oof,0,legitimate,0,legitimate,0.23676,0.76324,True,TN,1,-1,-1,-1,-1,-1,1,1,0,-1,-1
368,106112546748125,train_oof,1,phishing,1,phishing,0.971209,0.028791,True,TP,2,-1,-1,-1,-1,-1,-1,1,-1,1,-1
369,254150877405119,train_oof,1,phishing,1,phishing,0.945702,0.054298,True,TP,3,1,-1,1,-1,-1,1,1,-1,0,-1
370,143650810940036,train_oof,0,legitimate,0,legitimate,0.000771,0.999229,True,TN,2,1,-1,1,1,1,1,-1,1,0,-1
371,234796561965900,train_oof,0,legitimate,0,legitimate,0.232429,0.767571,True,TN,2,1,-1,1,-1,1,1,1,0,0,-1
372,235826852613829,train_oof,1,phishing,1,phishing,0.997842,0.002158,True,TP,5,1,-1,1,-1,-1,1,-1,-1,0,-1
373,32964344373214,train_oof,0,legitimate,0,legitimate,0.181297,0.818703,True,TN,4,1,-1,1,-1,1,1,1,1,-1,-1
374,215584948144521,train_oof,1,phishing,1,phishing,0.99841,0.00159,True,TP,3,1,-1,1,-1,-1,1,-1,-1,0,-1
377,188564306874655,train_oof,1,phishing,1,phishing,0.99786,0.00214,True,TP,3,-1,-1,-1,-1,0,-1,-1,-1,1,-1
378,46444385670026,train_oof,0,legitimate,0,legitimate,0.000942,0.999058,True,TN,5,-1,-1,-1,1,1,1,1,0,0,-1
379,203020745271748,train_oof,0,legitimate,1,phishing,0.53712,0.46288,False,FP,1,1,-1,1,-1,-1,1,1,0,0,-1
380,72303381539385,train_oof,0,legitimate,0,legitimate,0.023429,0.976571,True,TN,3,1,-1,1,-1,0,1,1,1,1,-1
381,244296496732059,train_oof,0,legitimate,0,legitimate,0.448565,0.551435,True,TN,4,1,-1,1,-1,-1,1,1,1,-1,-1
382,185543848003827,train_oof,1,phishing,1,phishing,0.996928,0.003072,True,TP,1,1,-1,1,-1,-1,-1,-1,-1,-1,-1
383,257013174264376,train_oof,1,phishing,0,legitimate,0.30121,0.69879,False,FN,5,1,-1,1,-1,0,1,-1,0,1,-1
384,122045852124301,train_oof,1,phishing,0,legitimate,0.370992,0.629008,False,FN,5,1,-1,1,-1,0,1,1,0,0,-1
385,138836020611611,train_oof,0,legitimate,0,legitimate,0.115043,0.884957,True,TN,4,-1,-1,-1,-1,-1,1,-1,1,1,-1
387,276282171262812,train_oof,0,legitimate,0,legitimate,0.347088,0.652912,True,TN,1,1,-1,1,-1,0,1,-1,0,0,-1
388,260407473919436,train_oof,0,legitimate,0,legitimate,0.003003,0.996997,True,TN,4,1,-1,1,-1,1,1,1,1,1,-1
389,266455335518017,train_oof,1,phishing,1,phishing,0.76924,0.23076,True,TP,4,1,-1,1,-1,-1,1,-1,1,-1,-1
390,160755451419968,train_oof,1,phishing,1,phishing,0.949742,0.050258,True,TP,3,1,-1,1,-1,0,-1,1,-1,1,-1
391,67330268128484,train_oof,0,legitimate,0,legitimate,0.214679,0.785321,True,TN,4,1,-1,1,-1,1,1,-1,1,-1,-1
392,110212544814866,train_oof,0,legitimate,0,legitimate,0.200547,0.799453,True,TN,5,-1,1,-1,-1,0,1,1,0,0,1
393,176844110686213,train_oof,1,phishing,1,phishing,0.999076,0.000924,True,TP,2,1,-1,1,-1,-1,1,-1,-1,0,-1
394,197387128500826,train_oof,0,legitimate,0,legitimate,0.235943,0.764057,True,TN,3,1,-1,1,-1,1,-1,1,0,-1,-1
395,190812442056573,train_oof,0,legitimate,0,legitimate,0.030314,0.969686,True,TN,4,1,-1,1,-1,1,-1,1,1,0,-1
396,51938782160101,train_oof,0,legitimate,0,legitimate,0.002569,0.997431,True,TN,2,1,-1,1,1,0,1,-1,1,0,-1
398,15446531257890,train_oof,0,legitimate,0,legitimate,0.298335,0.701665,True,TN,4,1,-1,1,-1,0,1,-1,0,1,-1
399,56245142814942,train_oof,0,legitimate,0,legitimate,0.212628,0.787372,True,TN,4,1,-1,1,-1,1,1,1,0,0,-1
400,131529000409963,train_oof,0,legitimate,0,legitimate,0.305893,0.694107,True,TN,4,1,-1,1,-1,0,1,1,0,0,-1
403,176804669310155,train_oof,0,legitimate,0,legitimate,0.043853,0.956147,True,TN,1,1,-1,1,1,-1,-1,-1,1,-1,-1
404,192718619091663,train_oof,0,legitimate,0,legitimate,0.066857,0.933143,True,TN,5,1,1,1,-1,1,1,1,0,0,1
405,234031656444700,train_oof,0,legitimate,0,legitimate,0.00046,0.99954,True,TN,1,1,-1,1,1,0,1,1,1,1,-1
406,1959149834071,train_oof,0,legitimate,0,legitimate,0.068166,0.931834,True,TN,2,1,-1,1,-1,0,1,1,1,0,-1
407,216228823859451,train_oof,0,legitimate,1,phishing,0.503784,0.496216,False,FP,1,1,-1,1,-1,-1,-1,1,0,0,-1
409,177710473282856,train_oof,0,legitimate,0,legitimate,0.460925,0.539075,True,TN,3,1,-1,1,-1,1,1,1,0,-1,-1
412,82979054303689,train_oof,0,legitimate,0,legitimate,0.006433,0.993567,True,TN,3,1,-1,1,1,-1,1,1,0,0,-1
413,96624240478627,train_oof,0,legitimate,0,legitimate,0.004956,0.995044,True,TN,4,1,-1,1,1,-1,1,-1,1,0,-1
414,189374293510849,train_oof,1,phishing,1,phishing,0.825405,0.174595,True,TP,2,1,-1,1,-1,-1,1,-1,0,-1,-1
415,181113906803775,train_oof,1,phishing,1,phishing,0.991114,0.008886,True,TP,4,1,-1,1,-1,-1,1,1,-1,-1,-1
416,214582424330024,train_oof,1,phishing,1,phishing,0.678846,0.321154,True,TP,5,1,-1,1,-1,-1,1,1,0,-1,-1
417,182794052329867,train_oof,1,phishing,1,phishing,0.825405,0.174595,True,TP,2,1,-1,1,-1,-1,1,-1,0,-1,-1
419,160004865310625,train_oof,1,phishing,1,phishing,0.997005,0.002995,True,TP,3,-1,-1,-1,-1,0,1,-1,-1,1,-1
420,90566648281566,train_oof,1,phishing,1,phishing,0.967021,0.032979,True,TP,3,-1,-1,-1,-1,-1,-1,1,-1,1,-1
421,21897902208269,train_oof,1,phishing,1,phishing,0.999577,0.000423,True,TP,2,1,-1,1,-1,-1,1,-1,-1,-1,-1
422,188520242929200,train_oof,0,legitimate,0,legitimate,0.301704,0.698296,True,TN,2,1,-1,1,-1,1,1,-1,0,1,-1
423,251817802180651,train_oof,0,legitimate,0,legitimate,0.432337,0.567663,True,TN,4,1,-1,1,-1,1,1,1,0,-1,-1
425,32436960238556,train_oof,1,phishing,0,legitimate,0.464662,0.535338,False,FN,3,1,-1,1,-1,-1,1,1,0,0,-1
426,219816725973514,train_oof,1,phishing,1,phishing,0.941951,0.058049,True,TP,5,1,1,1,-1,-1,1,1,-1,0,1
427,224180390217346,train_oof,0,legitimate,1,phishing,0.701071,0.298929,False,FP,4,1,-1,1,-1,0,1,1,0,-1,-1
428,148538945942139,train_oof,0,legitimate,0,legitimate,0.19832,0.80168,True,TN,1,1,-1,1,-1,1,-1,-1,0,1,-1
429,162895151856908,train_oof,0,legitimate,1,phishing,0.665957,0.334043,False,FP,5,1,-1,1,-1,0,1,-1,0,-1,-1
430,173475479016180,train_oof,0,legitimate,0,legitimate,0.252304,0.747696,True,TN,2,1,-1,1,-1,1,1,-1,0,0,-1
432,224427008371916,train_oof,0,legitimate,1,phishing,0.524519,0.475481,False,FP,5,1,-1,1,-1,0,1,-1,1,-1,-1
433,80868154911754,train_oof,0,legitimate,0,legitimate,0.093235,0.906765,True,TN,1,1,-1,1,-1,-1,-1,1,0,1,-1
435,222367002797894,train_oof,0,legitimate,0,legitimate,0.010524,0.989476,True,TN,2,-1,-1,-1,1,-1,1,-1,1,1,-1
436,57933009505623,train_oof,1,phishing,1,phishing,0.998694,0.001306,True,TP,2,1,-1,1,-1,0,1,-1,-1,0,-1
438,185366707618468,train_oof,0,legitimate,0,legitimate,0.200136,0.799864,True,TN,2,-1,-1,-1,-1,-1,1,1,1,-1,-1
439,178141775293162,train_oof,0,legitimate,0,legitimate,0.315505,0.684495,True,TN,4,1,-1,1,-1,0,-1,1,1,-1,-1
443,10427190633633,train_oof,0,legitimate,0,legitimate,0.487318,0.512682,True,TN,5,1,-1,1,-1,-1,1,1,0,0,-1
444,185651824966135,train_oof,1,phishing,1,phishing,0.997934,0.002066,True,TP,4,1,-1,1,-1,0,1,1,-1,-1,-1
445,222272817729771,train_oof,0,legitimate,1,phishing,0.53712,0.46288,False,FP,1,1,-1,1,-1,-1,1,1,0,0,-1
446,197663003313425,train_oof,1,phishing,1,phishing,0.58005,0.41995,True,TP,1,1,-1,1,-1,1,1,-1,0,-1,-1
447,35867422128159,train_oof,0,legitimate,0,legitimate,0.00166,0.99834,True,TN,2,-1,-1,-1,1,-1,1,1,0,0,-1
448,203020745271748,train_oof,1,phishing,1,phishing,0.53712,0.46288,True,TP,1,1,-1,1,-1,-1,1,1,0,0,-1
449,36389520962394,train_oof,1,phishing,1,phishing,0.991641,0.008359,True,TP,5,1,1,1,-1,-1,1,1,-1,-1,1
450,226910940325267,train_oof,0,legitimate,0,legitimate,0.308932,0.691068,True,TN,2,1,-1,1,-1,0,1,-1,0,1,-1
451,193309304141292,train_oof,1,phishing,1,phishing,0.992646,0.007354,True,TP,1,1,-1,1,-1,0,-1,-1,-1,-1,-1
452,103710942102591,train_oof,1,phishing,1,phishing,0.937638,0.062362,True,TP,3,-1,1,-1,-1,-1,1,1,-1,-1,1
454,26377662789777,train_oof,1,phishing,1,phishing,0.998694,0.001306,True,TP,2,1,-1,1,-1,0,1,-1,-1,0,-1
455,210302711468717,train_oof,0,legitimate,0,legitimate,0.005353,0.994647,True,TN,3,1,-1,1,-1,1,1,1,1,1,-1
457,10316250118962,train_oof,0,legitimate,0,legitimate,0.000367,0.999633,True,TN,2,1,-1,1,1,0,1,1,1,1,-1
458,278142529864792,train_oof,1,phishing,1,phishing,0.976511,0.023489,True,TP,1,1,-1,1,-1,-1,-1,1,-1,0,-1
459,25589422353485,train_oof,1,phishing,1,phishing,0.99742,0.00258,True,TP,3,1,-1,1,-1,0,1,1,-1,0,-1
460,280560351970016,train_oof,1,phishing,1,phishing,0.993588,0.006412,True,TP,2,1,1,1,-1,0,1,1,-1,0,1
461,171240462699987,train_oof,1,phishing,1,phishing,0.800515,0.199485,True,TP,3,1,-1,1,-1,-1,1,-1,0,-1,-1
462,266902090232703,train_oof,0,legitimate,0,legitimate,0.029672,0.970328,True,TN,5,1,-1,1,-1,1,-1,-1,1,0,-1
463,48210565761704,train_oof,0,legitimate,0,legitimate,0.024683,0.975317,True,TN,5,1,1,1,-1,-1,1,1,0,0,1
465,228708606274816,train_oof,0,legitimate,1,phishing,0.53712,0.46288,False,FP,1,1,-1,1,-1,-1,1,1,0,0,-1
466,21897902208269,train_oof,1,phishing,1,phishing,0.999577,0.000423,True,TP,2,1,-1,1,-1,-1,1,-1,-1,-1,-1
467,68856380544828,train_oof,1,phishing,1,phishing,0.992375,0.007625,True,TP,4,1,-1,1,-1,0,1,1,-1,0,-1
468,111665459761913,train_oof,0,legitimate,0,legitimate,0.272261,0.727739,True,TN,3,1,1,1,-1,-1,-1,1,0,1,1
469,177559935262671,train_oof,0,legitimate,0,legitimate,0.049122,0.950878,True,TN,1,1,1,1,-1,0,1,1,0,0,1
470,5263842482901,train_oof,1,phishing,1,phishing,0.996426,0.003574,True,TP,3,1,1,1,-1,0,1,1,-1,0,1
471,35627557805917,train_oof,1,phishing,1,phishing,0.990247,0.009753,True,TP,3,1,-1,1,-1,-1,1,1,-1,-1,-1
473,156328819672092,train_oof,0,legitimate,0,legitimate,0.195778,0.804222,True,TN,4,1,-1,1,-1,1,1,1,0,1,-1
474,119968496662048,train_oof,1,phishing,1,phishing,0.986591,0.013409,True,TP,5,1,-1,1,-1,-1,1,1,-1,-1,-1
475,234686457213454,train_oof,1,phishing,1,phishing,0.946999,0.053001,True,TP,4,-1,1,-1,-1,-1,1,1,-1,0,1
476,145348876416225,train_oof,1,phishing,1,phishing,0.993912,0.006088,True,TP,1,1,1,1,-1,-1,1,1,-1,-1,1
477,186620934792476,train_oof,1,phishing,1,phishing,0.995747,0.004253,True,TP,4,1,-1,1,-1,0,1,-1,-1,1,-1
478,214621055579283,train_oof,1,phishing,1,phishing,0.996958,0.003042,True,TP,1,-1,-1,-1,-1,-1,-1,-1,-1,1,-1
479,67003908841534,train_oof,1,phishing,0,legitimate,0.13588,0.86412,False,FN,2,-1,1,-1,-1,1,1,1,0,0,1
480,260407473919436,train_oof,0,legitimate,0,legitimate,0.003003,0.996997,True,TN,4,1,-1,1,-1,1,1,1,1,1,-1
481,164860058939196,train_oof,1,phishing,1,phishing,0.996056,0.003944,True,TP,3,1,1,1,-1,-1,1,1,-1,-1,1
482,115512676583913,train_oof,1,phishing,1,phishing,0.999691,0.000309,True,TP,4,1,-1,1,-1,0,1,-1,-1,-1,-1
483,85506858040510,train_oof,1,phishing,0,legitimate,0.451383,0.548617,False,FN,4,1,-1,1,-1,-1,1,1,0,0,-1
484,165022614842712,train_oof,0,legitimate,0,legitimate,0.29386,0.70614,True,TN,3,1,-1,1,-1,0,1,-1,0,1,-1
485,270684079569013,train_oof,1,phishing,1,phishing,0.99362,0.00638,True,TP,1,1,1,1,-1,0,1,1,-1,0,1
486,47823532385823,train_oof,0,legitimate,0,legitimate,0.432345,0.567655,True,TN,5,1,-1,1,-1,0,1,-1,0,0,-1
487,129686357395745,train_oof,1,phishing,0,legitimate,0.325018,0.674982,False,FN,2,1,-1,1,-1,0,1,1,0,0,-1
488,129235865964167,train_oof,0,legitimate,0,legitimate,0.019155,0.980845,True,TN,2,1,1,1,-1,1,1,1,1,-1,1
489,180668794754342,train_oof,0,legitimate,1,phishing,0.503784,0.496216,False,FP,1,1,-1,1,-1,-1,-1,1,0,0,-1
491,141806333305434,train_oof,0,legitimate,0,legitimate,0.112818,0.887182,True,TN,3,-1,-1,-1,-1,0,1,1,0,1,-1
492,71744767280038,train_oof,1,phishing,0,legitimate,0.199181,0.800819,False,FN,4,1,1,1,-1,-1,1,1,0,1,1
493,78770632770969,train_oof,1,phishing,1,phishing,0.998384,0.001616,True,TP,3,1,-1,1,-1,0,1,-1,-1,-1,-1
494,230635046042612,train_oof,0,legitimate,0,legitimate,0.408108,0.591892,True,TN,3,1,-1,1,-1,0,1,-1,0,0,-1
495,262294101939178,train_oof,1,phishing,1,phishing,0.997934,0.002066,True,TP,4,1,-1,1,-1,0,1,1,-1,-1,-1
496,191561876750493,train_oof,0,legitimate,0,legitimate,0.1541,0.8459,True,TN,3,-1,-1,-1,-1,0,1,-1,0,1,-1
497,74590243246455,train_oof,0,legitimate,1,phishing,0.529606,0.470394,False,FP,4,1,-1,1,-1,-1,1,-1,0,0,-1
498,132834875050455,train_oof,1,phishing,1,phishing,0.99884,0.00116,True,TP,5,1,-1,1,-1,-1,1,-1,-1,-1,-1
499,257713174398257,train_oof,0,legitimate,0,legitimate,0.432345,0.567655,True,TN,5,1,-1,1,-1,0,1,-1,0,0,-1
501,42644859733643,train_oof,0,legitimate,0,legitimate,0.003139,0.996861,True,TN,5,1,1,1,1,0,1,1,1,-1,1
502,15606686114861,train_oof,0,legitimate,1,phishing,0.678846,0.321154,False,FP,5,1,-1,1,-1,-1,1,1,0,-1,-1
504,208550477774012,train_oof,0,legitimate,0,legitimate,0.487318,0.512682,True,TN,5,1,-1,1,-1,-1,1,1,0,0,-1
505,278820586345719,train_oof,0,legitimate,0,legitimate,2.7e-05,0.999973,True,TN,3,-1,-1,-1,1,1,1,1,1,0,-1
506,192103850902843,train_oof,0,legitimate,0,legitimate,0.039046,0.960954,True,TN,2,1,-1,1,-1,0,-1,1,1,1,-1
507,70671831900937,train_oof,0,legitimate,0,legitimate,0.003235,0.996765,True,TN,3,1,1,1,1,-1,1,1,1,0,1
509,171806038053626,train_oof,0,legitimate,0,legitimate,0.078806,0.921194,True,TN,4,1,-1,1,-1,1,-1,1,0,-1,-1
510,122355779445913,train_oof,0,legitimate,0,legitimate,0.106775,0.893225,True,TN,2,1,-1,1,-1,0,-1,-1,1,1,-1
511,108032215942148,train_oof,0,legitimate,0,legitimate,0.06482,0.93518,True,TN,2,1,1,1,-1,0,1,1,0,0,1
512,259914754708903,train_oof,1,phishing,1,phishing,0.529606,0.470394,True,TP,4,1,-1,1,-1,-1,1,-1,0,0,-1
513,145238212261053,train_oof,0,legitimate,0,legitimate,0.259419,0.740581,True,TN,3,1,-1,1,-1,1,1,-1,0,0,-1
514,269784362356651,train_oof,1,phishing,1,phishing,0.948149,0.051851,True,TP,1,1,1,1,-1,0,1,1,-1,1,1
515,76301897762719,train_oof,1,phishing,1,phishing,0.999106,0.000894,True,TP,5,1,-1,1,-1,0,1,-1,-1,-1,-1
517,113947877294331,train_oof,0,legitimate,0,legitimate,0.031536,0.968464,True,TN,4,1,1,1,-1,-1,1,1,1,1,1
519,36153617683680,train_oof,1,phishing,1,phishing,0.998101,0.001899,True,TP,4,1,-1,1,-1,-1,1,-1,-1,0,-1
522,222231400045279,train_oof,1,phishing,0,legitimate,0.114067,0.885933,False,FN,1,1,-1,1,-1,1,1,-1,0,0,-1
523,177667563306617,train_oof,0,legitimate,0,legitimate,0.02261,0.97739,True,TN,2,1,-1,1,1,1,1,1,0,-1,-1
524,212655565604735,train_oof,0,legitimate,0,legitimate,0.163043,0.836957,True,TN,3,1,-1,1,-1,-1,1,1,1,0,-1
525,212655565604735,train_oof,0,legitimate,0,legitimate,0.163043,0.836957,True,TN,3,1,-1,1,-1,-1,1,1,1,0,-1
526,111966057077015,train_oof,1,phishing,0,legitimate,0.305893,0.694107,False,FN,4,1,-1,1,-1,0,1,1,0,0,-1
527,103051301771923,train_oof,0,legitimate,0,legitimate,0.187228,0.812772,True,TN,5,1,-1,1,-1,-1,1,1,1,0,-1
528,146951441728078,train_oof,0,legitimate,0,legitimate,0.003814,0.996186,True,TN,2,1,1,1,1,-1,-1,1,1,-1,1
530,51820817194534,train_oof,1,phishing,1,phishing,0.719882,0.280118,True,TP,4,1,-1,1,-1,-1,1,1,0,-1,-1
531,76301897762719,train_oof,1,phishing,1,phishing,0.999106,0.000894,True,TP,5,1,-1,1,-1,0,1,-1,-1,-1,-1
532,222495266229423,train_oof,1,phishing,1,phishing,0.9992,0.0008,True,TP,3,1,-1,1,-1,-1,1,-1,-1,-1,-1
533,17328452149405,train_oof,1,phishing,1,phishing,0.997383,0.002617,True,TP,1,1,-1,1,-1,-1,-1,-1,-1,0,-1
534,85044023179692,train_oof,1,phishing,1,phishing,0.986884,0.013116,True,TP,5,1,1,1,-1,0,1,-1,-1,-1,1
535,56245142814942,train_oof,0,legitimate,0,legitimate,0.212628,0.787372,True,TN,4,1,-1,1,-1,1,1,1,0,0,-1
536,9908587013651,train_oof,0,legitimate,0,legitimate,0.027017,0.972983,True,TN,4,1,-1,1,-1,0,1,1,1,1,-1
537,236553749793484,train_oof,0,legitimate,0,legitimate,0.15142,0.84858,True,TN,1,1,-1,1,-1,1,1,1,0,0,-1
538,165536150175472,train_oof,0,legitimate,0,legitimate,0.000356,0.999644,True,TN,2,1,1,1,1,1,1,1,1,0,1
539,3856638447501,train_oof,1,phishing,1,phishing,0.96557,0.03443,True,TP,2,-1,-1,-1,-1,-1,1,1,-1,-1,-1
540,95532913603964,train_oof,1,phishing,1,phishing,0.995079,0.004921,True,TP,3,1,-1,1,-1,0,-1,1,-1,0,-1
542,251536668777840,train_oof,0,legitimate,0,legitimate,0.261025,0.738975,True,TN,4,-1,1,-1,-1,-1,1,1,0,-1,1
543,117210197118854,train_oof,0,legitimate,0,legitimate,0.128086,0.871914,True,TN,4,1,-1,1,-1,0,1,-1,1,0,-1
544,216104683657856,train_oof,0,legitimate,0,legitimate,0.329106,0.670894,True,TN,3,1,-1,1,-1,-1,1,1,1,-1,-1
545,185468573243165,train_oof,0,legitimate,0,legitimate,0.460925,0.539075,True,TN,3,1,-1,1,-1,1,1,1,0,-1,-1
546,281226834232041,train_oof,0,legitimate,1,phishing,0.756748,0.243252,False,FP,1,1,-1,1,-1,0,1,1,0,-1,-1
547,267708739679478,train_oof,1,phishing,1,phishing,0.991215,0.008785,True,TP,4,1,-1,1,-1,-1,-1,1,-1,0,-1
550,230388816085579,train_oof,0,legitimate,0,legitimate,0.01935,0.98065,True,TN,3,1,-1,1,1,-1,1,1,0,-1,-1
551,93155357057315,train_oof,0,legitimate,0,legitimate,0.001597,0.998403,True,TN,2,1,-1,1,1,-1,1,1,1,0,-1
552,108037895748955,train_oof,0,legitimate,0,legitimate,0.000141,0.999859,True,TN,1,1,-1,1,1,1,1,-1,1,1,-1
554,210302711468717,train_oof,0,legitimate,0,legitimate,0.005353,0.994647,True,TN,3,1,-1,1,-1,1,1,1,1,1,-1
555,152942378284343,train_oof,1,phishing,1,phishing,0.990932,0.009068,True,TP,1,1,1,1,-1,0,1,-1,-1,0,1
556,26378427423202,train_oof,1,phishing,1,phishing,0.799991,0.200009,True,TP,1,1,-1,1,-1,-1,1,-1,0,-1,-1
557,149245064526599,train_oof,1,phishing,1,phishing,0.995511,0.004489,True,TP,5,1,-1,1,-1,0,1,1,-1,0,-1
558,199783706340085,train_oof,0,legitimate,0,legitimate,0.072743,0.927257,True,TN,5,1,-1,1,-1,-1,-1,1,0,1,-1
559,165289260111985,train_oof,1,phishing,1,phishing,0.999106,0.000894,True,TP,5,1,-1,1,-1,0,1,-1,-1,-1,-1
560,236740312700186,train_oof,0,legitimate,0,legitimate,0.210332,0.789668,True,TN,4,1,1,1,-1,-1,1,1,0,0,1
561,252834041299982,train_oof,0,legitimate,0,legitimate,0.317478,0.682522,True,TN,5,1,1,1,-1,1,1,1,0,1,1
562,160637372756690,train_oof,0,legitimate,0,legitimate,0.186836,0.813164,True,TN,1,1,-1,1,-1,1,1,1,0,1,-1
563,90111128579822,train_oof,0,legitimate,0,legitimate,0.00166,0.99834,True,TN,2,-1,-1,-1,1,-1,1,1,0,0,-1
564,174783419865003,train_oof,0,legitimate,0,legitimate,0.195885,0.804115,True,TN,3,1,-1,1,-1,0,-1,1,0,0,-1
565,69558698965921,train_oof,0,legitimate,0,legitimate,0.466414,0.533586,True,TN,1,1,-1,1,-1,1,1,1,0,-1,-1
566,230154392154780,train_oof,0,legitimate,0,legitimate,0.159519,0.840481,True,TN,1,-1,1,-1,-1,-1,1,1,1,-1,1
567,120535522301148,train_oof,0,legitimate,1,phishing,0.756748,0.243252,False,FP,1,1,-1,1,-1,0,1,1,0,-1,-1
568,55511923658238,train_oof,0,legitimate,1,phishing,0.758443,0.241557,False,FP,1,1,-1,1,-1,-1,1,1,0,-1,-1
570,168003336876881,train_oof,0,legitimate,0,legitimate,0.001504,0.998496,True,TN,2,1,-1,1,1,1,1,1,0,1,-1
571,69489358559440,train_oof,0,legitimate,0,legitimate,0.260852,0.739148,True,TN,2,1,1,1,-1,0,1,1,0,-1,1
572,35984158305524,train_oof,1,phishing,1,phishing,0.997383,0.002617,True,TP,1,1,-1,1,-1,-1,-1,-1,-1,0,-1
573,61303896417291,train_oof,1,phishing,1,phishing,0.521213,0.478787,True,TP,1,1,-1,1,-1,-1,-1,-1,0,0,-1
574,156926495586523,train_oof,0,legitimate,0,legitimate,0.010073,0.989927,True,TN,2,1,1,1,-1,1,-1,1,1,-1,1
575,67883959209338,train_oof,0,legitimate,0,legitimate,0.006433,0.993567,True,TN,3,1,-1,1,1,-1,1,1,0,0,-1
577,7271494302401,train_oof,1,phishing,1,phishing,0.996056,0.003944,True,TP,3,1,1,1,-1,-1,1,1,-1,-1,1
578,197657750233827,train_oof,1,phishing,1,phishing,0.822009,0.177991,True,TP,5,1,-1,1,-1,-1,1,-1,0,-1,-1
579,149554109110166,train_oof,0,legitimate,0,legitimate,0.206913,0.793087,True,TN,2,1,-1,1,-1,1,1,1,0,1,-1
581,222272817729771,train_oof,0,legitimate,1,phishing,0.53712,0.46288,False,FP,1,1,-1,1,-1,-1,1,1,0,0,-1
583,214282809549405,train_oof,0,legitimate,0,legitimate,0.179693,0.820307,True,TN,1,1,-1,1,-1,1,-1,1,0,-1,-1
584,229976790128934,train_oof,1,phishing,1,phishing,0.999577,0.000423,True,TP,2,1,-1,1,-1,-1,1,-1,-1,-1,-1
586,126984536678288,train_oof,0,legitimate,0,legitimate,0.129578,0.870422,True,TN,2,1,-1,1,-1,-1,1,1,1,0,-1
587,79915725946691,train_oof,1,phishing,1,phishing,0.997944,0.002056,True,TP,2,1,-1,1,-1,0,1,-1,-1,-1,-1
589,94069411529300,train_oof,0,legitimate,0,legitimate,0.004852,0.995148,True,TN,3,1,1,1,1,1,1,1,0,-1,1
590,18908471958994,train_oof,0,legitimate,0,legitimate,0.322351,0.677649,True,TN,2,-1,-1,-1,-1,1,1,-1,0,-1,-1
591,245060244446850,train_oof,0,legitimate,0,legitimate,0.206913,0.793087,True,TN,2,1,-1,1,-1,1,1,1,0,1,-1
592,165249645942405,train_oof,0,legitimate,1,phishing,0.654194,0.345806,False,FP,3,1,-1,1,-1,0,1,-1,0,-1,-1
594,167876179566418,train_oof,0,legitimate,0,legitimate,0.068166,0.931834,True,TN,2,1,-1,1,-1,0,1,1,1,0,-1
595,31459557488273,train_oof,1,phishing,1,phishing,0.993078,0.006922,True,TP,5,1,1,1,-1,0,1,1,-1,0,1
596,217974323429166,train_oof,0,legitimate,0,legitimate,0.095102,0.904898,True,TN,3,1,-1,1,-1,-1,1,1,0,1,-1
597,83980150083953,train_oof,0,legitimate,0,legitimate,3.2e-05,0.999968,True,TN,1,1,-1,1,1,1,1,-1,1,0,-1
598,47909060713988,train_oof,0,legitimate,0,legitimate,0.001946,0.998054,True,TN,2,1,-1,1,1,1,1,1,0,0,-1
599,138547214328790,train_oof,0,legitimate,0,legitimate,0.214115,0.785885,True,TN,5,1,-1,1,-1,1,1,1,0,0,-1
600,266495152245320,train_oof,1,phishing,0,legitimate,0.451409,0.548591,False,FN,2,1,-1,1,-1,-1,1,1,0,0,-1
601,217399072242031,train_oof,0,legitimate,0,legitimate,0.102252,0.897748,True,TN,3,1,1,1,-1,-1,1,1,1,0,1
602,91906988439531,train_oof,0,legitimate,0,legitimate,0.067013,0.932987,True,TN,2,-1,-1,-1,-1,-1,1,1,0,1,-1
603,164926817965871,train_oof,0,legitimate,0,legitimate,0.214115,0.785885,True,TN,5,1,-1,1,-1,1,1,1,0,0,-1
604,186045323122063,train_oof,0,legitimate,1,phishing,0.724541,0.275459,False,FP,3,1,-1,1,-1,-1,1,1,0,-1,-1
605,33339853157677,train_oof,0,legitimate,0,legitimate,0.20778,0.79222,True,TN,1,1,1,1,-1,-1,1,1,0,0,1
606,240444112548604,train_oof,0,legitimate,0,legitimate,0.252304,0.747696,True,TN,2,1,-1,1,-1,1,1,-1,0,0,-1
607,73033750229959,train_oof,0,legitimate,0,legitimate,0.009795,0.990205,True,TN,5,1,-1,1,1,1,1,1,1,-1,-1
608,198773711216776,train_oof,1,phishing,0,legitimate,0.464662,0.535338,False,FN,3,1,-1,1,-1,-1,1,1,0,0,-1
609,40026353921217,train_oof,0,legitimate,1,phishing,0.678846,0.321154,False,FP,5,1,-1,1,-1,-1,1,1,0,-1,-1
610,145650159033731,train_oof,0,legitimate,0,legitimate,0.132798,0.867202,True,TN,3,1,-1,1,-1,0,1,1,0,1,-1
612,199154403119161,train_oof,1,phishing,1,phishing,0.992696,0.007304,True,TP,2,1,-1,1,-1,-1,1,1,-1,0,-1
613,84245138387193,train_oof,0,legitimate,1,phishing,0.719882,0.280118,False,FP,4,1,-1,1,-1,-1,1,1,0,-1,-1
614,216124498627337,train_oof,1,phishing,1,phishing,0.99884,0.00116,True,TP,5,1,-1,1,-1,-1,1,-1,-1,-1,-1
615,152533549313916,train_oof,0,legitimate,0,legitimate,0.068591,0.931409,True,TN,1,-1,-1,-1,-1,-1,1,1,0,1,-1
616,221540986634081,train_oof,1,phishing,1,phishing,0.800886,0.199114,True,TP,4,1,-1,1,-1,-1,1,-1,0,-1,-1
617,217065374200705,train_oof,1,phishing,1,phishing,0.994679,0.005321,True,TP,2,1,-1,1,-1,0,1,1,-1,0,-1
618,238127588546557,train_oof,1,phishing,1,phishing,0.758443,0.241557,True,TP,1,1,-1,1,-1,-1,1,1,0,-1,-1
619,177710473282856,train_oof,0,legitimate,0,legitimate,0.460925,0.539075,True,TN,3,1,-1,1,-1,1,1,1,0,-1,-1
621,1614351818847,train_oof,0,legitimate,0,legitimate,0.008311,0.991689,True,TN,4,-1,-1,-1,1,1,1,1,0,-1,-1
622,251165226898185,train_oof,1,phishing,1,phishing,0.990247,0.009753,True,TP,3,1,-1,1,-1,-1,1,1,-1,-1,-1
623,21640846909907,train_oof,1,phishing,1,phishing,0.985734,0.014266,True,TP,2,1,-1,1,-1,-1,-1,1,-1,0,-1
624,145874862602990,train_oof,1,phishing,1,phishing,0.972381,0.027619,True,TP,2,1,1,1,-1,0,-1,1,-1,0,1
625,145348876416225,train_oof,1,phishing,1,phishing,0.993912,0.006088,True,TP,1,1,1,1,-1,-1,1,1,-1,-1,1
628,277781963666391,train_oof,1,phishing,1,phishing,0.998694,0.001306,True,TP,2,1,-1,1,-1,0,1,-1,-1,0,-1
632,129165111148122,train_oof,0,legitimate,0,legitimate,0.000367,0.999633,True,TN,2,1,-1,1,1,0,1,1,1,1,-1
633,261654605578638,train_oof,1,phishing,1,phishing,0.946847,0.053153,True,TP,2,-1,1,-1,-1,0,1,-1,-1,1,1
636,222272817729771,train_oof,0,legitimate,1,phishing,0.53712,0.46288,False,FP,1,1,-1,1,-1,-1,1,1,0,0,-1
637,257174015295121,train_oof,0,legitimate,0,legitimate,0.303838,0.696162,True,TN,5,1,-1,1,-1,-1,-1,1,0,-1,-1
639,190322432519263,train_oof,1,phishing,1,phishing,0.98539,0.01461,True,TP,3,1,1,1,-1,-1,1,-1,-1,0,1
640,227259056211402,train_oof,1,phishing,1,phishing,0.995772,0.004228,True,TP,2,-1,-1,-1,-1,0,1,-1,-1,1,-1
641,202630186214207,train_oof,1,phishing,1,phishing,0.99884,0.00116,True,TP,5,1,-1,1,-1,-1,1,-1,-1,-1,-1
642,222307423625670,train_oof,0,legitimate,0,legitimate,0.071643,0.928357,True,TN,5,-1,-1,-1,-1,0,1,-1,1,0,-1
644,173758541332222,train_oof,0,legitimate,0,legitimate,0.035011,0.964989,True,TN,1,1,-1,1,-1,-1,1,1,1,1,-1
645,251308762313207,train_oof,1,phishing,1,phishing,0.800886,0.199114,True,TP,4,1,-1,1,-1,-1,1,-1,0,-1,-1
646,255419178056331,train_oof,1,phishing,1,phishing,0.981476,0.018524,True,TP,5,1,1,1,-1,-1,1,-1,-1,0,1
647,246547183240503,train_oof,0,legitimate,0,legitimate,0.327907,0.672093,True,TN,3,1,-1,1,-1,1,1,-1,0,1,-1
648,147109559068708,train_oof,1,phishing,1,phishing,0.997934,0.002066,True,TP,4,1,-1,1,-1,0,1,1,-1,-1,-1
649,75623431117852,train_oof,0,legitimate,0,legitimate,0.015737,0.984263,True,TN,3,1,-1,1,-1,1,-1,1,1,1,-1
650,242199617333000,train_oof,1,phishing,0,legitimate,0.406399,0.593601,False,FN,2,1,-1,1,-1,0,1,-1,0,0,-1
651,231886286432177,train_oof,1,phishing,1,phishing,0.962664,0.037336,True,TP,4,-1,1,-1,-1,0,1,1,-1,0,1
652,19071252989215,train_oof,1,phishing,1,phishing,0.972621,0.027379,True,TP,1,1,1,1,-1,0,-1,1,-1,0,1
653,257521339169919,train_oof,0,legitimate,1,phishing,0.825405,0.174595,False,FP,2,1,-1,1,-1,-1,1,-1,0,-1,-1
655,240444112548604,train_oof,0,legitimate,0,legitimate,0.252304,0.747696,True,TN,2,1,-1,1,-1,1,1,-1,0,0,-1
656,263107841049376,train_oof,1,phishing,1,phishing,0.800515,0.199485,True,TP,3,1,-1,1,-1,-1,1,-1,0,-1,-1
657,19286513688022,train_oof,0,legitimate,0,legitimate,0.059242,0.940758,True,TN,5,1,1,1,-1,0,-1,1,0,0,1
658,99802296788098,train_oof,1,phishing,1,phishing,0.997842,0.002158,True,TP,5,1,-1,1,-1,-1,1,-1,-1,0,-1
659,237692984833665,train_oof,1,phishing,1,phishing,0.946223,0.053777,True,TP,5,1,-1,1,-1,-1,1,1,-1,0,-1
660,249626650184614,train_oof,1,phishing,1,phishing,0.956615,0.043385,True,TP,1,1,1,1,-1,-1,-1,1,-1,0,1
662,249146300154962,train_oof,1,phishing,1,phishing,0.992375,0.007625,True,TP,4,1,-1,1,-1,0,1,1,-1,0,-1
663,4537628850880,train_oof,0,legitimate,0,legitimate,0.012955,0.987045,True,TN,5,1,-1,1,1,1,1,-1,1,-1,-1
664,228053397798035,train_oof,1,phishing,1,phishing,0.999076,0.000924,True,TP,2,1,-1,1,-1,-1,1,-1,-1,0,-1
665,222782544971721,train_oof,0,legitimate,1,phishing,0.56813,0.43187,False,FP,5,1,-1,1,-1,-1,1,-1,0,0,-1
666,183694956281311,train_oof,0,legitimate,0,legitimate,0.098915,0.901085,True,TN,5,-1,-1,-1,-1,1,1,-1,0,0,-1
668,129180224065365,train_oof,1,phishing,1,phishing,0.997925,0.002075,True,TP,3,1,-1,1,-1,-1,-1,-1,-1,0,-1
669,146401866297111,train_oof,0,legitimate,0,legitimate,0.003363,0.996637,True,TN,3,1,-1,1,1,-1,-1,-1,1,0,-1
670,36027522146160,train_oof,0,legitimate,0,legitimate,0.055896,0.944104,True,TN,4,1,1,1,-1,-1,-1,1,0,-1,1
672,150210291735475,train_oof,0,legitimate,0,legitimate,0.001519,0.998481,True,TN,1,1,-1,1,1,1,1,1,0,1,-1
674,46175573290773,train_oof,0,legitimate,0,legitimate,0.005378,0.994622,True,TN,4,1,-1,1,1,0,1,1,0,0,-1
676,253336818213623,train_oof,1,phishing,1,phishing,0.995707,0.004293,True,TP,1,1,-1,1,-1,0,1,-1,-1,0,-1
677,33838433074227,train_oof,1,phishing,1,phishing,0.967274,0.032726,True,TP,3,1,-1,1,-1,-1,-1,1,-1,-1,-1
678,120826544082194,train_oof,0,legitimate,0,legitimate,0.235943,0.764057,True,TN,3,1,-1,1,-1,1,-1,1,0,-1,-1
679,248229250498873,train_oof,0,legitimate,0,legitimate,0.006297,0.993703,True,TN,3,1,1,1,-1,1,-1,1,1,0,1
680,236604105849242,train_oof,0,legitimate,0,legitimate,0.022194,0.977806,True,TN,4,1,1,1,-1,1,1,1,1,0,1
681,35604841829677,train_oof,0,legitimate,1,phishing,0.586441,0.413559,False,FP,2,1,-1,1,-1,-1,1,-1,0,0,-1
683,102971612084868,train_oof,1,phishing,1,phishing,0.999264,0.000736,True,TP,1,1,-1,1,-1,0,-1,-1,-1,0,-1
685,87619173885676,train_oof,0,legitimate,0,legitimate,0.082261,0.917739,True,TN,1,1,1,1,-1,-1,-1,1,0,0,1
686,249738814519212,train_oof,0,legitimate,0,legitimate,0.182922,0.817078,True,TN,5,1,-1,1,-1,-1,1,1,0,1,-1
687,261612794668552,train_oof,1,phishing,1,phishing,0.990084,0.009916,True,TP,2,1,-1,1,-1,0,-1,-1,-1,1,-1
688,157813343230308,train_oof,0,legitimate,0,legitimate,0.334478,0.665522,True,TN,1,-1,-1,-1,-1,-1,1,-1,0,-1,-1
689,78534136887757,train_oof,1,phishing,1,phishing,0.991877,0.008123,True,TP,3,1,-1,1,-1,0,-1,-1,-1,1,-1
690,189374293510849,train_oof,1,phishing,1,phishing,0.825405,0.174595,True,TP,2,1,-1,1,-1,-1,1,-1,0,-1,-1
691,198996420511980,train_oof,1,phishing,1,phishing,0.53712,0.46288,True,TP,1,1,-1,1,-1,-1,1,1,0,0,-1
693,72421924194631,train_oof,1,phishing,1,phishing,0.800515,0.199485,True,TP,3,1,-1,1,-1,-1,1,-1,0,-1,-1
695,249903249257749,train_oof,1,phishing,1,phishing,0.998621,0.001379,True,TP,2,1,-1,1,-1,-1,-1,-1,-1,0,-1
696,252370215111791,train_oof,1,phishing,1,phishing,0.995047,0.004953,True,TP,4,-1,-1,-1,-1,-1,-1,-1,-1,1,-1
697,126277625598838,train_oof,0,legitimate,0,legitimate,0.00096,0.99904,True,TN,1,1,-1,1,1,-1,1,1,1,1,-1
698,98554843459824,train_oof,0,legitimate,1,phishing,0.617309,0.382691,False,FP,5,1,-1,1,-1,-1,-1,-1,0,0,-1
699,177710473282856,train_oof,1,phishing,0,legitimate,0.460925,0.539075,False,FN,3,1,-1,1,-1,1,1,1,0,-1,-1
700,194299903384107,train_oof,1,phishing,1,phishing,0.99805,0.00195,True,TP,4,1,-1,1,-1,0,1,-1,-1,0,-1
701,250474221580460,train_oof,0,legitimate,0,legitimate,0.181297,0.818703,True,TN,4,1,-1,1,-1,1,1,1,1,-1,-1
703,225959453503298,train_oof,1,phishing,1,phishing,0.99742,0.00258,True,TP,3,1,-1,1,-1,0,1,1,-1,0,-1
704,108622784641927,train_oof,1,phishing,1,phishing,0.719882,0.280118,True,TP,4,1,-1,1,-1,-1,1,1,0,-1,-1
705,211139788896495,train_oof,0,legitimate,0,legitimate,0.014604,0.985396,True,TN,1,1,-1,1,-1,1,1,-1,1,0,-1
706,24827799531734,train_oof,0,legitimate,0,legitimate,0.232429,0.767571,True,TN,2,1,-1,1,-1,1,1,1,0,0,-1
707,203234384850875,train_oof,1,phishing,1,phishing,0.996931,0.003069,True,TP,4,-1,-1,-1,-1,0,-1,-1,-1,1,-1
708,4140683528218,train_oof,1,phishing,1,phishing,0.946223,0.053777,True,TP,5,1,-1,1,-1,-1,1,1,-1,0,-1
709,32848904193343,train_oof,0,legitimate,0,legitimate,0.132798,0.867202,True,TN,3,1,-1,1,-1,0,1,1,0,1,-1
710,73581631017172,train_oof,1,phishing,1,phishing,0.971387,0.028613,True,TP,5,1,-1,1,-1,-1,-1,1,-1,0,-1
712,273802077029678,train_oof,0,legitimate,0,legitimate,0.165207,0.834793,True,TN,4,-1,1,-1,-1,0,-1,-1,0,1,1
713,1122427843610,train_oof,0,legitimate,0,legitimate,0.291066,0.708934,True,TN,4,1,-1,1,-1,1,1,-1,0,1,-1
714,130256722769011,train_oof,1,phishing,1,phishing,0.993389,0.006611,True,TP,2,1,-1,1,-1,1,1,-1,-1,0,-1
715,180763682981620,train_oof,0,legitimate,0,legitimate,0.006308,0.993692,True,TN,2,1,1,1,1,-1,1,1,0,0,1
716,209690521775160,train_oof,1,phishing,1,phishing,0.56813,0.43187,True,TP,5,1,-1,1,-1,-1,1,-1,0,0,-1
718,213026689161952,train_oof,1,phishing,1,phishing,0.822009,0.177991,True,TP,5,1,-1,1,-1,-1,1,-1,0,-1,-1
719,176844110686213,train_oof,1,phishing,1,phishing,0.999076,0.000924,True,TP,2,1,-1,1,-1,-1,1,-1,-1,0,-1
720,217107675256649,train_oof,1,phishing,1,phishing,0.991399,0.008601,True,TP,2,1,-1,1,-1,0,-1,-1,-1,-1,-1
721,155545522680261,train_oof,0,legitimate,1,phishing,0.652162,0.347838,False,FP,1,1,-1,1,-1,0,1,-1,0,-1,-1
724,276236348117463,train_oof,1,phishing,1,phishing,0.99884,0.00116,True,TP,5,1,-1,1,-1,-1,1,-1,-1,-1,-1
725,203089580765685,train_oof,0,legitimate,1,phishing,0.652538,0.347462,False,FP,5,1,-1,1,-1,1,1,-1,0,-1,-1
726,7605123116556,train_oof,1,phishing,1,phishing,0.998694,0.001306,True,TP,2,1,-1,1,-1,0,1,-1,-1,0,-1
727,33632479643440,train_oof,0,legitimate,0,legitimate,0.244798,0.755202,True,TN,3,1,-1,1,-1,1,1,1,0,0,-1
729,135894421622908,train_oof,0,legitimate,1,phishing,0.608284,0.391716,False,FP,4,1,-1,1,-1,0,1,-1,1,-1,-1
730,125048454032594,train_oof,0,legitimate,1,phishing,0.629953,0.370047,False,FP,2,1,-1,1,-1,1,1,-1,0,-1,-1
731,119968496662048,train_oof,1,phishing,1,phishing,0.986591,0.013409,True,TP,5,1,-1,1,-1,-1,1,1,-1,-1,-1
733,194129346837835,train_oof,0,legitimate,0,legitimate,0.487318,0.512682,True,TN,5,1,-1,1,-1,-1,1,1,0,0,-1
734,44816242066725,train_oof,1,phishing,0,legitimate,0.024683,0.975317,False,FN,5,1,1,1,-1,-1,1,1,0,0,1
735,118280103496757,train_oof,1,phishing,1,phishing,0.996931,0.003069,True,TP,4,-1,-1,-1,-1,0,-1,-1,-1,1,-1
736,116582565465556,train_oof,0,legitimate,0,legitimate,0.15142,0.84858,True,TN,1,1,-1,1,-1,1,1,1,0,0,-1
737,270850416085685,train_oof,0,legitimate,0,legitimate,0.451383,0.548617,True,TN,4,1,-1,1,-1,-1,1,1,0,0,-1
739,65625367446038,train_oof,0,legitimate,0,legitimate,0.146455,0.853545,True,TN,2,1,1,1,-1,0,1,1,1,0,1
741,19866486429102,train_oof,1,phishing,0,legitimate,0.451409,0.548591,False,FN,2,1,-1,1,-1,-1,1,1,0,0,-1
743,124266249656621,train_oof,0,legitimate,1,phishing,0.97487,0.02513,False,FP,4,1,-1,1,-1,-1,-1,1,-1,1,-1
744,41070980860339,train_oof,1,phishing,0,legitimate,0.19832,0.80168,False,FN,1,1,-1,1,-1,1,-1,-1,0,1,-1
746,200278661738560,train_oof,1,phishing,0,legitimate,0.15142,0.84858,False,FN,1,1,-1,1,-1,1,1,1,0,0,-1
747,229287349055705,train_oof,1,phishing,1,phishing,0.996931,0.003069,True,TP,4,-1,-1,-1,-1,0,-1,-1,-1,1,-1
748,229700921371289,train_oof,0,legitimate,0,legitimate,0.232883,0.767117,True,TN,2,1,-1,1,-1,-1,-1,1,0,-1,-1
749,261873513217492,train_oof,0,legitimate,0,legitimate,0.068096,0.931904,True,TN,5,-1,-1,-1,-1,0,1,1,0,0,-1
750,7518966795966,train_oof,0,legitimate,0,legitimate,0.131675,0.868325,True,TN,1,1,-1,1,-1,1,-1,1,1,-1,-1
751,63759019724572,train_oof,1,phishing,1,phishing,0.799991,0.200009,True,TP,1,1,-1,1,-1,-1,1,-1,0,-1,-1
752,96725134492446,train_oof,0,legitimate,0,legitimate,0.451409,0.548591,True,TN,2,1,-1,1,-1,-1,1,1,0,0,-1
754,75923047006902,train_oof,0,legitimate,0,legitimate,0.331794,0.668206,True,TN,1,1,-1,1,-1,-1,-1,1,1,-1,-1
755,197080553592152,train_oof,1,phishing,1,phishing,0.997944,0.002056,True,TP,2,1,-1,1,-1,0,1,-1,-1,-1,-1
756,208651974439566,train_oof,0,legitimate,0,legitimate,0.217579,0.782421,True,TN,1,1,-1,1,-1,1,-1,-1,1,-1,-1
758,167859454710571,train_oof,0,legitimate,1,phishing,0.711065,0.288935,False,FP,3,1,-1,1,-1,0,1,1,0,-1,-1
759,252231055613484,train_oof,0,legitimate,0,legitimate,0.025071,0.974929,True,TN,3,1,1,1,-1,1,1,1,1,-1,1
760,271000665781881,train_oof,1,phishing,1,phishing,0.991215,0.008785,True,TP,4,1,-1,1,-1,-1,-1,1,-1,0,-1
761,184703783240912,train_oof,0,legitimate,0,legitimate,0.054324,0.945676,True,TN,1,1,1,1,-1,0,1,1,1,1,1
762,271557877018023,train_oof,0,legitimate,0,legitimate,0.002788,0.997212,True,TN,3,1,1,1,1,-1,-1,1,0,-1,1
763,69489358559440,train_oof,0,legitimate,0,legitimate,0.260852,0.739148,True,TN,2,1,1,1,-1,0,1,1,0,-1,1
764,110545090745757,train_oof,1,phishing,1,phishing,0.986159,0.013841,True,TP,3,1,-1,1,-1,1,1,1,-1,-1,-1
765,230061810075798,train_oof,1,phishing,1,phishing,0.987643,0.012357,True,TP,4,1,-1,1,-1,1,1,-1,-1,0,-1
766,95775880490420,train_oof,0,legitimate,0,legitimate,0.024319,0.975681,True,TN,4,1,-1,1,1,0,-1,-1,1,-1,-1
767,121665216882189,train_oof,1,phishing,1,phishing,0.529606,0.470394,True,TP,4,1,-1,1,-1,-1,1,-1,0,0,-1
768,161532089667287,train_oof,1,phishing,1,phishing,0.986177,0.013823,True,TP,5,1,-1,1,-1,1,1,-1,-1,-1,-1
769,140073091298059,train_oof,1,phishing,1,phishing,0.724541,0.275459,True,TP,3,1,-1,1,-1,-1,1,1,0,-1,-1
771,37996813649198,train_oof,1,phishing,0,legitimate,0.347088,0.652912,False,FN,1,1,-1,1,-1,0,1,-1,0,0,-1
772,155185319182781,train_oof,1,phishing,1,phishing,0.825405,0.174595,True,TP,2,1,-1,1,-1,-1,1,-1,0,-1,-1
773,84348443181460,train_oof,1,phishing,1,phishing,0.99805,0.00195,True,TP,4,1,-1,1,-1,0,1,-1,-1,0,-1
774,119146015806087,train_oof,0,legitimate,0,legitimate,0.065492,0.934508,True,TN,4,1,1,1,-1,0,1,1,0,1,1
775,129746084494347,train_oof,1,phishing,0,legitimate,0.317305,0.682695,False,FN,3,1,-1,1,-1,0,1,-1,1,-1,-1
776,104909662282998,train_oof,0,legitimate,0,legitimate,0.188709,0.811291,True,TN,2,1,1,1,-1,-1,1,1,0,1,1
777,69558698965921,train_oof,0,legitimate,0,legitimate,0.466414,0.533586,True,TN,1,1,-1,1,-1,1,1,1,0,-1,-1
781,120819561064458,train_oof,0,legitimate,0,legitimate,0.031013,0.968987,True,TN,5,1,-1,1,-1,1,1,-1,1,0,-1
782,229976790128934,train_oof,1,phishing,1,phishing,0.999577,0.000423,True,TP,2,1,-1,1,-1,-1,1,-1,-1,-1,-1
783,212294320413410,train_oof,1,phishing,1,phishing,0.999106,0.000894,True,TP,5,1,-1,1,-1,0,1,-1,-1,-1,-1
784,267117602039146,train_oof,1,phishing,1,phishing,0.994767,0.005233,True,TP,1,1,-1,1,-1,0,-1,1,-1,0,-1
785,69606254529713,train_oof,0,legitimate,1,phishing,0.654194,0.345806,False,FP,3,1,-1,1,-1,0,1,-1,0,-1,-1
786,167817227602829,train_oof,1,phishing,0,legitimate,0.23386,0.76614,False,FN,4,1,-1,1,-1,-1,1,-1,1,0,-1
787,108622784641927,train_oof,0,legitimate,1,phishing,0.719882,0.280118,False,FP,4,1,-1,1,-1,-1,1,1,0,-1,-1
788,27280603199551,train_oof,0,legitimate,0,legitimate,0.195778,0.804222,True,TN,4,1,-1,1,-1,1,1,1,0,1,-1
789,110100243179470,train_oof,1,phishing,1,phishing,0.800886,0.199114,True,TP,4,1,-1,1,-1,-1,1,-1,0,-1,-1
791,116582565465556,train_oof,0,legitimate,0,legitimate,0.15142,0.84858,True,TN,1,1,-1,1,-1,1,1,1,0,0,-1
792,150232652611395,train_oof,0,legitimate,0,legitimate,0.066857,0.933143,True,TN,5,1,1,1,-1,1,1,1,0,0,1
793,157989350806615,train_oof,1,phishing,1,phishing,0.999312,0.000688,True,TP,4,1,-1,1,-1,-1,1,-1,-1,-1,-1
794,112151821906301,train_oof,1,phishing,1,phishing,0.987913,0.012087,True,TP,4,1,-1,1,-1,1,1,-1,-1,-1,-1
795,131012749804840,train_oof,1,phishing,1,phishing,0.941951,0.058049,True,TP,5,1,1,1,-1,-1,1,1,-1,0,1
796,202703218327938,train_oof,0,legitimate,0,legitimate,0.196702,0.803298,True,TN,1,1,-1,1,-1,0,1,-1,1,1,-1
797,25589422353485,train_oof,1,phishing,1,phishing,0.99742,0.00258,True,TP,3,1,-1,1,-1,0,1,1,-1,0,-1
798,43853463052518,train_oof,0,legitimate,0,legitimate,0.070424,0.929576,True,TN,1,-1,-1,-1,-1,1,1,1,0,0,-1
799,9411594550941,train_oof,0,legitimate,0,legitimate,0.01605,0.98395,True,TN,5,1,-1,1,1,-1,-1,-1,0,1,-1
800,187904362767209,train_oof,1,phishing,1,phishing,0.825405,0.174595,True,TP,2,1,-1,1,-1,-1,1,-1,0,-1,-1
801,175559418176850,train_oof,1,phishing,1,phishing,0.994679,0.005321,True,TP,2,1,-1,1,-1,0,1,1,-1,0,-1
802,14205360602632,train_oof,1,phishing,1,phishing,0.999577,0.000423,True,TP,2,1,-1,1,-1,-1,1,-1,-1,-1,-1
803,52236739903081,train_oof,0,legitimate,0,legitimate,0.009893,0.990107,True,TN,5,1,-1,1,-1,1,1,1,1,0,-1
804,202206208404094,train_oof,0,legitimate,0,legitimate,0.270682,0.729318,True,TN,3,1,-1,1,-1,1,1,1,0,1,-1
805,35440756677324,train_oof,0,legitimate,0,legitimate,0.001992,0.998008,True,TN,1,1,-1,1,1,-1,1,-1,1,1,-1
806,152278421402587,train_oof,1,phishing,1,phishing,0.99786,0.00214,True,TP,3,-1,-1,-1,-1,0,-1,-1,-1,1,-1
807,252657480442137,train_oof,0,legitimate,0,legitimate,0.009893,0.990107,True,TN,5,1,-1,1,-1,1,1,1,1,0,-1
808,31767064250696,train_oof,1,phishing,1,phishing,0.997219,0.002781,True,TP,1,1,-1,1,-1,0,1,-1,-1,-1,-1
809,231663563539923,train_oof,1,phishing,1,phishing,0.99776,0.00224,True,TP,1,1,-1,1,-1,-1,1,-1,-1,-1,-1
810,151555222549883,train_oof,0,legitimate,0,legitimate,0.046783,0.953217,True,TN,2,-1,-1,-1,-1,-1,1,1,1,0,-1
811,248030670852848,train_oof,1,phishing,1,phishing,0.578337,0.421663,True,TP,4,1,-1,1,-1,1,1,-1,0,-1,-1
812,97970327656909,train_oof,0,legitimate,0,legitimate,0.06654,0.93346,True,TN,2,1,-1,1,-1,-1,-1,1,0,1,-1
813,164860058939196,train_oof,1,phishing,1,phishing,0.996056,0.003944,True,TP,3,1,1,1,-1,-1,1,1,-1,-1,1
816,218102188295128,train_oof,1,phishing,1,phishing,0.545566,0.454434,True,TP,4,1,-1,1,-1,-1,-1,-1,0,0,-1
817,203672290790506,train_oof,0,legitimate,0,legitimate,0.002486,0.997514,True,TN,1,1,-1,1,1,-1,-1,1,1,1,-1
818,190409292746832,train_oof,0,legitimate,0,legitimate,7e-06,0.999993,True,TN,4,1,-1,1,1,1,1,1,1,1,-1
819,52236739903081,train_oof,0,legitimate,0,legitimate,0.009893,0.990107,True,TN,5,1,-1,1,-1,1,1,1,1,0,-1
820,274391435156216,train_oof,0,legitimate,0,legitimate,0.095641,0.904359,True,TN,1,1,-1,1,-1,0,1,1,0,1,-1
821,271419104264988,train_oof,0,legitimate,0,legitimate,0.007219,0.992781,True,TN,1,1,-1,1,1,-1,1,1,0,0,-1
822,226851129700527,train_oof,0,legitimate,0,legitimate,0.047537,0.952463,True,TN,2,-1,-1,-1,-1,0,1,1,1,1,-1
823,25589422353485,train_oof,1,phishing,1,phishing,0.99742,0.00258,True,TP,3,1,-1,1,-1,0,1,1,-1,0,-1
826,271682454138338,train_oof,0,legitimate,0,legitimate,0.000773,0.999227,True,TN,5,1,-1,1,1,0,1,1,1,0,-1
827,103489205510352,train_oof,0,legitimate,0,legitimate,0.200293,0.799707,True,TN,3,1,1,1,-1,-1,1,1,0,1,1
828,240765257679204,train_oof,1,phishing,1,phishing,0.995273,0.004727,True,TP,1,1,-1,1,-1,0,1,-1,-1,1,-1
829,186045323122063,train_oof,0,legitimate,1,phishing,0.724541,0.275459,False,FP,3,1,-1,1,-1,-1,1,1,0,-1,-1
830,93195022711941,train_oof,0,legitimate,0,legitimate,0.194054,0.805946,True,TN,1,1,1,1,-1,-1,1,1,0,1,1
831,138591097460696,train_oof,1,phishing,1,phishing,0.988756,0.011244,True,TP,1,1,-1,1,-1,-1,1,1,-1,-1,-1
833,246883300782166,train_oof,1,phishing,1,phishing,0.941787,0.058213,True,TP,1,1,-1,1,-1,-1,1,1,-1,0,-1
834,69080302230251,train_oof,1,phishing,1,phishing,0.999076,0.000924,True,TP,2,1,-1,1,-1,-1,1,-1,-1,0,-1
835,218322822672287,train_oof,0,legitimate,1,phishing,0.53712,0.46288,False,FP,1,1,-1,1,-1,-1,1,1,0,0,-1
836,81895790572070,train_oof,1,phishing,1,phishing,0.993912,0.006088,True,TP,1,1,1,1,-1,-1,1,1,-1,-1,1
837,228758154795184,train_oof,0,legitimate,0,legitimate,0.001572,0.998428,True,TN,5,1,1,1,1,-1,1,1,0,0,1
838,179338303422682,train_oof,1,phishing,1,phishing,0.997331,0.002669,True,TP,3,1,-1,1,-1,0,1,1,-1,-1,-1
839,104945829210262,train_oof,1,phishing,1,phishing,0.993672,0.006328,True,TP,5,1,-1,1,-1,0,-1,-1,-1,-1,-1
840,78189109366261,train_oof,1,phishing,1,phishing,0.995047,0.004953,True,TP,4,-1,-1,-1,-1,-1,-1,-1,-1,1,-1
841,64769748565186,train_oof,0,legitimate,0,legitimate,0.270682,0.729318,True,TN,3,1,-1,1,-1,1,1,1,0,1,-1
842,240415336868951,train_oof,0,legitimate,0,legitimate,0.008533,0.991467,True,TN,5,1,-1,1,1,-1,1,1,0,1,-1
844,74311926592741,train_oof,0,legitimate,0,legitimate,0.042799,0.957201,True,TN,4,1,-1,1,-1,-1,1,1,1,1,-1
845,119453430723436,train_oof,0,legitimate,0,legitimate,0.031466,0.968534,True,TN,5,1,-1,1,-1,1,1,-1,1,1,-1
846,175221064269549,train_oof,1,phishing,0,legitimate,0.163043,0.836957,False,FN,3,1,-1,1,-1,-1,1,1,1,0,-1
847,240637319693830,train_oof,0,legitimate,0,legitimate,0.15142,0.84858,True,TN,1,1,-1,1,-1,1,1,1,0,0,-1
848,5295823670401,train_oof,1,phishing,1,phishing,0.998384,0.001616,True,TP,3,1,-1,1,-1,0,1,-1,-1,-1,-1
850,251834989581916,train_oof,0,legitimate,0,legitimate,0.031013,0.968987,True,TN,5,1,-1,1,-1,1,1,-1,1,0,-1
851,231076322216005,train_oof,0,legitimate,0,legitimate,0.308932,0.691068,True,TN,2,1,-1,1,-1,0,1,-1,0,1,-1
852,228227889454928,train_oof,0,legitimate,0,legitimate,0.225196,0.774804,True,TN,2,1,1,1,-1,-1,1,1,0,0,1
853,200278661738560,train_oof,0,legitimate,0,legitimate,0.15142,0.84858,True,TN,1,1,-1,1,-1,1,1,1,0,0,-1
855,128984299635317,train_oof,0,legitimate,0,legitimate,0.003847,0.996153,True,TN,1,1,-1,1,-1,1,1,1,1,1,-1
857,184007829377084,train_oof,0,legitimate,0,legitimate,0.378975,0.621025,True,TN,5,1,-1,1,-1,-1,-1,1,0,0,-1
859,59265118345727,train_oof,1,phishing,1,phishing,0.997331,0.002669,True,TP,3,1,-1,1,-1,0,1,1,-1,-1,-1
862,156388620123683,train_oof,0,legitimate,0,legitimate,0.149481,0.850519,True,TN,2,-1,1,-1,-1,-1,1,1,0,0,1
863,240066286381312,train_oof,1,phishing,1,phishing,0.993389,0.006611,True,TP,2,1,-1,1,-1,1,1,-1,-1,0,-1
864,140862636298982,train_oof,1,phishing,1,phishing,0.646613,0.353387,True,TP,5,1,-1,1,-1,-1,1,-1,1,-1,-1
865,27166926835386,train_oof,0,legitimate,0,legitimate,0.378182,0.621818,True,TN,4,1,-1,1,-1,0,1,-1,0,0,-1
866,275071036488237,train_oof,0,legitimate,0,legitimate,0.08005,0.91995,True,TN,5,-1,-1,-1,-1,0,1,-1,1,1,-1
867,197777286803053,train_oof,1,phishing,0,legitimate,0.329106,0.670894,False,FN,3,1,-1,1,-1,-1,1,1,1,-1,-1
868,105691978417326,train_oof,1,phishing,0,legitimate,0.325018,0.674982,False,FN,2,1,-1,1,-1,0,1,1,0,0,-1
869,57214635973808,train_oof,1,phishing,0,legitimate,0.306088,0.693912,False,FN,5,1,1,1,-1,0,1,-1,0,-1,1
871,221722426697998,train_oof,0,legitimate,0,legitimate,0.047123,0.952877,True,TN,3,1,-1,1,-1,0,1,1,1,0,-1
872,71058750698799,train_oof,0,legitimate,0,legitimate,0.114067,0.885933,True,TN,1,1,-1,1,-1,1,1,-1,0,0,-1
873,272744919790221,train_oof,0,legitimate,0,legitimate,0.016626,0.983374,True,TN,3,1,-1,1,1,0,1,1,1,-1,-1
874,220813827856849,train_oof,0,legitimate,1,phishing,0.76924,0.23076,False,FP,4,1,-1,1,-1,-1,1,-1,1,-1,-1
875,170058238826251,train_oof,0,legitimate,0,legitimate,0.115175,0.884825,True,TN,3,-1,1,-1,-1,-1,1,1,1,-1,1
876,132638995660380,train_oof,0,legitimate,0,legitimate,0.014086,0.985914,True,TN,1,-1,-1,-1,1,-1,1,1,1,-1,-1
878,117012613944733,train_oof,1,phishing,1,phishing,0.999312,0.000688,True,TP,4,1,-1,1,-1,-1,1,-1,-1,-1,-1
879,233580160170953,train_oof,1,phishing,1,phishing,0.758443,0.241557,True,TP,1,1,-1,1,-1,-1,1,1,0,-1,-1
880,230374593047822,train_oof,0,legitimate,0,legitimate,0.002114,0.997886,True,TN,3,1,-1,1,1,1,-1,1,1,0,-1
881,30303354880109,train_oof,0,legitimate,0,legitimate,0.005135,0.994865,True,TN,5,1,-1,1,1,0,1,-1,1,1,-1
882,109304537241772,train_oof,0,legitimate,1,phishing,0.822009,0.177991,False,FP,5,1,-1,1,-1,-1,1,-1,0,-1,-1
883,186583371588694,train_oof,0,legitimate,0,legitimate,0.042698,0.957302,True,TN,1,-1,-1,-1,-1,-1,1,1,0,0,-1
884,90417401487512,train_oof,1,phishing,0,legitimate,0.487318,0.512682,False,FN,5,1,-1,1,-1,-1,1,1,0,0,-1
885,153758449237882,train_oof,0,legitimate,0,legitimate,0.034647,0.965353,True,TN,1,-1,-1,-1,-1,-1,1,1,1,1,-1
886,122045852124301,train_oof,0,legitimate,0,legitimate,0.370992,0.629008,True,TN,5,1,-1,1,-1,0,1,1,0,0,-1
888,147109559068708,train_oof,1,phishing,1,phishing,0.997934,0.002066,True,TP,4,1,-1,1,-1,0,1,1,-1,-1,-1
889,234031656444700,train_oof,0,legitimate,0,legitimate,0.00046,0.99954,True,TN,1,1,-1,1,1,0,1,1,1,1,-1
890,1959149834071,train_oof,0,legitimate,0,legitimate,0.068166,0.931834,True,TN,2,1,-1,1,-1,0,1,1,1,0,-1
891,201863570102750,train_oof,1,phishing,0,legitimate,0.481864,0.518136,False,FN,5,1,-1,1,-1,1,-1,-1,0,-1,-1
892,107785853517292,train_oof,0,legitimate,0,legitimate,0.007619,0.992381,True,TN,4,1,-1,1,-1,1,-1,1,1,1,-1
893,277027577270282,train_oof,0,legitimate,0,legitimate,0.168408,0.831592,True,TN,3,1,1,1,-1,-1,1,-1,1,0,1
895,272167342081556,train_oof,0,legitimate,0,legitimate,0.005378,0.994622,True,TN,4,1,-1,1,1,0,1,1,0,0,-1
896,201981397185755,train_oof,1,phishing,1,phishing,0.800886,0.199114,True,TP,4,1,-1,1,-1,-1,1,-1,0,-1,-1
897,128403021020134,train_oof,0,legitimate,0,legitimate,0.00096,0.99904,True,TN,1,1,-1,1,1,-1,1,1,1,1,-1
898,229647918313769,train_oof,1,phishing,1,phishing,0.997383,0.002617,True,TP,1,1,-1,1,-1,-1,-1,-1,-1,0,-1
899,118060287098649,train_oof,0,legitimate,0,legitimate,0.034513,0.965487,True,TN,4,-1,-1,-1,-1,-1,1,1,0,0,-1
900,133173518274721,train_oof,1,phishing,0,legitimate,0.167392,0.832608,False,FN,1,1,-1,1,-1,1,1,-1,0,1,-1
901,22300340055593,train_oof,1,phishing,1,phishing,0.99183,0.00817,True,TP,3,1,-1,1,-1,1,1,-1,-1,-1,-1
902,136285439667729,train_oof,1,phishing,1,phishing,0.678846,0.321154,True,TP,5,1,-1,1,-1,-1,1,1,0,-1,-1
903,180032423803076,train_oof,1,phishing,1,phishing,0.995484,0.004516,True,TP,4,-1,-1,-1,-1,0,-1,1,-1,1,-1
904,231663563539923,train_oof,1,phishing,1,phishing,0.99776,0.00224,True,TP,1,1,-1,1,-1,-1,1,-1,-1,-1,-1
905,145650159033731,train_oof,0,legitimate,0,legitimate,0.132798,0.867202,True,TN,3,1,-1,1,-1,0,1,1,0,1,-1
906,177272809563329,train_oof,1,phishing,1,phishing,0.998963,0.001037,True,TP,3,1,-1,1,-1,0,-1,-1,-1,0,-1
907,22409012388340,train_oof,0,legitimate,0,legitimate,1.9e-05,0.999981,True,TN,4,1,-1,1,1,1,1,1,1,0,-1
908,213097884165775,train_oof,0,legitimate,0,legitimate,0.016626,0.983374,True,TN,3,1,-1,1,1,0,1,1,1,-1,-1
909,17144019808062,train_oof,1,phishing,0,legitimate,0.451409,0.548591,False,FN,2,1,-1,1,-1,-1,1,1,0,0,-1
910,253336818213623,train_oof,1,phishing,1,phishing,0.995707,0.004293,True,TP,1,1,-1,1,-1,0,1,-1,-1,0,-1
911,8206431665567,train_oof,0,legitimate,0,legitimate,0.287736,0.712264,True,TN,3,-1,-1,-1,-1,0,1,1,0,-1,-1
912,139153126512731,train_oof,1,phishing,1,phishing,0.994115,0.005885,True,TP,3,1,1,1,-1,0,1,-1,-1,0,1
913,58982141861075,train_oof,1,phishing,1,phishing,0.993078,0.006922,True,TP,5,1,1,1,-1,0,1,1,-1,0,1
914,115859944656981,train_oof,0,legitimate,0,legitimate,0.016353,0.983647,True,TN,3,1,1,1,1,1,-1,-1,0,-1,1
915,224138475246204,train_oof,1,phishing,1,phishing,0.800515,0.199485,True,TP,3,1,-1,1,-1,-1,1,-1,0,-1,-1
916,10089903670305,train_oof,1,phishing,1,phishing,0.985103,0.014897,True,TP,1,1,-1,1,-1,1,1,-1,-1,-1,-1
917,232119811623410,train_oof,0,legitimate,0,legitimate,0.034513,0.965487,True,TN,4,-1,-1,-1,-1,-1,1,1,0,0,-1
918,196763938333333,train_oof,1,phishing,0,legitimate,0.400457,0.599543,False,FN,5,1,-1,1,-1,1,1,1,0,-1,-1
919,254880285272584,train_oof,0,legitimate,0,legitimate,0.305893,0.694107,True,TN,4,1,-1,1,-1,0,1,1,0,0,-1
920,98880486374436,train_oof,1,phishing,1,phishing,0.995707,0.004293,True,TP,1,1,-1,1,-1,0,1,-1,-1,0,-1
921,62181887707210,train_oof,1,phishing,1,phishing,0.992375,0.007625,True,TP,4,1,-1,1,-1,0,1,1,-1,0,-1
922,41070639366537,train_oof,0,legitimate,0,legitimate,0.189647,0.810353,True,TN,1,1,-1,1,-1,-1,1,1,1,0,-1
924,14342887980963,train_oof,0,legitimate,0,legitimate,0.163043,0.836957,True,TN,3,1,-1,1,-1,-1,1,1,1,0,-1
925,174564137772509,train_oof,0,legitimate,0,legitimate,0.034703,0.965297,True,TN,1,1,1,1,-1,1,-1,1,0,1,1
926,83414474732913,train_oof,1,phishing,1,phishing,0.800886,0.199114,True,TP,4,1,-1,1,-1,-1,1,-1,0,-1,-1
929,209251685992967,train_oof,0,legitimate,0,legitimate,0.194416,0.805584,True,TN,2,1,-1,1,-1,-1,1,1,0,1,-1
930,246097524390705,train_oof,1,phishing,1,phishing,0.987913,0.012087,True,TP,4,1,-1,1,-1,1,1,-1,-1,-1,-1
931,163600880901516,train_oof,1,phishing,1,phishing,0.95989,0.04011,True,TP,4,1,-1,1,-1,1,1,-1,-1,1,-1
933,101326155824494,train_oof,1,phishing,1,phishing,0.655341,0.344659,True,TP,2,1,-1,1,-1,-1,1,1,0,-1,-1
936,261873513217492,train_oof,0,legitimate,0,legitimate,0.068096,0.931904,True,TN,5,-1,-1,-1,-1,0,1,1,0,0,-1
937,204855214785050,train_oof,0,legitimate,0,legitimate,0.06482,0.93518,True,TN,2,1,1,1,-1,0,1,1,0,0,1
938,209880461327348,train_oof,1,phishing,1,phishing,0.998963,0.001037,True,TP,3,1,-1,1,-1,0,-1,-1,-1,0,-1
939,91003787149102,train_oof,0,legitimate,0,legitimate,0.002695,0.997305,True,TN,1,1,-1,1,1,0,-1,-1,1,1,-1
940,243099338139970,train_oof,1,phishing,1,phishing,0.586441,0.413559,True,TP,2,1,-1,1,-1,-1,1,-1,0,0,-1
942,142546763308811,train_oof,1,phishing,0,legitimate,0.378182,0.621818,False,FN,4,1,-1,1,-1,0,1,-1,0,0,-1
944,79917227406130,train_oof,0,legitimate,0,legitimate,0.15154,0.84846,True,TN,1,1,-1,1,-1,-1,1,-1,1,1,-1
945,186583371588694,train_oof,0,legitimate,0,legitimate,0.042698,0.957302,True,TN,1,-1,-1,-1,-1,-1,1,1,0,0,-1
946,258007234101555,train_oof,0,legitimate,0,legitimate,0.228118,0.771882,True,TN,5,-1,-1,-1,-1,-1,1,1,0,-1,-1
947,202875403814503,train_oof,1,phishing,0,legitimate,0.378182,0.621818,False,FN,4,1,-1,1,-1,0,1,-1,0,0,-1
948,34410106757011,train_oof,0,legitimate,0,legitimate,0.235943,0.764057,True,TN,3,1,-1,1,-1,1,-1,1,0,-1,-1
949,234744068489839,train_oof,0,legitimate,0,legitimate,0.118059,0.881941,True,TN,5,1,-1,1,-1,0,1,1,0,1,-1
950,154680988396412,train_oof,0,legitimate,0,legitimate,0.078682,0.921318,True,TN,3,1,1,1,-1,0,-1,1,1,-1,1
951,49237647320950,train_oof,1,phishing,1,phishing,0.521058,0.478942,True,TP,1,1,-1,1,-1,-1,1,-1,0,0,-1
952,142229725061025,train_oof,0,legitimate,0,legitimate,0.064782,0.935218,True,TN,4,1,-1,1,-1,0,1,1,1,0,-1
953,226719101086538,train_oof,1,phishing,1,phishing,0.972753,0.027247,True,TP,2,1,1,1,-1,-1,1,1,-1,0,1
954,279537842744037,train_oof,0,legitimate,0,legitimate,0.006766,0.993234,True,TN,4,1,-1,1,1,-1,1,-1,0,1,-1
955,56245142814942,train_oof,0,legitimate,0,legitimate,0.212628,0.787372,True,TN,4,1,-1,1,-1,1,1,1,0,0,-1
956,14955219724721,train_oof,0,legitimate,0,legitimate,0.172764,0.827236,True,TN,4,1,-1,1,-1,0,1,-1,1,1,-1
957,132834875050455,train_oof,1,phishing,1,phishing,0.99884,0.00116,True,TP,5,1,-1,1,-1,-1,1,-1,-1,-1,-1
959,52287563547833,train_oof,0,legitimate,0,legitimate,0.325018,0.674982,True,TN,2,1,-1,1,-1,0,1,1,0,0,-1
960,247284096034510,train_oof,1,phishing,1,phishing,0.99742,0.00258,True,TP,3,1,-1,1,-1,0,1,1,-1,0,-1
963,155337226572269,train_oof,0,legitimate,0,legitimate,0.006369,0.993631,True,TN,5,-1,-1,-1,1,-1,1,1,1,-1,-1
964,92020774662414,train_oof,0,legitimate,1,phishing,0.673601,0.326399,False,FP,4,1,-1,1,-1,0,1,-1,0,-1,-1
965,74261078808531,train_oof,0,legitimate,0,legitimate,0.007672,0.992328,True,TN,2,1,-1,1,1,0,1,-1,0,-1,-1
966,169874101725680,train_oof,0,legitimate,0,legitimate,0.000853,0.999147,True,TN,5,1,1,1,1,1,-1,1,1,1,1
967,219674335520752,train_oof,1,phishing,1,phishing,0.56813,0.43187,True,TP,5,1,-1,1,-1,-1,1,-1,0,0,-1
968,75487345195053,train_oof,1,phishing,1,phishing,0.992709,0.007291,True,TP,5,1,1,1,-1,0,1,1,-1,-1,1
969,109463730511443,train_oof,0,legitimate,0,legitimate,0.069871,0.930129,True,TN,1,-1,1,-1,1,1,1,1,0,0,1
970,96556523451829,train_oof,0,legitimate,1,phishing,0.800515,0.199485,False,FP,3,1,-1,1,-1,-1,1,-1,0,-1,-1
971,98239947165968,train_oof,0,legitimate,0,legitimate,0.05243,0.94757,True,TN,4,1,1,1,-1,1,1,1,1,1,1
974,81720100998219,train_oof,1,phishing,1,phishing,0.973112,0.026888,True,TP,5,1,1,1,-1,0,-1,1,-1,1,1
976,259547730602575,train_oof,1,phishing,0,legitimate,0.43634,0.56366,False,FN,5,1,-1,1,-1,0,-1,-1,0,0,-1
978,219674335520752,train_oof,1,phishing,1,phishing,0.56813,0.43187,True,TP,5,1,-1,1,-1,-1,1,-1,0,0,-1
980,48956573182950,train_oof,0,legitimate,0,legitimate,0.005011,0.994989,True,TN,5,1,-1,1,1,0,1,1,0,0,-1
981,163939208279539,train_oof,0,legitimate,1,phishing,0.758443,0.241557,False,FP,1,1,-1,1,-1,-1,1,1,0,-1,-1
983,24397875346880,train_oof,1,phishing,1,phishing,0.9992,0.0008,True,TP,3,1,-1,1,-1,-1,1,-1,-1,-1,-1
984,141505731925153,train_oof,0,legitimate,0,legitimate,0.068166,0.931834,True,TN,2,1,-1,1,-1,0,1,1,1,0,-1
985,186225229625756,train_oof,1,phishing,0,legitimate,0.200293,0.799707,False,FN,3,1,1,1,-1,-1,1,1,0,1,1
986,114425027661943,train_oof,0,legitimate,0,legitimate,0.003847,0.996153,True,TN,1,1,-1,1,-1,1,1,1,1,1,-1
988,156584377116813,train_oof,0,legitimate,1,phishing,0.503784,0.496216,False,FP,1,1,-1,1,-1,-1,-1,1,0,0,-1
989,14748080641980,train_oof,1,phishing,1,phishing,0.684331,0.315669,True,TP,5,1,-1,1,-1,0,1,1,0,-1,-1
990,154130890173267,train_oof,0,legitimate,0,legitimate,0.259419,0.740581,True,TN,3,1,-1,1,-1,1,1,-1,0,0,-1
991,261296856492761,train_oof,1,phishing,1,phishing,0.989672,0.010328,True,TP,4,1,-1,1,-1,-1,1,-1,-1,1,-1
992,9083692190648,train_oof,1,phishing,1,phishing,0.800886,0.199114,True,TP,4,1,-1,1,-1,-1,1,-1,0,-1,-1
993,244126160492820,train_oof,0,legitimate,0,legitimate,0.045472,0.954528,True,TN,2,1,1,1,-1,0,-1,1,0,0,1
994,261564116137749,train_oof,1,phishing,1,phishing,0.996426,0.003574,True,TP,3,1,1,1,-1,0,1,1,-1,0,1
995,136888791896894,train_oof,0,legitimate,1,phishing,0.799991,0.200009,False,FP,1,1,-1,1,-1,-1,1,-1,0,-1,-1
996,187796755108668,train_oof,1,phishing,1,phishing,0.586441,0.413559,True,TP,2,1,-1,1,-1,-1,1,-1,0,0,-1
997,114607137612016,train_oof,1,phishing,1,phishing,0.99884,0.00116,True,TP,5,1,-1,1,-1,-1,1,-1,-1,-1,-1
998,78770632770969,train_oof,1,phishing,1,phishing,0.998384,0.001616,True,TP,3,1,-1,1,-1,0,1,-1,-1,-1,-1
999,268569774023478,train_oof,0,legitimate,0,legitimate,0.107353,0.892647,True,TN,3,1,-1,1,-1,-1,1,-1,1,1,-1
1000,240826878049558,train_oof,1,phishing,0,legitimate,0.206913,0.793087,False,FN,2,1,-1,1,-1,1,1,1,0,1,-1
1001,260407473919436,train_oof,0,legitimate,0,legitimate,0.003003,0.996997,True,TN,4,1,-1,1,-1,1,1,1,1,1,-1
1003,13222331037414,train_oof,0,legitimate,1,phishing,0.589537,0.410463,False,FP,3,1,-1,1,-1,-1,1,-1,0,0,-1
1004,29798969514886,train_oof,0,legitimate,0,legitimate,0.002695,0.997305,True,TN,1,1,-1,1,1,0,-1,-1,1,1,-1
1005,151527596263673,train_oof,1,phishing,0,legitimate,0.451383,0.548617,False,FN,4,1,-1,1,-1,-1,1,1,0,0,-1
1008,247035806739669,train_oof,1,phishing,1,phishing,0.968516,0.031484,True,TP,3,1,-1,1,-1,-1,-1,1,-1,0,-1
1009,12278788462849,train_oof,1,phishing,1,phishing,0.655341,0.344659,True,TP,2,1,-1,1,-1,-1,1,1,0,-1,-1
1010,24827799531734,train_oof,0,legitimate,0,legitimate,0.232429,0.767571,True,TN,2,1,-1,1,-1,1,1,1,0,0,-1
1011,276022502359479,train_oof,1,phishing,1,phishing,0.678846,0.321154,True,TP,5,1,-1,1,-1,-1,1,1,0,-1,-1
1012,94444547466684,train_oof,1,phishing,1,phishing,0.988286,0.011714,True,TP,4,1,-1,1,-1,-1,-1,-1,-1,1,-1
1013,97452065506474,train_oof,0,legitimate,0,legitimate,0.214115,0.785885,True,TN,5,1,-1,1,-1,1,1,1,0,0,-1
1014,220113697388121,train_oof,1,phishing,1,phishing,0.997441,0.002559,True,TP,5,1,-1,1,-1,0,1,1,-1,-1,-1
1015,44646305209202,train_oof,0,legitimate,0,legitimate,0.030936,0.969064,True,TN,1,-1,-1,-1,-1,0,1,1,1,0,-1
1016,175474184700776,train_oof,1,phishing,1,phishing,0.949703,0.050297,True,TP,4,1,-1,1,-1,-1,1,1,-1,0,-1
1018,186435466641691,train_oof,0,legitimate,0,legitimate,0.069522,0.930478,True,TN,1,-1,-1,-1,-1,1,1,-1,0,1,-1
1019,25589422353485,train_oof,1,phishing,1,phishing,0.99742,0.00258,True,TP,3,1,-1,1,-1,0,1,1,-1,0,-1
1020,45225955411088,train_oof,0,legitimate,0,legitimate,0.075991,0.924009,True,TN,2,1,-1,1,-1,0,-1,-1,1,0,-1
1021,222272817729771,train_oof,0,legitimate,1,phishing,0.53712,0.46288,False,FP,1,1,-1,1,-1,-1,1,1,0,0,-1
1022,25658884321558,train_oof,1,phishing,1,phishing,0.989023,0.010977,True,TP,2,1,1,1,-1,0,1,1,-1,-1,1
1025,234744068489839,train_oof,0,legitimate,0,legitimate,0.118059,0.881941,True,TN,5,1,-1,1,-1,0,1,1,0,1,-1
1027,278904268674713,train_oof,0,legitimate,0,legitimate,0.00137,0.99863,True,TN,5,1,1,1,1,-1,1,1,1,0,1
1028,224180390217346,train_oof,1,phishing,1,phishing,0.701071,0.298929,True,TP,4,1,-1,1,-1,0,1,1,0,-1,-1
1029,37175226631558,train_oof,1,phishing,1,phishing,0.652162,0.347838,True,TP,1,1,-1,1,-1,0,1,-1,0,-1,-1
1030,233668607714781,train_oof,0,legitimate,0,legitimate,0.159467,0.840533,True,TN,1,1,-1,1,-1,-1,1,1,0,1,-1
1031,128851850654365,train_oof,1,phishing,1,phishing,0.997146,0.002854,True,TP,5,1,-1,1,-1,0,1,-1,-1,0,-1
1032,65175421621687,train_oof,1,phishing,0,legitimate,0.011234,0.988766,False,FN,5,1,1,1,-1,0,1,1,1,0,1
1033,203009614798371,train_oof,0,legitimate,0,legitimate,0.00052,0.99948,True,TN,4,1,1,1,1,1,1,1,1,0,1
1034,201606181854273,train_oof,1,phishing,0,legitimate,0.298335,0.701665,False,FN,4,1,-1,1,-1,0,1,-1,0,1,-1
1035,220624427692080,train_oof,0,legitimate,0,legitimate,0.298335,0.701665,True,TN,4,1,-1,1,-1,0,1,-1,0,1,-1
1036,218906408424373,train_oof,1,phishing,1,phishing,0.961959,0.038041,True,TP,5,1,1,1,-1,-1,-1,-1,-1,0,1
1038,36389520962394,train_oof,1,phishing,1,phishing,0.991641,0.008359,True,TP,5,1,1,1,-1,-1,1,1,-1,-1,1
1039,19287778250290,train_oof,0,legitimate,1,phishing,0.654194,0.345806,False,FP,3,1,-1,1,-1,0,1,-1,0,-1,-1
1040,14472621759361,train_oof,0,legitimate,0,legitimate,0.000931,0.999069,True,TN,5,-1,-1,-1,1,1,1,1,1,1,-1
1041,81648968881650,train_oof,1,phishing,1,phishing,0.992966,0.007034,True,TP,2,1,-1,1,-1,-1,1,1,-1,-1,-1
1043,166290523930044,train_oof,1,phishing,1,phishing,0.990797,0.009203,True,TP,3,1,-1,1,-1,0,1,1,-1,1,-1
1044,157025576028330,train_oof,0,legitimate,0,legitimate,0.206913,0.793087,True,TN,2,1,-1,1,-1,1,1,1,0,1,-1
1045,227862650355450,train_oof,0,legitimate,0,legitimate,0.001001,0.998999,True,TN,5,-1,-1,-1,1,0,1,1,1,1,-1
1046,70256624573090,train_oof,1,phishing,1,phishing,0.99841,0.00159,True,TP,3,1,-1,1,-1,-1,1,-1,-1,0,-1
1047,42392789916721,train_oof,0,legitimate,1,phishing,0.589537,0.410463,False,FP,3,1,-1,1,-1,-1,1,-1,0,0,-1
1049,143832247397184,train_oof,1,phishing,1,phishing,0.997441,0.002559,True,TP,5,1,-1,1,-1,0,1,1,-1,-1,-1
1050,209966077121280,train_oof,1,phishing,1,phishing,0.999076,0.000924,True,TP,2,1,-1,1,-1,-1,1,-1,-1,0,-1
1051,81929969695481,train_oof,0,legitimate,0,legitimate,0.005483,0.994517,True,TN,2,1,-1,1,1,-1,1,-1,1,1,-1
1054,220578278099674,train_oof,1,phishing,1,phishing,0.995511,0.004489,True,TP,5,1,-1,1,-1,0,1,1,-1,0,-1
1055,117973608132886,train_oof,1,phishing,1,phishing,0.996678,0.003322,True,TP,3,1,-1,1,-1,0,1,-1,-1,0,-1
1057,181266645426917,train_oof,0,legitimate,0,legitimate,0.035705,0.964295,True,TN,3,1,1,1,-1,-1,1,1,1,1,1
1058,139224429948755,train_oof,0,legitimate,1,phishing,0.708167,0.291833,False,FP,2,1,-1,1,-1,-1,1,-1,1,-1,-1
1060,84730890213714,train_oof,1,phishing,1,phishing,0.993588,0.006412,True,TP,2,1,1,1,-1,0,1,1,-1,0,1
1061,1517643756241,train_oof,0,legitimate,0,legitimate,0.00939,0.99061,True,TN,2,1,-1,1,1,-1,1,-1,0,1,-1
1062,225099854684787,train_oof,1,phishing,1,phishing,0.997133,0.002867,True,TP,1,1,-1,1,-1,-1,1,-1,-1,0,-1
1063,155502235442149,train_oof,1,phishing,1,phishing,0.999076,0.000924,True,TP,2,1,-1,1,-1,-1,1,-1,-1,0,-1
1064,83181608023828,train_oof,0,legitimate,0,legitimate,0.010109,0.989891,True,TN,2,1,-1,1,-1,1,1,1,1,0,-1
1065,49149455616722,train_oof,1,phishing,1,phishing,0.999106,0.000894,True,TP,5,1,-1,1,-1,0,1,-1,-1,-1,-1
1067,151653196275963,train_oof,0,legitimate,0,legitimate,0.075995,0.924005,True,TN,3,1,-1,1,-1,-1,-1,1,0,1,-1
1068,64411570125516,train_oof,0,legitimate,0,legitimate,0.003709,0.996291,True,TN,3,-1,-1,-1,1,0,1,1,0,0,-1
1069,280116223591381,train_oof,1,phishing,1,phishing,0.967021,0.032979,True,TP,3,-1,-1,-1,-1,-1,-1,1,-1,1,-1
1071,38653190134831,train_oof,0,legitimate,0,legitimate,0.027327,0.972673,True,TN,4,1,-1,1,1,0,1,1,0,-1,-1
1072,49274606206125,train_oof,0,legitimate,0,legitimate,0.005353,0.994647,True,TN,3,1,-1,1,-1,1,1,1,1,1,-1
1073,222272817729771,train_oof,0,legitimate,1,phishing,0.53712,0.46288,False,FP,1,1,-1,1,-1,-1,1,1,0,0,-1
1074,263107841049376,train_oof,1,phishing,1,phishing,0.800515,0.199485,True,TP,3,1,-1,1,-1,-1,1,-1,0,-1,-1
1075,7330817827016,train_oof,0,legitimate,0,legitimate,0.00344,0.99656,True,TN,3,1,-1,1,1,-1,1,1,1,0,-1
1077,163939208279539,train_oof,1,phishing,1,phishing,0.758443,0.241557,True,TP,1,1,-1,1,-1,-1,1,1,0,-1,-1
1078,240312452637341,train_oof,1,phishing,1,phishing,0.997146,0.002854,True,TP,5,1,-1,1,-1,0,1,-1,-1,0,-1
1079,115194727539728,train_oof,0,legitimate,0,legitimate,0.040878,0.959122,True,TN,3,1,1,1,-1,0,1,1,0,0,1
1080,75322369492628,train_oof,0,legitimate,0,legitimate,0.010146,0.989854,True,TN,3,1,1,1,1,0,1,1,1,0,1
1081,38136082227528,train_oof,0,legitimate,0,legitimate,0.011967,0.988033,True,TN,1,1,-1,1,-1,1,-1,1,1,1,-1
1084,229976790128934,train_oof,1,phishing,1,phishing,0.999577,0.000423,True,TP,2,1,-1,1,-1,-1,1,-1,-1,-1,-1
1086,261568486396091,train_oof,1,phishing,1,phishing,0.998561,0.001439,True,TP,1,-1,-1,-1,-1,0,1,-1,-1,1,-1
1087,217065374200705,train_oof,1,phishing,1,phishing,0.994679,0.005321,True,TP,2,1,-1,1,-1,0,1,1,-1,0,-1
1090,170470810986605,train_oof,0,legitimate,0,legitimate,0.035202,0.964798,True,TN,4,1,-1,1,1,-1,1,1,0,-1,-1
1091,269670746122176,train_oof,1,phishing,1,phishing,0.996826,0.003174,True,TP,1,-1,-1,-1,-1,0,-1,1,-1,1,-1
1092,70562624385736,train_oof,1,phishing,1,phishing,0.995772,0.004228,True,TP,2,-1,-1,-1,-1,0,1,-1,-1,1,-1
1093,162479791311601,train_oof,1,phishing,1,phishing,0.995511,0.004489,True,TP,5,1,-1,1,-1,0,1,1,-1,0,-1
1094,146422052002021,train_oof,1,phishing,1,phishing,0.941787,0.058213,True,TP,1,1,-1,1,-1,-1,1,1,-1,0,-1
1096,234747255859211,train_oof,0,legitimate,0,legitimate,0.379817,0.620183,True,TN,2,1,-1,1,-1,1,1,1,0,-1,-1
1098,6100049963719,train_oof,1,phishing,1,phishing,0.998101,0.001899,True,TP,4,1,-1,1,-1,-1,1,-1,-1,0,-1
1099,154066044260751,train_oof,0,legitimate,0,legitimate,0.293391,0.706609,True,TN,2,1,-1,1,-1,0,-1,1,0,-1,-1
1101,153257629213787,train_oof,0,legitimate,0,legitimate,0.011234,0.988766,True,TN,5,1,1,1,-1,0,1,1,1,0,1
1102,26378427423202,train_oof,1,phishing,1,phishing,0.799991,0.200009,True,TP,1,1,-1,1,-1,-1,1,-1,0,-1,-1
1104,107070148611143,train_oof,1,phishing,1,phishing,0.979519,0.020481,True,TP,1,-1,-1,-1,-1,0,1,1,-1,1,-1
1105,240600538468486,train_oof,0,legitimate,0,legitimate,0.004852,0.995148,True,TN,2,1,-1,1,1,-1,1,1,0,0,-1
1106,23114839470703,train_oof,0,legitimate,0,legitimate,0.07103,0.92897,True,TN,5,-1,-1,-1,-1,1,1,1,1,-1,-1
1107,115415907743960,train_oof,1,phishing,1,phishing,0.719882,0.280118,True,TP,4,1,-1,1,-1,-1,1,1,0,-1,-1
1108,12241782814786,train_oof,0,legitimate,0,legitimate,0.02385,0.97615,True,TN,1,1,-1,1,1,0,1,-1,1,-1,-1
1109,260407473919436,train_oof,0,legitimate,0,legitimate,0.003003,0.996997,True,TN,4,1,-1,1,-1,1,1,1,1,1,-1
1110,190855608439965,train_oof,1,phishing,1,phishing,0.985021,0.014979,True,TP,2,-1,1,-1,-1,0,-1,1,-1,1,1
1111,43241488349087,train_oof,1,phishing,1,phishing,0.994679,0.005321,True,TP,2,1,-1,1,-1,0,1,1,-1,0,-1
1114,272779661511716,train_oof,0,legitimate,0,legitimate,0.406399,0.593601,True,TN,2,1,-1,1,-1,0,1,-1,0,0,-1
1116,276592674381227,train_oof,1,phishing,1,phishing,0.993757,0.006243,True,TP,2,1,-1,1,-1,0,-1,1,-1,0,-1
1117,198773711216776,train_oof,1,phishing,0,legitimate,0.464662,0.535338,False,FN,3,1,-1,1,-1,-1,1,1,0,0,-1
1118,197663003313425,train_oof,0,legitimate,1,phishing,0.58005,0.41995,False,FP,1,1,-1,1,-1,1,1,-1,0,-1,-1
1123,264128725573138,train_oof,0,legitimate,0,legitimate,0.039024,0.960976,True,TN,5,1,-1,1,-1,-1,1,1,1,1,-1
1124,76301897762719,train_oof,1,phishing,1,phishing,0.999106,0.000894,True,TP,5,1,-1,1,-1,0,1,-1,-1,-1,-1
1126,167340332842542,train_oof,1,phishing,0,legitimate,0.298335,0.701665,False,FN,4,1,-1,1,-1,0,1,-1,0,1,-1
1127,40410666288866,train_oof,0,legitimate,0,legitimate,0.246086,0.753914,True,TN,4,-1,1,-1,-1,0,1,1,0,-1,1
1129,38353729549476,train_oof,0,legitimate,0,legitimate,0.139007,0.860993,True,TN,2,1,-1,1,-1,-1,1,-1,1,1,-1
1130,75324552249529,train_oof,0,legitimate,0,legitimate,0.07869,0.92131,True,TN,4,1,1,1,-1,-1,1,1,1,0,1
1131,141784193886446,train_oof,0,legitimate,0,legitimate,0.112593,0.887407,True,TN,5,1,-1,1,-1,-1,-1,-1,1,1,-1
1132,88371872064270,train_oof,1,phishing,1,phishing,0.99805,0.00195,True,TP,4,1,-1,1,-1,0,1,-1,-1,0,-1
1133,116622309065094,train_oof,0,legitimate,0,legitimate,0.384521,0.615479,True,TN,2,1,1,1,1,-1,1,1,-1,0,1
1134,125546284971173,train_oof,0,legitimate,0,legitimate,0.234547,0.765453,True,TN,3,1,1,1,-1,-1,1,1,0,0,1
1135,8282079733729,train_oof,0,legitimate,0,legitimate,0.005272,0.994728,True,TN,4,1,-1,1,1,1,-1,1,0,-1,-1
1136,101165813005840,train_oof,1,phishing,1,phishing,0.652162,0.347838,True,TP,1,1,-1,1,-1,0,1,-1,0,-1,-1
1138,89439560763702,train_oof,1,phishing,1,phishing,0.980423,0.019577,True,TP,1,-1,1,-1,-1,0,-1,1,-1,1,1
1139,121424443441616,train_oof,0,legitimate,1,phishing,0.724541,0.275459,False,FP,3,1,-1,1,-1,-1,1,1,0,-1,-1
1140,180729535579387,train_oof,0,legitimate,0,legitimate,0.196702,0.803298,True,TN,1,1,-1,1,-1,0,1,-1,1,1,-1
1142,190562178869987,train_oof,1,phishing,1,phishing,0.991114,0.008886,True,TP,4,1,-1,1,-1,-1,1,1,-1,-1,-1
1143,157989350806615,train_oof,1,phishing,1,phishing,0.999312,0.000688,True,TP,4,1,-1,1,-1,-1,1,-1,-1,-1,-1
1144,120711640551854,train_oof,1,phishing,0,legitimate,0.236957,0.763043,False,FN,1,-1,1,-1,-1,1,1,1,0,-1,1
1145,263492643894946,train_oof,1,phishing,1,phishing,0.994679,0.005321,True,TP,2,1,-1,1,-1,0,1,1,-1,0,-1
1146,116307050891363,train_oof,0,legitimate,0,legitimate,0.031013,0.968987,True,TN,5,1,-1,1,-1,1,1,-1,1,0,-1
1148,267802931647167,train_oof,1,phishing,0,legitimate,0.186836,0.813164,False,FN,1,1,-1,1,-1,1,1,1,0,1,-1
1149,108717484068976,train_oof,1,phishing,1,phishing,0.951714,0.048286,True,TP,2,1,-1,1,-1,-1,1,1,-1,1,-1
1150,70974548181115,train_oof,0,legitimate,0,legitimate,0.0,1.0,True,TN,4,-1,-1,-1,1,1,1,1,1,0,-1
1151,105025210938251,train_oof,0,legitimate,0,legitimate,0.252304,0.747696,True,TN,2,1,-1,1,-1,1,1,-1,0,0,-1
1152,34862551449281,train_oof,0,legitimate,0,legitimate,0.025693,0.974307,True,TN,2,1,-1,1,-1,-1,1,1,1,1,-1
1153,7871480594827,train_oof,0,legitimate,0,legitimate,0.000141,0.999859,True,TN,1,1,-1,1,1,1,1,-1,1,1,-1
1155,64636856185489,train_oof,0,legitimate,0,legitimate,0.291892,0.708108,True,TN,3,1,-1,1,-1,1,-1,-1,0,0,-1
1156,131410537025877,train_oof,0,legitimate,0,legitimate,0.424827,0.575173,True,TN,2,1,-1,1,1,-1,1,1,-1,-1,-1
1157,232151202383544,train_oof,0,legitimate,0,legitimate,0.122581,0.877419,True,TN,3,1,-1,1,-1,0,-1,1,0,1,-1
1158,195336112706119,train_oof,1,phishing,1,phishing,0.988756,0.011244,True,TP,1,1,-1,1,-1,-1,1,1,-1,-1,-1
1159,44326346147861,train_oof,1,phishing,1,phishing,0.822009,0.177991,True,TP,5,1,-1,1,-1,-1,1,-1,0,-1,-1
1160,186620934792476,train_oof,1,phishing,1,phishing,0.995747,0.004253,True,TP,4,1,-1,1,-1,0,1,-1,-1,1,-1
1162,278724506787427,train_oof,1,phishing,1,phishing,0.949703,0.050297,True,TP,4,1,-1,1,-1,-1,1,1,-1,0,-1
1163,168614137753802,train_oof,0,legitimate,0,legitimate,0.038138,0.961862,True,TN,2,-1,-1,-1,-1,-1,1,1,1,1,-1
1164,137482524445062,train_oof,0,legitimate,0,legitimate,0.246374,0.753626,True,TN,2,-1,1,-1,-1,1,1,1,0,-1,1
1165,142494024628163,train_oof,0,legitimate,0,legitimate,0.043761,0.956239,True,TN,1,-1,-1,-1,-1,1,1,1,1,0,-1
1166,34356867763533,train_oof,0,legitimate,0,legitimate,0.408108,0.591892,True,TN,3,1,-1,1,-1,0,1,-1,0,0,-1
1167,166815493344434,train_oof,1,phishing,1,phishing,0.994767,0.005233,True,TP,1,1,-1,1,-1,0,-1,1,-1,0,-1
1169,35867422128159,train_oof,0,legitimate,0,legitimate,0.00166,0.99834,True,TN,2,-1,-1,-1,1,-1,1,1,0,0,-1
1171,186250784674875,train_oof,0,legitimate,0,legitimate,0.270682,0.729318,True,TN,3,1,-1,1,-1,1,1,1,0,1,-1
1172,222272817729771,train_oof,0,legitimate,1,phishing,0.53712,0.46288,False,FP,1,1,-1,1,-1,-1,1,1,0,0,-1
1173,251817802180651,train_oof,0,legitimate,0,legitimate,0.432337,0.567663,True,TN,4,1,-1,1,-1,1,1,1,0,-1,-1
1174,242287847886167,train_oof,1,phishing,1,phishing,0.985432,0.014568,True,TP,4,1,-1,1,-1,0,-1,1,-1,1,-1
1175,113871591644774,train_oof,1,phishing,1,phishing,0.992002,0.007998,True,TP,5,1,-1,1,-1,0,1,1,-1,1,-1
1176,186910165330597,train_oof,0,legitimate,0,legitimate,0.040323,0.959677,True,TN,2,1,-1,1,-1,1,1,-1,1,1,-1
1177,278546548538116,train_oof,0,legitimate,0,legitimate,0.374259,0.625741,True,TN,5,1,-1,1,-1,-1,1,-1,0,1,-1
1178,89271786372353,train_oof,1,phishing,1,phishing,0.997441,0.002559,True,TP,5,1,-1,1,-1,0,1,1,-1,-1,-1
1179,157661531831514,train_oof,0,legitimate,0,legitimate,0.054594,0.945406,True,TN,5,1,1,1,-1,-1,-1,1,0,-1,1
1181,237699215322831,train_oof,1,phishing,1,phishing,0.995608,0.004392,True,TP,3,-1,-1,-1,-1,0,-1,1,-1,1,-1
1182,261770564528320,train_oof,0,legitimate,0,legitimate,0.28966,0.71034,True,TN,5,1,1,1,-1,-1,1,1,0,1,1
1183,64293678159901,train_oof,1,phishing,1,phishing,0.99884,0.00116,True,TP,5,1,-1,1,-1,-1,1,-1,-1,-1,-1
1184,106521709422638,train_oof,1,phishing,1,phishing,0.998456,0.001544,True,TP,2,-1,-1,-1,-1,0,-1,-1,-1,1,-1
1185,219533580557130,train_oof,0,legitimate,0,legitimate,0.000743,0.999257,True,TN,3,1,1,1,1,1,1,1,1,0,1
1186,267802931647167,train_oof,1,phishing,0,legitimate,0.186836,0.813164,False,FN,1,1,-1,1,-1,1,1,1,0,1,-1
1187,232151202383544,train_oof,0,legitimate,0,legitimate,0.122581,0.877419,True,TN,3,1,-1,1,-1,0,-1,1,0,1,-1
1189,139970243497281,train_oof,0,legitimate,0,legitimate,0.156005,0.843995,True,TN,4,1,-1,1,-1,-1,1,1,0,1,-1
1190,74439805531772,train_oof,0,legitimate,0,legitimate,0.05243,0.94757,True,TN,4,1,1,1,-1,1,1,1,1,1,1
1191,160161656226587,train_oof,0,legitimate,0,legitimate,0.397364,0.602636,True,TN,1,1,-1,1,-1,0,1,1,1,-1,-1
1192,118023725836322,train_oof,1,phishing,1,phishing,0.678846,0.321154,True,TP,5,1,-1,1,-1,-1,1,1,0,-1,-1
1194,210835354442714,train_oof,0,legitimate,0,legitimate,0.056758,0.943242,True,TN,3,1,1,1,-1,0,1,1,0,1,1
1195,102170114128584,train_oof,0,legitimate,0,legitimate,0.084552,0.915448,True,TN,2,-1,1,-1,-1,-1,1,1,1,0,1
1196,254645903133580,train_oof,1,phishing,1,phishing,0.992375,0.007625,True,TP,4,1,-1,1,-1,0,1,1,-1,0,-1
1197,235800724627269,train_oof,1,phishing,1,phishing,0.997925,0.002075,True,TP,3,1,-1,1,-1,-1,-1,-1,-1,0,-1
1198,255787317833017,train_oof,0,legitimate,0,legitimate,0.035202,0.964798,True,TN,4,1,-1,1,1,-1,1,1,0,-1,-1
1200,261564116137749,train_oof,1,phishing,1,phishing,0.996426,0.003574,True,TP,3,1,1,1,-1,0,1,1,-1,0,1
1201,11118332588827,train_oof,0,legitimate,0,legitimate,0.004801,0.995199,True,TN,1,1,-1,1,-1,1,1,1,1,0,-1
1202,143219247161069,train_oof,0,legitimate,0,legitimate,0.327907,0.672093,True,TN,3,1,-1,1,-1,1,1,-1,0,1,-1
1206,217715725801712,train_oof,0,legitimate,0,legitimate,0.010844,0.989156,True,TN,1,1,1,1,1,1,1,1,0,1,1
1207,205970732802673,train_oof,0,legitimate,0,legitimate,0.040323,0.959677,True,TN,2,1,-1,1,-1,1,1,-1,1,1,-1
1208,239746971741568,train_oof,0,legitimate,0,legitimate,0.068591,0.931409,True,TN,1,-1,-1,-1,-1,-1,1,1,0,1,-1
1209,186620934792476,train_oof,1,phishing,1,phishing,0.995747,0.004253,True,TP,4,1,-1,1,-1,0,1,-1,-1,1,-1
1210,10296154248340,train_oof,0,legitimate,0,legitimate,0.432345,0.567655,True,TN,5,1,-1,1,-1,0,1,-1,0,0,-1
1211,252415280405169,train_oof,1,phishing,1,phishing,0.991399,0.008601,True,TP,2,1,-1,1,-1,0,-1,-1,-1,-1,-1
1212,99488535263979,train_oof,1,phishing,1,phishing,0.586441,0.413559,True,TP,2,1,-1,1,-1,-1,1,-1,0,0,-1
1215,234744068489839,train_oof,0,legitimate,0,legitimate,0.118059,0.881941,True,TN,5,1,-1,1,-1,0,1,1,0,1,-1
1216,196612421058686,train_oof,1,phishing,1,phishing,0.986591,0.013409,True,TP,5,1,-1,1,-1,-1,1,1,-1,-1,-1
1218,47123246727076,train_oof,0,legitimate,0,legitimate,0.464662,0.535338,True,TN,3,1,-1,1,-1,-1,1,1,0,0,-1
1219,143876352279321,train_oof,0,legitimate,0,legitimate,0.000141,0.999859,True,TN,1,1,-1,1,1,1,1,-1,1,1,-1
1221,100056541583851,train_oof,0,legitimate,0,legitimate,0.018032,0.981968,True,TN,1,1,1,1,1,0,1,1,0,-1,1
1223,199154403119161,train_oof,1,phishing,1,phishing,0.992696,0.007304,True,TP,2,1,-1,1,-1,-1,1,1,-1,0,-1
1225,221703479794310,train_oof,1,phishing,1,phishing,0.822009,0.177991,True,TP,5,1,-1,1,-1,-1,1,-1,0,-1,-1
1227,256537953938070,train_oof,0,legitimate,1,phishing,0.669292,0.330708,False,FP,3,1,-1,1,-1,1,1,-1,0,-1,-1
1228,81595376151391,train_oof,1,phishing,1,phishing,0.989934,0.010066,True,TP,3,-1,1,1,-1,-1,1,1,-1,1,-1
1229,80994233879001,train_oof,1,phishing,0,legitimate,0.414625,0.585375,False,FN,3,1,1,1,-1,0,1,1,0,-1,-1
1230,33845766860066,train_oof,1,phishing,1,phishing,0.667275,0.332725,True,TP,5,1,0,1,-1,-1,1,1,0,-1,-1
1231,132260575158191,train_oof,1,phishing,1,phishing,0.555986,0.444014,True,TP,3,1,0,1,-1,-1,1,-1,0,0,-1
1232,80879581031071,train_oof,0,legitimate,0,legitimate,0.080368,0.919632,True,TN,4,1,0,-1,-1,1,1,1,0,0,-1
1233,256118796507071,train_oof,0,legitimate,0,legitimate,0.126173,0.873827,True,TN,1,-1,0,-1,-1,1,1,1,0,0,-1
1234,53674420710861,train_oof,1,phishing,1,phishing,0.977643,0.022357,True,TP,4,1,0,-1,-1,-1,1,-1,-1,0,-1
1235,88230294501217,train_oof,1,phishing,1,phishing,0.894812,0.105188,True,TP,5,1,0,1,-1,-1,1,-1,0,-1,-1
1236,121279180911962,train_oof,0,legitimate,0,legitimate,0.074283,0.925717,True,TN,1,1,0,-1,-1,1,1,1,0,1,-1
1237,85798578329461,train_oof,1,phishing,0,legitimate,0.340218,0.659782,False,FN,1,1,1,-1,-1,-1,1,1,0,1,-1
1238,232930756335283,train_oof,0,legitimate,0,legitimate,0.379128,0.620872,True,TN,4,1,1,1,-1,0,1,-1,0,0,-1
1239,11246085885789,train_oof,1,phishing,1,phishing,0.94112,0.05888,True,TP,4,1,1,-1,-1,1,1,1,-1,-1,-1
1240,443604145517,train_oof,1,phishing,1,phishing,0.997567,0.002433,True,TP,5,-1,1,-1,-1,0,1,-1,-1,1,-1
1242,25322988862970,train_oof,0,legitimate,0,legitimate,0.033557,0.966443,True,TN,5,1,1,-1,1,-1,1,1,0,1,1
1243,98758163743672,train_oof,1,phishing,1,phishing,0.959508,0.040492,True,TP,3,1,-1,-1,-1,0,1,-1,-1,0,-1
1244,204370707294556,train_oof,1,phishing,0,legitimate,0.311202,0.688798,False,FN,5,1,-1,-1,-1,1,1,1,0,-1,-1
1245,142793911949868,train_oof,1,phishing,1,phishing,0.655341,0.344659,True,TP,2,1,-1,1,-1,-1,1,1,0,-1,-1
1247,115513589539512,train_oof,0,legitimate,0,legitimate,0.128368,0.871632,True,TN,4,1,1,1,-1,-1,1,1,0,0,-1
1248,147926948618540,train_oof,0,legitimate,0,legitimate,0.121377,0.878623,True,TN,2,1,0,-1,-1,0,1,1,0,0,-1
1250,104129815385930,train_oof,0,legitimate,0,legitimate,0.131922,0.868078,True,TN,5,1,1,1,-1,-1,1,1,0,0,-1
1253,1959149834071,train_oof,0,legitimate,0,legitimate,0.068166,0.931834,True,TN,2,1,-1,1,-1,0,1,1,1,0,-1
1256,144329523444518,train_oof,0,legitimate,0,legitimate,0.00272,0.99728,True,TN,4,1,-1,-1,1,-1,1,1,1,0,-1
1257,186731591707396,train_oof,0,legitimate,0,legitimate,0.16727,0.83273,True,TN,4,1,-1,1,-1,-1,1,1,1,0,-1
1258,228145417982579,train_oof,0,legitimate,0,legitimate,0.159467,0.840533,True,TN,1,1,-1,1,-1,-1,1,1,0,1,-1
1259,13477133043633,train_oof,0,legitimate,0,legitimate,0.294377,0.705623,True,TN,3,1,-1,1,-1,-1,-1,1,0,-1,-1
1260,235246413989651,train_oof,0,legitimate,0,legitimate,2.6e-05,0.999974,True,TN,3,1,-1,1,1,1,1,1,1,1,1
1261,68961699592372,train_oof,0,legitimate,0,legitimate,0.128107,0.871893,True,TN,3,1,0,1,-1,-1,1,1,0,1,-1
1262,270375492469858,train_oof,1,phishing,1,phishing,0.997221,0.002779,True,TP,3,1,0,1,-1,0,1,-1,-1,-1,-1
1263,216256338067249,train_oof,1,phishing,1,phishing,0.950892,0.049108,True,TP,4,1,0,1,-1,-1,1,1,-1,0,-1
1264,223291149249498,train_oof,1,phishing,1,phishing,0.996327,0.003673,True,TP,5,1,0,1,-1,-1,-1,-1,-1,0,-1
1265,127128109833655,train_oof,1,phishing,1,phishing,0.997804,0.002196,True,TP,2,1,0,1,-1,-1,-1,-1,-1,0,-1
1266,236567311632590,train_oof,0,legitimate,0,legitimate,0.011269,0.988731,True,TN,1,1,1,1,1,-1,1,1,1,-1,1
1267,25383920708889,train_oof,0,legitimate,0,legitimate,0.112269,0.887731,True,TN,3,1,-1,1,-1,0,1,-1,1,0,-1
1268,102186962375732,train_oof,0,legitimate,0,legitimate,1.9e-05,0.999981,True,TN,4,1,-1,1,1,1,1,1,1,0,-1
1269,42439965022889,train_oof,0,legitimate,0,legitimate,0.247261,0.752739,True,TN,1,-1,-1,-1,-1,1,1,1,0,-1,-1
1270,58001944461148,train_oof,1,phishing,1,phishing,0.996231,0.003769,True,TP,4,1,-1,1,-1,-1,-1,-1,-1,-1,-1
1271,83096265361369,train_oof,1,phishing,1,phishing,0.99718,0.00282,True,TP,4,1,-1,1,-1,0,-1,-1,-1,0,-1
1275,274665715757503,train_oof,1,phishing,1,phishing,0.822009,0.177991,True,TP,5,1,-1,1,-1,-1,1,-1,0,-1,-1
1276,56720849097063,train_oof,1,phishing,1,phishing,0.988756,0.011244,True,TP,1,1,-1,1,-1,-1,1,1,-1,-1,-1
1277,124127781568128,train_oof,0,legitimate,0,legitimate,0.195778,0.804222,True,TN,4,1,-1,1,-1,1,1,1,0,1,-1
1278,254823629978959,train_oof,1,phishing,0,legitimate,0.466414,0.533586,False,FN,1,1,-1,1,-1,1,1,1,0,-1,-1
1279,79273864318517,train_oof,0,legitimate,0,legitimate,0.005688,0.994312,True,TN,2,1,1,1,-1,1,-1,1,0,0,1
1280,150421207667596,train_oof,0,legitimate,0,legitimate,0.001396,0.998604,True,TN,3,-1,-1,-1,1,-1,1,1,1,1,-1
1283,170209312054736,train_oof,1,phishing,1,phishing,0.99718,0.00282,True,TP,4,1,-1,1,-1,0,-1,-1,-1,0,-1
1284,246186901777910,train_oof,0,legitimate,0,legitimate,4.4e-05,0.999956,True,TN,1,-1,-1,-1,1,1,1,1,0,0,-1
1285,205584289717959,train_oof,0,legitimate,0,legitimate,0.110341,0.889659,True,TN,5,1,-1,1,-1,1,-1,1,0,1,-1
1286,168279461844750,train_oof,1,phishing,0,legitimate,0.198022,0.801978,False,FN,3,1,-1,1,-1,-1,-1,1,0,0,-1
1287,249477520250594,train_oof,1,phishing,1,phishing,0.998677,0.001323,True,TP,5,-1,-1,-1,-1,0,-1,-1,-1,1,-1
1288,136747399509746,train_oof,1,phishing,0,legitimate,0.432337,0.567663,False,FN,4,1,-1,1,-1,1,1,1,0,-1,-1
1290,275618610040479,train_oof,0,legitimate,0,legitimate,0.002203,0.997797,True,TN,1,1,1,1,1,0,1,1,0,0,1
1291,174600273852287,train_oof,1,phishing,1,phishing,0.685108,0.314892,True,TP,2,1,-1,1,-1,-1,-1,-1,0,-1,-1
1292,210738623839423,train_oof,0,legitimate,0,legitimate,0.000782,0.999218,True,TN,3,1,1,1,1,1,-1,1,1,1,1
1293,15749231434598,train_oof,0,legitimate,0,legitimate,0.112269,0.887731,True,TN,3,1,-1,1,-1,0,1,-1,1,0,-1
1294,27286377176769,train_oof,1,phishing,1,phishing,0.92482,0.07518,True,TP,3,1,1,1,-1,-1,-1,1,-1,-1,1
1295,234752930683690,train_oof,1,phishing,0,legitimate,0.408108,0.591892,False,FN,3,1,-1,1,-1,0,1,-1,0,0,-1
1296,169522667255692,train_oof,0,legitimate,0,legitimate,0.028759,0.971241,True,TN,2,1,-1,1,1,-1,1,-1,1,-1,-1
1297,166028627749219,train_oof,1,phishing,1,phishing,0.99776,0.00224,True,TP,1,1,-1,1,-1,-1,1,-1,-1,-1,-1
1299,47752498411571,train_oof,0,legitimate,0,legitimate,0.194154,0.805846,True,TN,2,-1,-1,-1,-1,1,1,1,0,-1,-1
1300,175662237640949,train_oof,1,phishing,1,phishing,0.724541,0.275459,True,TP,3,1,-1,1,-1,-1,1,1,0,-1,-1
1302,80223032035029,train_oof,1,phishing,1,phishing,0.996691,0.003309,True,TP,2,1,-1,1,-1,0,1,-1,-1,1,-1
1303,12557397934636,train_oof,1,phishing,1,phishing,0.578337,0.421663,True,TP,4,1,-1,1,-1,1,1,-1,0,-1,-1
1304,278758766833939,train_oof,0,legitimate,0,legitimate,0.024546,0.975454,True,TN,1,1,-1,1,1,0,-1,-1,0,1,-1
1306,42075344519940,train_oof,1,phishing,1,phishing,0.992696,0.007304,True,TP,2,1,-1,1,-1,-1,1,1,-1,0,-1
1307,220360511301816,train_oof,0,legitimate,0,legitimate,0.046783,0.953217,True,TN,2,-1,-1,-1,-1,-1,1,1,1,0,-1
1308,212747507502792,train_oof,1,phishing,1,phishing,0.995707,0.004293,True,TP,1,1,-1,1,-1,0,1,-1,-1,0,-1
1309,253874898981584,train_oof,0,legitimate,0,legitimate,0.079998,0.920002,True,TN,5,1,1,1,-1,0,1,1,0,1,1
1311,23936285379948,train_oof,0,legitimate,0,legitimate,0.317478,0.682522,True,TN,5,1,1,1,-1,1,1,1,0,1,1
1312,42070409657910,train_oof,0,legitimate,0,legitimate,0.010113,0.989887,True,TN,5,1,1,1,-1,1,-1,1,0,0,1
1313,153179241409783,train_oof,1,phishing,1,phishing,0.99514,0.00486,True,TP,4,-1,-1,-1,-1,0,1,-1,-1,1,-1
1314,171621789019397,train_oof,1,phishing,0,legitimate,0.078806,0.921194,False,FN,4,1,-1,1,-1,1,-1,1,0,-1,-1
1317,233839411461858,train_oof,1,phishing,1,phishing,0.962664,0.037336,True,TP,4,-1,1,-1,-1,0,1,1,-1,0,1
1318,250349875857382,train_oof,1,phishing,0,legitimate,0.206913,0.793087,False,FN,2,1,-1,1,-1,1,1,1,0,1,-1
1319,268721929604347,train_oof,0,legitimate,0,legitimate,0.002543,0.997457,True,TN,4,-1,-1,-1,1,1,1,-1,1,0,-1
1320,37001099700747,train_oof,0,legitimate,0,legitimate,0.014604,0.985396,True,TN,1,1,-1,1,-1,1,1,-1,1,0,-1
1325,123118367124157,train_oof,1,phishing,1,phishing,0.991641,0.008359,True,TP,5,1,1,1,-1,-1,1,1,-1,-1,1
1326,218148397227149,train_oof,1,phishing,1,phishing,0.995047,0.004953,True,TP,4,-1,-1,-1,-1,-1,-1,-1,-1,1,-1
1327,221373336095889,train_oof,0,legitimate,0,legitimate,0.195778,0.804222,True,TN,4,1,-1,1,-1,1,1,1,0,1,-1
1328,12427511676101,train_oof,1,phishing,1,phishing,0.655341,0.344659,True,TP,2,1,-1,1,-1,-1,1,1,0,-1,-1
1329,96895500154910,train_oof,1,phishing,1,phishing,0.9992,0.0008,True,TP,3,1,-1,1,-1,-1,1,-1,-1,-1,-1
1330,124674292273686,train_oof,0,legitimate,1,phishing,0.673601,0.326399,False,FP,4,1,-1,1,-1,0,1,-1,0,-1,-1
1331,228053397798035,train_oof,1,phishing,1,phishing,0.999076,0.000924,True,TP,2,1,-1,1,-1,-1,1,-1,-1,0,-1
1333,259914754708903,train_oof,1,phishing,1,phishing,0.529606,0.470394,True,TP,4,1,-1,1,-1,-1,1,-1,0,0,-1
1334,82192963753944,train_oof,1,phishing,1,phishing,0.724541,0.275459,True,TP,3,1,-1,1,-1,-1,1,1,0,-1,-1
1335,242857778249754,train_oof,1,phishing,1,phishing,0.987643,0.012357,True,TP,4,1,-1,1,-1,1,1,-1,-1,0,-1
1336,248047913071788,train_oof,0,legitimate,0,legitimate,0.132798,0.867202,True,TN,3,1,-1,1,-1,0,1,1,0,1,-1
1338,12707841761248,train_oof,0,legitimate,0,legitimate,0.020069,0.979931,True,TN,4,1,-1,1,-1,1,1,-1,1,1,-1
1339,248163673358848,train_oof,1,phishing,1,phishing,0.521058,0.478942,True,TP,1,1,-1,1,-1,-1,1,-1,0,0,-1
1340,46207552233173,train_oof,1,phishing,0,legitimate,0.379817,0.620183,False,FN,2,1,-1,1,-1,1,1,1,0,-1,-1
1341,220909738711119,train_oof,0,legitimate,0,legitimate,0.000438,0.999562,True,TN,2,1,-1,1,1,-1,1,1,1,1,-1
1342,110627662283974,train_oof,1,phishing,0,legitimate,0.057323,0.942677,False,FN,1,1,1,1,-1,-1,-1,1,0,1,1
1343,205263102734088,train_oof,0,legitimate,0,legitimate,0.166122,0.833878,True,TN,5,1,-1,1,-1,0,-1,1,0,0,-1
1344,140001900772454,train_oof,1,phishing,1,phishing,0.930867,0.069133,True,TP,5,-1,1,-1,-1,1,1,1,-1,1,1
1345,61522228813208,train_oof,1,phishing,1,phishing,0.997944,0.002056,True,TP,2,1,-1,1,-1,0,1,-1,-1,-1,-1
1346,21941725427234,train_oof,0,legitimate,0,legitimate,0.066984,0.933016,True,TN,2,1,-1,1,1,1,1,-1,0,-1,-1
1347,210637165956033,train_oof,0,legitimate,0,legitimate,0.131675,0.868325,True,TN,1,1,-1,1,-1,1,-1,1,1,-1,-1
1348,25822714954200,train_oof,0,legitimate,1,phishing,0.800515,0.199485,False,FP,3,1,-1,1,-1,-1,1,-1,0,-1,-1
1349,15730385704622,train_oof,0,legitimate,0,legitimate,0.000743,0.999257,True,TN,1,1,-1,1,1,0,1,1,1,0,-1
1350,56523992866093,train_oof,0,legitimate,0,legitimate,0.000493,0.999507,True,TN,4,1,1,1,1,0,1,1,0,0,1
1351,173408098362928,train_oof,0,legitimate,1,phishing,0.822009,0.177991,False,FP,5,1,-1,1,-1,-1,1,-1,0,-1,-1
1353,223516288499826,train_oof,0,legitimate,0,legitimate,0.062365,0.937635,True,TN,5,1,1,1,-1,0,-1,1,0,-1,1
1354,182240221377030,train_oof,0,legitimate,0,legitimate,0.081553,0.918447,True,TN,2,1,-1,1,-1,0,1,1,0,1,-1
1355,149496728670699,train_oof,0,legitimate,0,legitimate,0.00428,0.99572,True,TN,1,1,1,1,-1,1,-1,1,0,0,1
1356,12642475070423,train_oof,0,legitimate,0,legitimate,0.018319,0.981681,True,TN,1,1,-1,1,1,0,1,-1,0,-1,-1
1357,134092340756279,train_oof,1,phishing,1,phishing,0.800886,0.199114,True,TP,4,1,-1,1,-1,-1,1,-1,0,-1,-1
1358,240329222867026,train_oof,1,phishing,1,phishing,0.799991,0.200009,True,TP,1,1,-1,1,-1,-1,1,-1,0,-1,-1
1359,136746383927816,train_oof,0,legitimate,0,legitimate,0.107353,0.892647,True,TN,3,1,-1,1,-1,-1,1,-1,1,1,-1
1360,262917729218472,train_oof,1,phishing,0,legitimate,0.212628,0.787372,False,FN,4,1,-1,1,-1,1,1,1,0,0,-1
1362,159231538981787,train_oof,1,phishing,1,phishing,0.997219,0.002781,True,TP,1,1,-1,1,-1,0,1,-1,-1,-1,-1
1363,91550085923442,train_oof,0,legitimate,0,legitimate,0.009893,0.990107,True,TN,5,1,-1,1,-1,1,1,1,1,0,-1
1365,123174190578482,train_oof,0,legitimate,0,legitimate,0.007474,0.992526,True,TN,5,-1,-1,-1,1,1,1,1,0,-1,-1
1366,144007587859296,train_oof,1,phishing,1,phishing,0.999106,0.000894,True,TP,5,1,-1,1,-1,0,1,-1,-1,-1,-1
1367,173550498117334,train_oof,1,phishing,1,phishing,0.800515,0.199485,True,TP,3,1,-1,1,-1,-1,1,-1,0,-1,-1
1368,175484913084751,train_oof,1,phishing,0,legitimate,0.451409,0.548591,False,FN,2,1,-1,1,-1,-1,1,1,0,0,-1
1369,48940030672183,train_oof,1,phishing,1,phishing,0.99362,0.00638,True,TP,1,1,1,1,-1,0,1,1,-1,0,1
1370,265402243252434,train_oof,1,phishing,0,legitimate,0.043115,0.956885,False,FN,5,1,-1,1,-1,1,-1,1,0,0,-1
1371,107857766823929,train_oof,1,phishing,1,phishing,0.58005,0.41995,True,TP,1,1,-1,1,-1,1,1,-1,0,-1,-1
1372,190322432519263,train_oof,1,phishing,1,phishing,0.98539,0.01461,True,TP,3,1,1,1,-1,-1,1,-1,-1,0,1
1374,232529294890573,train_oof,1,phishing,1,phishing,0.941787,0.058213,True,TP,1,1,-1,1,-1,-1,1,1,-1,0,-1
1375,232272285756265,train_oof,0,legitimate,0,legitimate,0.298335,0.701665,True,TN,4,1,-1,1,-1,0,1,-1,0,1,-1
1376,169951124869340,train_oof,0,legitimate,0,legitimate,0.464662,0.535338,True,TN,3,1,-1,1,-1,-1,1,1,0,0,-1
1377,186861174159482,train_oof,0,legitimate,0,legitimate,0.053634,0.946366,True,TN,2,1,1,1,-1,1,1,1,0,-1,1
1378,122625589881527,train_oof,0,legitimate,0,legitimate,0.125671,0.874329,True,TN,5,-1,1,-1,-1,-1,1,1,1,-1,1
1379,217589197595329,train_oof,0,legitimate,0,legitimate,0.460925,0.539075,True,TN,3,1,-1,1,-1,1,1,1,0,-1,-1
1380,158967653881130,train_oof,0,legitimate,0,legitimate,0.331794,0.668206,True,TN,1,1,-1,1,-1,-1,-1,1,1,-1,-1
1381,56271702278165,train_oof,0,legitimate,1,phishing,0.992696,0.007304,False,FP,2,1,-1,1,-1,-1,1,1,-1,0,-1
1385,139508377623591,train_oof,1,phishing,1,phishing,0.994679,0.005321,True,TP,2,1,-1,1,-1,0,1,1,-1,0,-1
1386,180689972728422,train_oof,0,legitimate,1,phishing,0.733789,0.266211,False,FP,4,1,-1,1,-1,0,-1,-1,0,-1,-1
1387,276036175075662,train_oof,0,legitimate,1,phishing,0.643159,0.356841,False,FP,2,1,-1,1,-1,0,1,1,0,-1,-1
1390,241943547315282,train_oof,1,phishing,1,phishing,0.998561,0.001439,True,TP,1,-1,-1,-1,-1,0,1,-1,-1,1,-1
1391,240652132222181,train_oof,0,legitimate,0,legitimate,0.007097,0.992903,True,TN,4,1,1,1,1,-1,1,1,0,0,1
1392,161080226706529,train_oof,1,phishing,1,phishing,0.998963,0.001037,True,TP,3,1,-1,1,-1,0,-1,-1,-1,0,-1
1393,120948730947234,train_oof,0,legitimate,0,legitimate,0.010963,0.989037,True,TN,2,1,1,1,1,-1,1,1,1,-1,1
1394,139165108391669,train_oof,0,legitimate,0,legitimate,0.164422,0.835578,True,TN,2,-1,-1,-1,-1,-1,1,-1,0,1,-1
1395,83181608023828,train_oof,0,legitimate,0,legitimate,0.010109,0.989891,True,TN,2,1,-1,1,-1,1,1,1,1,0,-1
1396,237293575957163,train_oof,1,phishing,1,phishing,0.999312,0.000688,True,TP,4,1,-1,1,-1,-1,1,-1,-1,-1,-1
1397,211443398342219,train_oof,0,legitimate,0,legitimate,0.005378,0.994622,True,TN,4,1,-1,1,1,0,1,1,0,0,-1
1398,33840219290182,train_oof,1,phishing,1,phishing,0.995208,0.004792,True,TP,2,-1,-1,-1,-1,0,-1,1,-1,1,-1
1399,244709721610771,train_oof,0,legitimate,0,legitimate,0.105624,0.894376,True,TN,2,1,-1,1,-1,1,1,1,1,-1,-1
1400,56148421070949,train_oof,0,legitimate,1,phishing,0.800886,0.199114,False,FP,4,1,-1,1,-1,-1,1,-1,0,-1,-1
1402,201319249969706,train_oof,1,phishing,1,phishing,0.654194,0.345806,True,TP,3,1,-1,1,-1,0,1,-1,0,-1,-1
1403,106994030708952,train_oof,0,legitimate,0,legitimate,0.001582,0.998418,True,TN,4,1,-1,1,1,-1,-1,1,1,1,-1
1404,72663201568602,train_oof,1,phishing,0,legitimate,0.262766,0.737234,False,FN,2,1,-1,1,-1,-1,1,-1,0,1,-1
1405,192401298081373,train_oof,1,phishing,1,phishing,0.684331,0.315669,True,TP,5,1,-1,1,-1,0,1,1,0,-1,-1
1406,36573190341807,train_oof,0,legitimate,0,legitimate,0.451409,0.548591,True,TN,2,1,-1,1,-1,-1,1,1,0,0,-1
1409,267266427207481,train_oof,0,legitimate,0,legitimate,0.023504,0.976496,True,TN,4,1,-1,1,1,-1,1,-1,0,-1,-1
1410,172511642557386,train_oof,0,legitimate,0,legitimate,0.070424,0.929576,True,TN,1,-1,-1,-1,-1,1,1,1,0,0,-1
1411,260776377434580,train_oof,1,phishing,1,phishing,0.758443,0.241557,True,TP,1,1,-1,1,-1,-1,1,1,0,-1,-1
1412,64630692778559,train_oof,0,legitimate,0,legitimate,0.167392,0.832608,True,TN,1,1,-1,1,-1,1,1,-1,0,1,-1
1413,243099338139970,train_oof,1,phishing,1,phishing,0.586441,0.413559,True,TP,2,1,-1,1,-1,-1,1,-1,0,0,-1
1414,107419401141531,train_oof,0,legitimate,0,legitimate,0.056098,0.943902,True,TN,5,1,-1,1,-1,0,1,1,1,0,-1
1415,100833278914739,train_oof,1,phishing,0,legitimate,0.214115,0.785885,False,FN,5,1,-1,1,-1,1,1,1,0,0,-1
1416,14315247342451,train_oof,1,phishing,1,phishing,0.998729,0.001271,True,TP,1,-1,-1,-1,-1,0,-1,-1,-1,1,-1
1417,181225496578086,train_oof,0,legitimate,0,legitimate,0.370992,0.629008,True,TN,5,1,-1,1,-1,0,1,1,0,0,-1
1419,27797711243115,train_oof,1,phishing,1,phishing,0.711065,0.288935,True,TP,3,1,-1,1,-1,0,1,1,0,-1,-1
1420,146088607168823,train_oof,0,legitimate,0,legitimate,0.014484,0.985516,True,TN,3,1,-1,1,1,1,-1,1,0,0,-1
1421,216823141063504,train_oof,1,phishing,1,phishing,0.992217,0.007783,True,TP,4,1,-1,1,-1,0,1,1,-1,1,-1
1423,87176434415832,train_oof,0,legitimate,0,legitimate,0.03799,0.96201,True,TN,4,-1,-1,-1,-1,0,1,1,0,0,-1
1424,112715933182545,train_oof,0,legitimate,0,legitimate,0.123082,0.876918,True,TN,4,1,1,1,-1,0,1,1,0,-1,1
1425,108717484068976,train_oof,1,phishing,1,phishing,0.951714,0.048286,True,TP,2,1,-1,1,-1,-1,1,1,-1,1,-1
1426,270110780204612,train_oof,1,phishing,1,phishing,0.994601,0.005399,True,TP,1,1,-1,1,-1,0,1,1,-1,0,-1
1427,191982607517428,train_oof,0,legitimate,0,legitimate,0.001687,0.998313,True,TN,3,1,-1,1,1,1,1,1,0,0,-1
1428,46177835347257,train_oof,1,phishing,1,phishing,0.999106,0.000894,True,TP,5,1,-1,1,-1,0,1,-1,-1,-1,-1
1429,5950047577669,train_oof,0,legitimate,0,legitimate,0.033811,0.966189,True,TN,1,1,1,1,-1,0,-1,1,0,0,1
1430,166887571374981,train_oof,0,legitimate,0,legitimate,0.02478,0.97522,True,TN,5,1,-1,1,1,0,1,-1,0,0,-1
1432,179392212704713,train_oof,1,phishing,1,phishing,0.655341,0.344659,True,TP,2,1,-1,1,-1,-1,1,1,0,-1,-1
1433,61188438427968,train_oof,1,phishing,1,phishing,0.979791,0.020209,True,TP,3,-1,1,-1,-1,0,-1,1,-1,1,1
1434,266541084150763,train_oof,0,legitimate,0,legitimate,0.195054,0.804946,True,TN,4,1,-1,1,-1,1,1,-1,0,0,-1
1436,64709752265746,train_oof,0,legitimate,0,legitimate,0.013088,0.986912,True,TN,1,1,1,1,-1,1,1,1,0,0,1
1437,33730620385024,train_oof,1,phishing,1,phishing,0.99841,0.00159,True,TP,3,1,-1,1,-1,-1,1,-1,-1,0,-1
1438,16116224983262,train_oof,0,legitimate,0,legitimate,0.378182,0.621818,True,TN,4,1,-1,1,-1,0,1,-1,0,0,-1
1439,76297670627288,train_oof,0,legitimate,0,legitimate,0.212003,0.787997,True,TN,1,-1,-1,-1,-1,0,1,-1,1,-1,-1
1440,95673833443583,train_oof,0,legitimate,1,phishing,0.586441,0.413559,False,FP,2,1,-1,1,-1,-1,1,-1,0,0,-1
1441,134362072647960,train_oof,0,legitimate,0,legitimate,0.128086,0.871914,True,TN,4,1,-1,1,-1,0,1,-1,1,0,-1
1442,49242182518634,train_oof,0,legitimate,0,legitimate,0.054768,0.945232,True,TN,4,1,1,1,-1,-1,-1,1,1,0,1
1443,188189554700137,train_oof,1,phishing,1,phishing,0.995273,0.004727,True,TP,1,1,-1,1,-1,0,1,-1,-1,1,-1
1444,222813595487329,train_oof,0,legitimate,0,legitimate,0.156762,0.843238,True,TN,3,1,-1,1,-1,1,1,1,1,-1,-1
1445,251666274357008,train_oof,0,legitimate,0,legitimate,0.408108,0.591892,True,TN,3,1,-1,1,-1,0,1,-1,0,0,-1
1446,244888873369033,train_oof,1,phishing,0,legitimate,0.451383,0.548617,False,FN,4,1,-1,1,-1,-1,1,1,0,0,-1
1448,252680601977632,train_oof,1,phishing,1,phishing,0.61656,0.38344,True,TP,2,1,-1,1,-1,0,1,-1,0,-1,-1
1449,109536511313286,train_oof,0,legitimate,0,legitimate,0.021904,0.978096,True,TN,1,1,1,1,-1,1,-1,-1,0,0,1
1450,215809862849832,train_oof,0,legitimate,0,legitimate,0.00943,0.99057,True,TN,3,1,-1,1,-1,1,1,1,1,0,-1
1451,243805896009739,train_oof,1,phishing,1,phishing,0.992709,0.007291,True,TP,5,1,1,1,-1,0,1,1,-1,-1,1
1452,250815004271621,train_oof,1,phishing,1,phishing,0.997219,0.002781,True,TP,1,1,-1,1,-1,0,1,-1,-1,-1,-1
1453,7658486903091,train_oof,1,phishing,1,phishing,0.521058,0.478942,True,TP,1,1,-1,1,-1,-1,1,-1,0,0,-1
1454,56610816297559,train_oof,1,phishing,1,phishing,0.997383,0.002617,True,TP,1,1,-1,1,-1,-1,-1,-1,-1,0,-1
1456,78971185916735,train_oof,0,legitimate,0,legitimate,0.174628,0.825372,True,TN,2,-1,-1,-1,-1,1,-1,-1,0,1,-1
1457,214603409049640,train_oof,1,phishing,1,phishing,0.521058,0.478942,True,TP,1,1,-1,1,-1,-1,1,-1,0,0,-1
1459,25855553627920,train_oof,0,legitimate,0,legitimate,0.0,1.0,True,TN,2,1,-1,1,1,1,1,1,1,0,-1
1460,57697046038404,train_oof,0,legitimate,0,legitimate,0.410616,0.589384,True,TN,5,1,-1,1,-1,0,-1,1,0,-1,-1
1461,258401290901468,train_oof,0,legitimate,1,phishing,0.825405,0.174595,False,FP,2,1,-1,1,-1,-1,1,-1,0,-1,-1
1462,264849604521799,train_oof,0,legitimate,0,legitimate,0.098749,0.901251,True,TN,2,-1,1,-1,-1,0,-1,-1,1,1,1
1464,19030167655009,train_oof,0,legitimate,1,phishing,0.521058,0.478942,False,FP,1,1,-1,1,-1,-1,1,-1,0,0,-1
1465,133707640833852,train_oof,0,legitimate,0,legitimate,0.00499,0.99501,True,TN,1,1,-1,1,1,-1,-1,1,0,1,-1
1466,7647195511287,train_oof,0,legitimate,0,legitimate,0.002439,0.997561,True,TN,1,-1,-1,-1,1,1,1,-1,0,0,-1
1467,7756065141180,train_oof,1,phishing,1,phishing,0.995707,0.004293,True,TP,1,1,-1,1,-1,0,1,-1,-1,0,-1
1468,272456750246572,train_oof,0,legitimate,0,legitimate,0.206913,0.793087,True,TN,2,1,-1,1,-1,1,1,1,0,1,-1
1470,116582565465556,train_oof,1,phishing,0,legitimate,0.15142,0.84858,False,FN,1,1,-1,1,-1,1,1,1,0,0,-1
1471,234894571640399,train_oof,0,legitimate,0,legitimate,0.156762,0.843238,True,TN,3,1,-1,1,-1,1,1,1,1,-1,-1
1472,195336112706119,train_oof,1,phishing,1,phishing,0.988756,0.011244,True,TP,1,1,-1,1,-1,-1,1,1,-1,-1,-1
1473,236134078835880,train_oof,1,phishing,1,phishing,0.643159,0.356841,True,TP,2,1,-1,1,-1,0,1,1,0,-1,-1
1474,159407060237049,train_oof,1,phishing,0,legitimate,0.079,0.921,False,FN,1,1,1,1,-1,1,1,1,0,1,1
1475,225627379302837,train_oof,1,phishing,0,legitimate,0.261025,0.738975,False,FN,4,-1,1,-1,-1,-1,1,1,0,-1,1
1477,255849043808513,train_oof,1,phishing,1,phishing,0.589537,0.410463,True,TP,3,1,-1,1,-1,-1,1,-1,0,0,-1
1478,146631278110708,train_oof,1,phishing,1,phishing,0.99841,0.00159,True,TP,3,1,-1,1,-1,-1,1,-1,-1,0,-1
1479,271011808123246,train_oof,1,phishing,1,phishing,0.976247,0.023753,True,TP,4,-1,-1,-1,-1,0,1,1,-1,1,-1
1480,171397743022401,train_oof,0,legitimate,1,phishing,0.586441,0.413559,False,FP,2,1,-1,1,-1,-1,1,-1,0,0,-1
1481,183089934352262,train_oof,0,legitimate,0,legitimate,0.0067,0.9933,True,TN,3,1,-1,1,1,-1,1,-1,1,0,-1
1482,128850606147829,train_oof,1,phishing,1,phishing,0.529606,0.470394,True,TP,4,1,-1,1,-1,-1,1,-1,0,0,-1
1485,228229847278552,train_oof,1,phishing,1,phishing,0.997358,0.002642,True,TP,3,1,-1,1,-1,0,1,-1,-1,1,-1
1486,145650159033731,train_oof,0,legitimate,0,legitimate,0.132798,0.867202,True,TN,3,1,-1,1,-1,0,1,1,0,1,-1
1487,32848904193343,train_oof,0,legitimate,0,legitimate,0.132798,0.867202,True,TN,3,1,-1,1,-1,0,1,1,0,1,-1
1488,105215156759388,train_oof,0,legitimate,0,legitimate,0.045472,0.954528,True,TN,2,1,1,1,-1,0,-1,1,0,0,1
1489,83181608023828,train_oof,0,legitimate,0,legitimate,0.010109,0.989891,True,TN,2,1,-1,1,-1,1,1,1,1,0,-1
1491,221529680263758,train_oof,0,legitimate,0,legitimate,0.262766,0.737234,True,TN,2,1,-1,1,-1,-1,1,-1,0,1,-1
1492,38009916879747,train_oof,1,phishing,1,phishing,0.988756,0.011244,True,TP,1,1,-1,1,-1,-1,1,1,-1,-1,-1
1494,8468206900988,train_oof,1,phishing,0,legitimate,0.464662,0.535338,False,FN,3,1,-1,1,-1,-1,1,1,0,0,-1
1495,216364550749441,train_oof,0,legitimate,0,legitimate,0.000773,0.999227,True,TN,5,1,-1,1,1,0,1,1,1,0,-1
1497,214281045635454,train_oof,0,legitimate,0,legitimate,0.054975,0.945025,True,TN,1,-1,1,-1,1,0,1,1,0,-1,1
1498,43610472424657,train_oof,1,phishing,1,phishing,0.997046,0.002954,True,TP,1,1,-1,1,-1,0,1,1,-1,-1,-1
1499,222740213071151,train_oof,0,legitimate,0,legitimate,0.059296,0.940704,True,TN,5,-1,1,-1,1,1,1,1,0,1,1
1500,76307595973188,train_oof,0,legitimate,0,legitimate,0.065057,0.934943,True,TN,1,1,-1,1,-1,0,-1,-1,1,0,-1
1501,123945334070835,train_oof,0,legitimate,0,legitimate,0.303838,0.696162,True,TN,5,1,-1,1,-1,-1,-1,1,0,-1,-1
1502,275596169157543,train_oof,0,legitimate,0,legitimate,0.325018,0.674982,True,TN,2,1,-1,1,-1,0,1,1,0,0,-1
1503,255756924456974,train_oof,0,legitimate,0,legitimate,0.156762,0.843238,True,TN,3,1,-1,1,-1,1,1,1,1,-1,-1
1504,87667459162774,train_oof,0,legitimate,0,legitimate,0.376627,0.623373,True,TN,2,1,-1,1,-1,1,-1,-1,0,1,-1
1505,165263776214960,train_oof,0,legitimate,0,legitimate,0.081553,0.918447,True,TN,2,1,-1,1,-1,0,1,1,0,1,-1
1506,192248326658071,train_oof,1,phishing,1,phishing,0.708167,0.291833,True,TP,2,1,-1,1,-1,-1,1,-1,1,-1,-1
1507,273138543164537,train_oof,0,legitimate,0,legitimate,0.004413,0.995587,True,TN,2,1,-1,1,-1,1,1,1,1,1,-1
1508,75824278975318,train_oof,0,legitimate,0,legitimate,0.291892,0.708108,True,TN,3,1,-1,1,-1,1,-1,-1,0,0,-1
1509,187490278162865,train_oof,1,phishing,1,phishing,0.99805,0.00195,True,TP,4,1,-1,1,-1,0,1,-1,-1,0,-1
1510,100833278914739,train_oof,0,legitimate,0,legitimate,0.214115,0.785885,True,TN,5,1,-1,1,-1,1,1,1,0,0,-1
1512,48545262867000,train_oof,1,phishing,1,phishing,0.825405,0.174595,True,TP,2,1,-1,1,-1,-1,1,-1,0,-1,-1
1513,217974323429166,train_oof,1,phishing,0,legitimate,0.095102,0.904898,False,FN,3,1,-1,1,-1,-1,1,1,0,1,-1
1515,205067003915294,train_oof,0,legitimate,0,legitimate,0.042799,0.957201,True,TN,4,1,-1,1,-1,-1,1,1,1,1,-1
1516,64769748565186,train_oof,0,legitimate,0,legitimate,0.270682,0.729318,True,TN,3,1,-1,1,-1,1,1,1,0,1,-1
1517,82829069492669,train_oof,1,phishing,1,phishing,0.912514,0.087486,True,TP,2,1,-1,1,-1,0,-1,1,-1,1,-1
1518,205067003915294,train_oof,0,legitimate,0,legitimate,0.042799,0.957201,True,TN,4,1,-1,1,-1,-1,1,1,1,1,-1
1520,93172574512089,train_oof,0,legitimate,0,legitimate,0.013151,0.986849,True,TN,5,1,-1,1,-1,1,-1,1,1,0,-1
1521,121562673911892,train_oof,1,phishing,1,phishing,0.825405,0.174595,True,TP,2,1,-1,1,-1,-1,1,-1,0,-1,-1
1522,96815702278753,train_oof,0,legitimate,0,legitimate,0.003363,0.996637,True,TN,3,1,-1,1,1,-1,-1,-1,1,0,-1
1523,115933150210654,train_oof,0,legitimate,0,legitimate,0.487318,0.512682,True,TN,5,1,-1,1,-1,-1,1,1,0,0,-1
1524,35597798254795,train_oof,0,legitimate,0,legitimate,0.194054,0.805946,True,TN,1,1,1,1,-1,-1,1,1,0,1,1
1525,78770632770969,train_oof,1,phishing,1,phishing,0.998384,0.001616,True,TP,3,1,-1,1,-1,0,1,-1,-1,-1,-1
1526,272028112656374,train_oof,0,legitimate,0,legitimate,0.232883,0.767117,True,TN,2,1,-1,1,-1,-1,-1,1,0,-1,-1
1527,164996709247405,train_oof,1,phishing,1,phishing,0.61656,0.38344,True,TP,2,1,-1,1,-1,0,1,-1,0,-1,-1
1529,66064651363780,train_oof,1,phishing,1,phishing,0.997331,0.002669,True,TP,3,1,-1,1,-1,0,1,1,-1,-1,-1
1530,72910463609934,train_oof,0,legitimate,0,legitimate,0.177399,0.822601,True,TN,3,1,-1,1,-1,1,-1,1,0,1,-1
1531,120038437150790,train_oof,1,phishing,1,phishing,0.991114,0.008886,True,TP,4,1,-1,1,-1,-1,1,1,-1,-1,-1
1532,229475711240307,train_oof,0,legitimate,0,legitimate,0.406399,0.593601,True,TN,2,1,-1,1,-1,0,1,-1,0,0,-1
1533,165491335644701,train_oof,0,legitimate,0,legitimate,0.059242,0.940758,True,TN,5,1,1,1,-1,0,-1,1,0,0,1
1534,4291978214006,train_oof,0,legitimate,0,legitimate,0.003847,0.996153,True,TN,1,1,-1,1,-1,1,1,1,1,1,-1
1535,37713878648697,train_oof,0,legitimate,0,legitimate,0.15154,0.84846,True,TN,1,1,-1,1,-1,-1,1,-1,1,1,-1
1536,88141711169728,train_oof,0,legitimate,0,legitimate,0.374259,0.625741,True,TN,5,1,-1,1,-1,-1,1,-1,0,1,-1
1537,279920881077676,train_oof,0,legitimate,0,legitimate,0.464662,0.535338,True,TN,3,1,-1,1,-1,-1,1,1,0,0,-1
1538,203784089555050,train_oof,0,legitimate,0,legitimate,0.078806,0.921194,True,TN,4,1,-1,1,-1,1,-1,1,0,-1,-1
1539,42929273379283,train_oof,1,phishing,1,phishing,0.993757,0.006243,True,TP,2,1,-1,1,-1,0,-1,1,-1,0,-1
1540,90417401487512,train_oof,1,phishing,0,legitimate,0.487318,0.512682,False,FN,5,1,-1,1,-1,-1,1,1,0,0,-1
1541,23770722655805,train_oof,0,legitimate,1,phishing,0.586441,0.413559,False,FP,2,1,-1,1,-1,-1,1,-1,0,0,-1
1542,6689709813858,train_oof,0,legitimate,0,legitimate,0.210332,0.789668,True,TN,4,1,1,1,-1,-1,1,1,0,0,1
1543,176844110686213,train_oof,1,phishing,1,phishing,0.999076,0.000924,True,TP,2,1,-1,1,-1,-1,1,-1,-1,0,-1
1544,116167105574936,train_oof,1,phishing,1,phishing,0.988502,0.011498,True,TP,1,1,-1,1,-1,1,1,1,-1,0,-1
1545,154130890173267,train_oof,0,legitimate,0,legitimate,0.259419,0.740581,True,TN,3,1,-1,1,-1,1,1,-1,0,0,-1
1547,239457194575655,train_oof,1,phishing,1,phishing,0.643159,0.356841,True,TP,2,1,-1,1,-1,0,1,1,0,-1,-1
1548,135379329808932,train_oof,0,legitimate,0,legitimate,0.108521,0.891479,True,TN,3,-1,-1,-1,-1,-1,1,-1,0,0,-1
1550,129957485245559,train_oof,0,legitimate,0,legitimate,0.117215,0.882785,True,TN,3,1,-1,1,-1,1,-1,-1,1,-1,-1
1551,83181608023828,train_oof,0,legitimate,0,legitimate,0.010109,0.989891,True,TN,2,1,-1,1,-1,1,1,1,1,0,-1
1552,252828565782666,train_oof,0,legitimate,0,legitimate,0.36085,0.63915,True,TN,4,-1,-1,-1,-1,0,1,1,0,-1,-1
1553,50491474797223,train_oof,0,legitimate,0,legitimate,0.004956,0.995044,True,TN,4,1,-1,1,1,-1,1,-1,1,0,-1
1554,210998461425762,train_oof,1,phishing,1,phishing,0.989554,0.010446,True,TP,5,1,1,1,-1,0,1,-1,-1,0,1
1555,44967159588298,train_oof,1,phishing,1,phishing,0.982217,0.017783,True,TP,2,-1,1,-1,-1,0,1,1,-1,1,1
1556,43652933248808,train_oof,1,phishing,1,phishing,0.825405,0.174595,True,TP,2,1,-1,1,-1,-1,1,-1,0,-1,-1
1557,173056376330550,train_oof,0,legitimate,0,legitimate,0.28966,0.71034,True,TN,5,1,1,1,-1,-1,1,1,0,1,1
1558,70778526749387,train_oof,0,legitimate,0,legitimate,0.339,0.661,True,TN,5,1,1,1,-1,-1,-1,1,0,1,1
1559,208270047326683,train_oof,0,legitimate,0,legitimate,0.309924,0.690076,True,TN,5,-1,-1,-1,-1,0,1,-1,1,-1,-1
1560,271309587338118,train_oof,0,legitimate,0,legitimate,0.010257,0.989743,True,TN,3,1,-1,1,1,-1,-1,1,1,0,-1
1561,27280603199551,train_oof,0,legitimate,0,legitimate,0.195778,0.804222,True,TN,4,1,-1,1,-1,1,1,1,0,1,-1
1563,55529484674520,train_oof,1,phishing,1,phishing,0.986177,0.013823,True,TP,5,1,-1,1,-1,1,1,-1,-1,-1,-1
1564,277356241865071,train_oof,0,legitimate,0,legitimate,0.466414,0.533586,True,TN,1,1,-1,1,-1,1,1,1,0,-1,-1
1565,194299903384107,train_oof,1,phishing,1,phishing,0.99805,0.00195,True,TP,4,1,-1,1,-1,0,1,-1,-1,0,-1
1567,248444435556250,train_oof,0,legitimate,0,legitimate,0.236957,0.763043,True,TN,1,-1,1,-1,-1,1,1,1,0,-1,1
1569,17040981443169,train_oof,0,legitimate,0,legitimate,0.007763,0.992237,True,TN,5,1,-1,1,-1,1,-1,1,1,1,-1
1570,192718619091663,train_oof,0,legitimate,0,legitimate,0.066857,0.933143,True,TN,5,1,1,1,-1,1,1,1,0,0,1
1571,160820514637797,train_oof,0,legitimate,0,legitimate,0.211451,0.788549,True,TN,1,1,-1,1,-1,1,1,-1,1,-1,-1
1572,237403709922775,train_oof,0,legitimate,0,legitimate,0.298335,0.701665,True,TN,4,1,-1,1,-1,0,1,-1,0,1,-1
1573,83873150594287,train_oof,0,legitimate,0,legitimate,0.027369,0.972631,True,TN,2,1,1,1,-1,-1,1,1,1,1,1
1574,225285578994951,train_oof,1,phishing,1,phishing,0.898675,0.101325,True,TP,2,1,1,1,-1,-1,-1,1,-1,1,1
1575,10557166101681,train_oof,0,legitimate,0,legitimate,0.056098,0.943902,True,TN,5,1,-1,1,-1,0,1,1,1,0,-1
1576,55324702012950,train_oof,0,legitimate,0,legitimate,0.010987,0.989013,True,TN,3,1,-1,1,1,1,-1,1,0,1,-1
1577,39767829143753,train_oof,0,legitimate,1,phishing,0.61656,0.38344,False,FP,2,1,-1,1,-1,0,1,-1,0,-1,-1
1578,187298065944582,train_oof,1,phishing,1,phishing,0.912514,0.087486,True,TP,2,1,-1,1,-1,0,-1,1,-1,1,-1
1579,244296496732059,train_oof,0,legitimate,0,legitimate,0.448565,0.551435,True,TN,4,1,-1,1,-1,-1,1,1,1,-1,-1
1580,268649288443949,train_oof,1,phishing,1,phishing,0.997219,0.002781,True,TP,1,1,-1,1,-1,0,1,-1,-1,-1,-1
1581,69994033014406,train_oof,0,legitimate,0,legitimate,0.30121,0.69879,True,TN,5,1,-1,1,-1,0,1,-1,0,1,-1
1582,83525070164108,train_oof,0,legitimate,0,legitimate,0.163043,0.836957,True,TN,3,1,-1,1,-1,-1,1,1,1,0,-1
1583,134821507384211,train_oof,1,phishing,0,legitimate,0.084201,0.915799,False,FN,4,1,-1,1,-1,1,-1,1,0,1,-1
1584,100149767197795,train_oof,0,legitimate,0,legitimate,0.081553,0.918447,True,TN,2,1,-1,1,-1,0,1,1,0,1,-1
1585,37313912525184,train_oof,0,legitimate,0,legitimate,0.005682,0.994318,True,TN,1,1,-1,1,1,0,1,1,0,0,-1
1587,3772661840514,train_oof,0,legitimate,1,phishing,0.690607,0.309393,False,FP,2,1,-1,1,-1,-1,-1,-1,0,0,-1
1588,222794886806536,train_oof,1,phishing,1,phishing,0.991114,0.008886,True,TP,4,1,-1,1,-1,-1,1,1,-1,-1,-1
1589,276061931044441,train_oof,1,phishing,1,phishing,0.99884,0.00116,True,TP,5,1,-1,1,-1,-1,1,-1,-1,-1,-1
1590,193469953377112,train_oof,0,legitimate,0,legitimate,0.140293,0.859707,True,TN,4,1,-1,1,-1,-1,-1,-1,1,0,-1
1591,1485319163661,train_oof,1,phishing,1,phishing,0.999312,0.000688,True,TP,4,1,-1,1,-1,-1,1,-1,-1,-1,-1
1592,181225496578086,train_oof,0,legitimate,0,legitimate,0.370992,0.629008,True,TN,5,1,-1,1,-1,0,1,1,0,0,-1
1593,92208466412000,train_oof,0,legitimate,0,legitimate,0.23676,0.76324,True,TN,1,-1,-1,-1,-1,-1,1,1,0,-1,-1
1595,190376062363388,train_oof,0,legitimate,0,legitimate,0.297482,0.702518,True,TN,2,1,-1,1,-1,1,-1,1,0,0,-1
1596,106112546748125,train_oof,1,phishing,1,phishing,0.971209,0.028791,True,TP,2,-1,-1,-1,-1,-1,-1,1,-1,1,-1
1597,254150877405119,train_oof,1,phishing,1,phishing,0.945702,0.054298,True,TP,3,1,-1,1,-1,-1,1,1,-1,0,-1
1599,234796561965900,train_oof,0,legitimate,0,legitimate,0.232429,0.767571,True,TN,2,1,-1,1,-1,1,1,1,0,0,-1
1600,235826852613829,train_oof,1,phishing,1,phishing,0.997842,0.002158,True,TP,5,1,-1,1,-1,-1,1,-1,-1,0,-1
1601,32964344373214,train_oof,0,legitimate,0,legitimate,0.181297,0.818703,True,TN,4,1,-1,1,-1,1,1,1,1,-1,-1
1602,215584948144521,train_oof,1,phishing,1,phishing,0.99841,0.00159,True,TP,3,1,-1,1,-1,-1,1,-1,-1,0,-1
1603,204855214785050,train_oof,0,legitimate,0,legitimate,0.06482,0.93518,True,TN,2,1,1,1,-1,0,1,1,0,0,1
1605,188564306874655,train_oof,1,phishing,1,phishing,0.99786,0.00214,True,TP,3,-1,-1,-1,-1,0,-1,-1,-1,1,-1
1606,46444385670026,train_oof,0,legitimate,0,legitimate,0.000942,0.999058,True,TN,5,-1,-1,-1,1,1,1,1,0,0,-1
1607,203020745271748,train_oof,0,legitimate,1,phishing,0.53712,0.46288,False,FP,1,1,-1,1,-1,-1,1,1,0,0,-1
1608,72303381539385,train_oof,0,legitimate,0,legitimate,0.023429,0.976571,True,TN,3,1,-1,1,-1,0,1,1,1,1,-1
1609,244296496732059,train_oof,0,legitimate,0,legitimate,0.448565,0.551435,True,TN,4,1,-1,1,-1,-1,1,1,1,-1,-1
1610,185543848003827,train_oof,1,phishing,1,phishing,0.996928,0.003072,True,TP,1,1,-1,1,-1,-1,-1,-1,-1,-1,-1
1612,224927351634336,train_oof,1,phishing,0,legitimate,0.330186,0.669814,False,FN,3,1,-1,1,-1,0,1,1,0,0,-1
1613,138836020611611,train_oof,0,legitimate,0,legitimate,0.115043,0.884957,True,TN,4,-1,-1,-1,-1,-1,1,-1,1,1,-1
1615,193022357278134,train_oof,0,legitimate,0,legitimate,0.347088,0.652912,True,TN,1,1,-1,1,-1,0,1,-1,0,0,-1
1616,260407473919436,train_oof,0,legitimate,0,legitimate,0.003003,0.996997,True,TN,4,1,-1,1,-1,1,1,1,1,1,-1
1617,266455335518017,train_oof,1,phishing,1,phishing,0.76924,0.23076,True,TP,4,1,-1,1,-1,-1,1,-1,1,-1,-1
1618,160755451419968,train_oof,1,phishing,1,phishing,0.949742,0.050258,True,TP,3,1,-1,1,-1,0,-1,1,-1,1,-1
1619,10301402589692,train_oof,0,legitimate,0,legitimate,0.211451,0.788549,True,TN,1,1,-1,1,-1,1,1,-1,1,-1,-1
1620,110212544814866,train_oof,0,legitimate,0,legitimate,0.200547,0.799453,True,TN,5,-1,1,-1,-1,0,1,1,0,0,1
1621,176844110686213,train_oof,1,phishing,1,phishing,0.999076,0.000924,True,TP,2,1,-1,1,-1,-1,1,-1,-1,0,-1
1622,44222143274929,train_oof,0,legitimate,0,legitimate,0.078806,0.921194,True,TN,4,1,-1,1,-1,1,-1,1,0,-1,-1
1623,190812442056573,train_oof,0,legitimate,0,legitimate,0.030314,0.969686,True,TN,4,1,-1,1,-1,1,-1,1,1,0,-1
1625,120506014506384,train_oof,0,legitimate,0,legitimate,0.02433,0.97567,True,TN,3,1,1,1,-1,1,-1,1,0,-1,1
1626,69994033014406,train_oof,0,legitimate,0,legitimate,0.30121,0.69879,True,TN,5,1,-1,1,-1,0,1,-1,0,1,-1
1627,56245142814942,train_oof,0,legitimate,0,legitimate,0.212628,0.787372,True,TN,4,1,-1,1,-1,1,1,1,0,0,-1
1628,52287563547833,train_oof,0,legitimate,0,legitimate,0.325018,0.674982,True,TN,2,1,-1,1,-1,0,1,1,0,0,-1
1629,161148983626140,train_oof,1,phishing,0,legitimate,0.282543,0.717457,False,FN,4,1,-1,1,-1,-1,-1,1,0,0,-1
1630,260407473919436,train_oof,0,legitimate,0,legitimate,0.003003,0.996997,True,TN,4,1,-1,1,-1,1,1,1,1,1,-1
1631,176804669310155,train_oof,0,legitimate,0,legitimate,0.043853,0.956147,True,TN,1,1,-1,1,1,-1,-1,-1,1,-1,-1
1632,192718619091663,train_oof,0,legitimate,0,legitimate,0.066857,0.933143,True,TN,5,1,1,1,-1,1,1,1,0,0,1
1633,234031656444700,train_oof,0,legitimate,0,legitimate,0.00046,0.99954,True,TN,1,1,-1,1,1,0,1,1,1,1,-1
1634,1959149834071,train_oof,0,legitimate,0,legitimate,0.068166,0.931834,True,TN,2,1,-1,1,-1,0,1,1,1,0,-1
1635,216228823859451,train_oof,0,legitimate,1,phishing,0.503784,0.496216,False,FP,1,1,-1,1,-1,-1,-1,1,0,0,-1
1637,177710473282856,train_oof,0,legitimate,0,legitimate,0.460925,0.539075,True,TN,3,1,-1,1,-1,1,1,1,0,-1,-1
1640,82979054303689,train_oof,0,legitimate,0,legitimate,0.006433,0.993567,True,TN,3,1,-1,1,1,-1,1,1,0,0,-1
1641,96624240478627,train_oof,0,legitimate,0,legitimate,0.004956,0.995044,True,TN,4,1,-1,1,1,-1,1,-1,1,0,-1
1642,126820123224218,train_oof,1,phishing,1,phishing,0.799991,0.200009,True,TP,1,1,-1,1,-1,-1,1,-1,0,-1,-1
1643,181113906803775,train_oof,1,phishing,1,phishing,0.991114,0.008886,True,TP,4,1,-1,1,-1,-1,1,1,-1,-1,-1
1644,265288897211858,train_oof,1,phishing,1,phishing,0.724541,0.275459,True,TP,3,1,-1,1,-1,-1,1,1,0,-1,-1
1645,235771657345907,train_oof,1,phishing,1,phishing,0.800515,0.199485,True,TP,3,1,-1,1,-1,-1,1,-1,0,-1,-1
1646,191071629076186,train_oof,1,phishing,1,phishing,0.629953,0.370047,True,TP,2,1,-1,1,-1,1,1,-1,0,-1,-1
1647,160004865310625,train_oof,1,phishing,1,phishing,0.997005,0.002995,True,TP,3,-1,-1,-1,-1,0,1,-1,-1,1,-1
1648,35900190501729,train_oof,1,phishing,1,phishing,0.967021,0.032979,True,TP,3,-1,-1,-1,-1,-1,-1,1,-1,1,-1
1649,21897902208269,train_oof,1,phishing,1,phishing,0.999577,0.000423,True,TP,2,1,-1,1,-1,-1,1,-1,-1,-1,-1
1650,188520242929200,train_oof,0,legitimate,0,legitimate,0.301704,0.698296,True,TN,2,1,-1,1,-1,1,1,-1,0,1,-1
1651,251817802180651,train_oof,0,legitimate,0,legitimate,0.432337,0.567663,True,TN,4,1,-1,1,-1,1,1,1,0,-1,-1
1653,32436960238556,train_oof,1,phishing,0,legitimate,0.464662,0.535338,False,FN,3,1,-1,1,-1,-1,1,1,0,0,-1
1654,219816725973514,train_oof,1,phishing,1,phishing,0.941951,0.058049,True,TP,5,1,1,1,-1,-1,1,1,-1,0,1
1655,224180390217346,train_oof,0,legitimate,1,phishing,0.701071,0.298929,False,FP,4,1,-1,1,-1,0,1,1,0,-1,-1
1656,148538945942139,train_oof,0,legitimate,0,legitimate,0.19832,0.80168,True,TN,1,1,-1,1,-1,1,-1,-1,0,1,-1
1657,162895151856908,train_oof,0,legitimate,1,phishing,0.665957,0.334043,False,FP,5,1,-1,1,-1,0,1,-1,0,-1,-1
1658,71058750698799,train_oof,0,legitimate,0,legitimate,0.114067,0.885933,True,TN,1,1,-1,1,-1,1,1,-1,0,0,-1
1660,224427008371916,train_oof,0,legitimate,1,phishing,0.524519,0.475481,False,FP,5,1,-1,1,-1,0,1,-1,1,-1,-1
1663,222367002797894,train_oof,0,legitimate,0,legitimate,0.010524,0.989476,True,TN,2,-1,-1,-1,1,-1,1,-1,1,1,-1
1664,57933009505623,train_oof,1,phishing,1,phishing,0.998694,0.001306,True,TP,2,1,-1,1,-1,0,1,-1,-1,0,-1
1666,272603054880240,train_oof,0,legitimate,0,legitimate,0.189131,0.810869,True,TN,1,-1,-1,-1,-1,-1,1,1,1,-1,-1
1667,38746463355755,train_oof,0,legitimate,0,legitimate,0.334029,0.665971,True,TN,5,1,-1,1,-1,0,-1,1,1,-1,-1
1671,10427190633633,train_oof,0,legitimate,0,legitimate,0.487318,0.512682,True,TN,5,1,-1,1,-1,-1,1,1,0,0,-1
1672,185651824966135,train_oof,1,phishing,1,phishing,0.997934,0.002066,True,TP,4,1,-1,1,-1,0,1,1,-1,-1,-1
1673,222272817729771,train_oof,0,legitimate,1,phishing,0.53712,0.46288,False,FP,1,1,-1,1,-1,-1,1,1,0,0,-1
1674,197663003313425,train_oof,1,phishing,1,phishing,0.58005,0.41995,True,TP,1,1,-1,1,-1,1,1,-1,0,-1,-1
1675,35867422128159,train_oof,0,legitimate,0,legitimate,0.00166,0.99834,True,TN,2,-1,-1,-1,1,-1,1,1,0,0,-1
1676,18740750529052,train_oof,1,phishing,0,legitimate,0.451409,0.548591,False,FN,2,1,-1,1,-1,-1,1,1,0,0,-1
1677,81895790572070,train_oof,1,phishing,1,phishing,0.993912,0.006088,True,TP,1,1,1,1,-1,-1,1,1,-1,-1,1
1678,226910940325267,train_oof,0,legitimate,0,legitimate,0.308932,0.691068,True,TN,2,1,-1,1,-1,0,1,-1,0,1,-1
1679,193309304141292,train_oof,1,phishing,1,phishing,0.992646,0.007354,True,TP,1,1,-1,1,-1,0,-1,-1,-1,-1,-1
1680,103710942102591,train_oof,1,phishing,1,phishing,0.937638,0.062362,True,TP,3,-1,1,-1,-1,-1,1,1,-1,-1,1
1682,48423560327338,train_oof,1,phishing,1,phishing,0.998694,0.001306,True,TP,2,1,-1,1,-1,0,1,-1,-1,0,-1
1683,210302711468717,train_oof,0,legitimate,0,legitimate,0.005353,0.994647,True,TN,3,1,-1,1,-1,1,1,1,1,1,-1
1685,10316250118962,train_oof,0,legitimate,0,legitimate,0.000367,0.999633,True,TN,2,1,-1,1,1,0,1,1,1,1,-1
1686,108172304042492,train_oof,1,phishing,1,phishing,0.985734,0.014266,True,TP,2,1,-1,1,-1,-1,-1,1,-1,0,-1
1687,94225656433130,train_oof,1,phishing,1,phishing,0.992375,0.007625,True,TP,4,1,-1,1,-1,0,1,1,-1,0,-1
1688,19308255307100,train_oof,1,phishing,1,phishing,0.993078,0.006922,True,TP,5,1,1,1,-1,0,1,1,-1,0,1
1689,229705184100203,train_oof,1,phishing,1,phishing,0.825405,0.174595,True,TP,2,1,-1,1,-1,-1,1,-1,0,-1,-1
1690,104946660611927,train_oof,0,legitimate,0,legitimate,0.045424,0.954576,True,TN,3,1,-1,1,-1,1,-1,-1,1,0,-1
1691,14213853612096,train_oof,0,legitimate,0,legitimate,0.225196,0.774804,True,TN,2,1,1,1,-1,-1,1,1,0,0,1
1693,228708606274816,train_oof,0,legitimate,1,phishing,0.53712,0.46288,False,FP,1,1,-1,1,-1,-1,1,1,0,0,-1
1694,247834395121589,train_oof,1,phishing,1,phishing,0.9992,0.0008,True,TP,3,1,-1,1,-1,-1,1,-1,-1,-1,-1
1695,126469604787734,train_oof,1,phishing,1,phishing,0.992375,0.007625,True,TP,4,1,-1,1,-1,0,1,1,-1,0,-1
1696,111665459761913,train_oof,0,legitimate,0,legitimate,0.272261,0.727739,True,TN,3,1,1,1,-1,-1,-1,1,0,1,1
1697,180212093182099,train_oof,0,legitimate,0,legitimate,0.049122,0.950878,True,TN,1,1,1,1,-1,0,1,1,0,0,1
1698,122278746220759,train_oof,1,phishing,1,phishing,0.996426,0.003574,True,TP,3,1,1,1,-1,0,1,1,-1,0,1
1699,21925958258849,train_oof,1,phishing,1,phishing,0.991114,0.008886,True,TP,4,1,-1,1,-1,-1,1,1,-1,-1,-1
1701,156328819672092,train_oof,0,legitimate,0,legitimate,0.195778,0.804222,True,TN,4,1,-1,1,-1,1,1,1,0,1,-1
1703,162268938527804,train_oof,1,phishing,1,phishing,0.93815,0.06185,True,TP,1,-1,1,-1,-1,-1,1,1,-1,0,1
1704,145348876416225,train_oof,1,phishing,1,phishing,0.993912,0.006088,True,TP,1,1,1,1,-1,-1,1,1,-1,-1,1
1705,186620934792476,train_oof,1,phishing,1,phishing,0.995747,0.004253,True,TP,4,1,-1,1,-1,0,1,-1,-1,1,-1
1706,214621055579283,train_oof,1,phishing,1,phishing,0.996958,0.003042,True,TP,1,-1,-1,-1,-1,-1,-1,-1,-1,1,-1
1707,67003908841534,train_oof,1,phishing,0,legitimate,0.13588,0.86412,False,FN,2,-1,1,-1,-1,1,1,1,0,0,1
1708,260407473919436,train_oof,0,legitimate,0,legitimate,0.003003,0.996997,True,TN,4,1,-1,1,-1,1,1,1,1,1,-1
1709,164860058939196,train_oof,1,phishing,1,phishing,0.996056,0.003944,True,TP,3,1,1,1,-1,-1,1,1,-1,-1,1
1710,115512676583913,train_oof,1,phishing,1,phishing,0.999691,0.000309,True,TP,4,1,-1,1,-1,0,1,-1,-1,-1,-1
1711,85506858040510,train_oof,1,phishing,0,legitimate,0.451383,0.548617,False,FN,4,1,-1,1,-1,-1,1,1,0,0,-1
1712,165022614842712,train_oof,0,legitimate,0,legitimate,0.29386,0.70614,True,TN,3,1,-1,1,-1,0,1,-1,0,1,-1
1713,270684079569013,train_oof,1,phishing,1,phishing,0.99362,0.00638,True,TP,1,1,1,1,-1,0,1,1,-1,0,1
1714,47823532385823,train_oof,0,legitimate,0,legitimate,0.432345,0.567655,True,TN,5,1,-1,1,-1,0,1,-1,0,0,-1
1715,129686357395745,train_oof,1,phishing,0,legitimate,0.325018,0.674982,False,FN,2,1,-1,1,-1,0,1,1,0,0,-1
1716,129235865964167,train_oof,0,legitimate,0,legitimate,0.019155,0.980845,True,TN,2,1,1,1,-1,1,1,1,1,-1,1
1719,141806333305434,train_oof,0,legitimate,0,legitimate,0.112818,0.887182,True,TN,3,-1,-1,-1,-1,0,1,1,0,1,-1
1720,93195022711941,train_oof,1,phishing,0,legitimate,0.194054,0.805946,False,FN,1,1,1,1,-1,-1,1,1,0,1,1
1721,37782357329742,train_oof,1,phishing,1,phishing,0.997219,0.002781,True,TP,1,1,-1,1,-1,0,1,-1,-1,-1,-1
1722,200619610125355,train_oof,0,legitimate,0,legitimate,0.408108,0.591892,True,TN,3,1,-1,1,-1,0,1,-1,0,0,-1
1723,262294101939178,train_oof,1,phishing,1,phishing,0.997934,0.002066,True,TP,4,1,-1,1,-1,0,1,1,-1,-1,-1
1725,74590243246455,train_oof,0,legitimate,1,phishing,0.529606,0.470394,False,FP,4,1,-1,1,-1,-1,1,-1,0,0,-1
1726,14205360602632,train_oof,1,phishing,1,phishing,0.999577,0.000423,True,TP,2,1,-1,1,-1,-1,1,-1,-1,-1,-1
1727,101468249477285,train_oof,0,legitimate,0,legitimate,0.406399,0.593601,True,TN,2,1,-1,1,-1,0,1,-1,0,0,-1
1728,93701170757306,train_oof,0,legitimate,0,legitimate,0.005452,0.994548,True,TN,3,-1,1,-1,1,-1,1,1,1,0,1
1729,130602857891890,train_oof,0,legitimate,0,legitimate,0.008824,0.991176,True,TN,1,1,1,1,1,0,1,1,1,-1,1
1730,31808582811091,train_oof,0,legitimate,1,phishing,0.758443,0.241557,False,FP,1,1,-1,1,-1,-1,1,1,0,-1,-1
1732,208550477774012,train_oof,0,legitimate,0,legitimate,0.487318,0.512682,True,TN,5,1,-1,1,-1,-1,1,1,0,0,-1
1733,174399983231027,train_oof,0,legitimate,0,legitimate,0.000187,0.999813,True,TN,1,-1,-1,-1,1,1,1,1,1,0,-1
1735,70671831900937,train_oof,0,legitimate,0,legitimate,0.003235,0.996765,True,TN,3,1,1,1,1,-1,1,1,1,0,1
1737,11358853330944,train_oof,0,legitimate,0,legitimate,0.235943,0.764057,True,TN,3,1,-1,1,-1,1,-1,1,0,-1,-1
1738,122355779445913,train_oof,0,legitimate,0,legitimate,0.106775,0.893225,True,TN,2,1,-1,1,-1,0,-1,-1,1,1,-1
1739,115194727539728,train_oof,0,legitimate,0,legitimate,0.040878,0.959122,True,TN,3,1,1,1,-1,0,1,1,0,0,1
1740,259914754708903,train_oof,1,phishing,1,phishing,0.529606,0.470394,True,TP,4,1,-1,1,-1,-1,1,-1,0,0,-1
1741,145238212261053,train_oof,0,legitimate,0,legitimate,0.259419,0.740581,True,TN,3,1,-1,1,-1,1,1,-1,0,0,-1
1742,269784362356651,train_oof,1,phishing,1,phishing,0.948149,0.051851,True,TP,1,1,1,1,-1,0,1,1,-1,1,1
1743,76301897762719,train_oof,1,phishing,1,phishing,0.999106,0.000894,True,TP,5,1,-1,1,-1,0,1,-1,-1,-1,-1
1745,113947877294331,train_oof,0,legitimate,0,legitimate,0.031536,0.968464,True,TN,4,1,1,1,-1,-1,1,1,1,1,1
1747,36153617683680,train_oof,1,phishing,1,phishing,0.998101,0.001899,True,TP,4,1,-1,1,-1,-1,1,-1,-1,0,-1
1750,222231400045279,train_oof,1,phishing,0,legitimate,0.114067,0.885933,False,FN,1,1,-1,1,-1,1,1,-1,0,0,-1
1751,177667563306617,train_oof,0,legitimate,0,legitimate,0.02261,0.97739,True,TN,2,1,-1,1,1,1,1,1,0,-1,-1
1752,223844303392620,train_oof,0,legitimate,0,legitimate,0.129578,0.870422,True,TN,2,1,-1,1,-1,-1,1,1,1,0,-1
1753,223844303392620,train_oof,0,legitimate,0,legitimate,0.129578,0.870422,True,TN,2,1,-1,1,-1,-1,1,1,1,0,-1
1755,103051301771923,train_oof,0,legitimate,0,legitimate,0.187228,0.812772,True,TN,5,1,-1,1,-1,-1,1,1,1,0,-1
1756,146951441728078,train_oof,0,legitimate,0,legitimate,0.003814,0.996186,True,TN,2,1,1,1,1,-1,-1,1,1,-1,1
1757,64769748565186,train_oof,0,legitimate,0,legitimate,0.270682,0.729318,True,TN,3,1,-1,1,-1,1,1,1,0,1,-1
1758,51820817194534,train_oof,1,phishing,1,phishing,0.719882,0.280118,True,TP,4,1,-1,1,-1,-1,1,1,0,-1,-1
1759,76301897762719,train_oof,1,phishing,1,phishing,0.999106,0.000894,True,TP,5,1,-1,1,-1,0,1,-1,-1,-1,-1
1760,222495266229423,train_oof,1,phishing,1,phishing,0.9992,0.0008,True,TP,3,1,-1,1,-1,-1,1,-1,-1,-1,-1
1761,17328452149405,train_oof,1,phishing,1,phishing,0.997383,0.002617,True,TP,1,1,-1,1,-1,-1,-1,-1,-1,0,-1
1762,202967051954628,train_oof,1,phishing,1,phishing,0.978443,0.021557,True,TP,4,1,1,1,-1,0,1,-1,-1,-1,1
1763,33632479643440,train_oof,0,legitimate,0,legitimate,0.244798,0.755202,True,TN,3,1,-1,1,-1,1,1,1,0,0,-1
1764,9908587013651,train_oof,0,legitimate,0,legitimate,0.027017,0.972983,True,TN,4,1,-1,1,-1,0,1,1,1,1,-1
1765,236553749793484,train_oof,0,legitimate,0,legitimate,0.15142,0.84858,True,TN,1,1,-1,1,-1,1,1,1,0,0,-1
1766,165536150175472,train_oof,0,legitimate,0,legitimate,0.000356,0.999644,True,TN,2,1,1,1,1,1,1,1,1,0,1
1767,3856638447501,train_oof,1,phishing,1,phishing,0.96557,0.03443,True,TP,2,-1,-1,-1,-1,-1,1,1,-1,-1,-1
1770,251536668777840,train_oof,0,legitimate,0,legitimate,0.261025,0.738975,True,TN,4,-1,1,-1,-1,-1,1,1,0,-1,1
1771,117210197118854,train_oof,0,legitimate,0,legitimate,0.128086,0.871914,True,TN,4,1,-1,1,-1,0,1,-1,1,0,-1
1772,216104683657856,train_oof,0,legitimate,0,legitimate,0.329106,0.670894,True,TN,3,1,-1,1,-1,-1,1,1,1,-1,-1
1773,185468573243165,train_oof,0,legitimate,0,legitimate,0.460925,0.539075,True,TN,3,1,-1,1,-1,1,1,1,0,-1,-1
1774,281226834232041,train_oof,0,legitimate,1,phishing,0.756748,0.243252,False,FP,1,1,-1,1,-1,0,1,1,0,-1,-1
1775,267708739679478,train_oof,1,phishing,1,phishing,0.991215,0.008785,True,TP,4,1,-1,1,-1,-1,-1,1,-1,0,-1
1776,192718619091663,train_oof,0,legitimate,0,legitimate,0.066857,0.933143,True,TN,5,1,1,1,-1,1,1,1,0,0,1
1777,121692642171571,train_oof,1,phishing,1,phishing,0.994679,0.005321,True,TP,2,1,-1,1,-1,0,1,1,-1,0,-1
1778,230388816085579,train_oof,0,legitimate,0,legitimate,0.01935,0.98065,True,TN,3,1,-1,1,1,-1,1,1,0,-1,-1
1779,93155357057315,train_oof,0,legitimate,0,legitimate,0.001597,0.998403,True,TN,2,1,-1,1,1,-1,1,1,1,0,-1
1780,108037895748955,train_oof,0,legitimate,0,legitimate,0.000141,0.999859,True,TN,1,1,-1,1,1,1,1,-1,1,1,-1
1781,153096349271423,train_oof,0,legitimate,0,legitimate,0.098923,0.901077,True,TN,4,1,-1,1,-1,-1,-1,-1,1,1,-1
1782,210302711468717,train_oof,0,legitimate,0,legitimate,0.005353,0.994647,True,TN,3,1,-1,1,-1,1,1,1,1,1,-1
1783,152942378284343,train_oof,1,phishing,1,phishing,0.990932,0.009068,True,TP,1,1,1,1,-1,0,1,-1,-1,0,1
1784,26378427423202,train_oof,1,phishing,1,phishing,0.799991,0.200009,True,TP,1,1,-1,1,-1,-1,1,-1,0,-1,-1
1785,151982445091819,train_oof,1,phishing,1,phishing,0.994679,0.005321,True,TP,2,1,-1,1,-1,0,1,1,-1,0,-1
1786,199783706340085,train_oof,0,legitimate,0,legitimate,0.072743,0.927257,True,TN,5,1,-1,1,-1,-1,-1,1,0,1,-1
1787,37782357329742,train_oof,1,phishing,1,phishing,0.997219,0.002781,True,TP,1,1,-1,1,-1,0,1,-1,-1,-1,-1
1788,236740312700186,train_oof,0,legitimate,0,legitimate,0.210332,0.789668,True,TN,4,1,1,1,-1,-1,1,1,0,0,1
1789,252834041299982,train_oof,0,legitimate,0,legitimate,0.317478,0.682522,True,TN,5,1,1,1,-1,1,1,1,0,1,1
1790,160637372756690,train_oof,0,legitimate,0,legitimate,0.186836,0.813164,True,TN,1,1,-1,1,-1,1,1,1,0,1,-1
1791,90111128579822,train_oof,0,legitimate,0,legitimate,0.00166,0.99834,True,TN,2,-1,-1,-1,1,-1,1,1,0,0,-1
1792,85642381134640,train_oof,0,legitimate,0,legitimate,0.195885,0.804115,True,TN,3,1,-1,1,-1,0,-1,1,0,0,-1
1793,69558698965921,train_oof,0,legitimate,0,legitimate,0.466414,0.533586,True,TN,1,1,-1,1,-1,1,1,1,0,-1,-1
1794,230154392154780,train_oof,0,legitimate,0,legitimate,0.159519,0.840481,True,TN,1,-1,1,-1,-1,-1,1,1,1,-1,1
1795,120535522301148,train_oof,0,legitimate,1,phishing,0.756748,0.243252,False,FP,1,1,-1,1,-1,0,1,1,0,-1,-1
1796,55511923658238,train_oof,0,legitimate,1,phishing,0.758443,0.241557,False,FP,1,1,-1,1,-1,-1,1,1,0,-1,-1
1798,168003336876881,train_oof,0,legitimate,0,legitimate,0.001504,0.998496,True,TN,2,1,-1,1,1,1,1,1,0,1,-1
1799,69489358559440,train_oof,0,legitimate,0,legitimate,0.260852,0.739148,True,TN,2,1,1,1,-1,0,1,1,0,-1,1
1800,25708037165586,train_oof,1,phishing,1,phishing,0.997383,0.002617,True,TP,1,1,-1,1,-1,-1,-1,-1,-1,0,-1
1801,108896028734149,train_oof,1,phishing,1,phishing,0.521213,0.478787,True,TP,1,1,-1,1,-1,-1,-1,-1,0,0,-1
1802,8750961612704,train_oof,0,legitimate,0,legitimate,0.010073,0.989927,True,TN,2,1,1,1,-1,1,-1,1,1,-1,1
1803,79713635377420,train_oof,0,legitimate,0,legitimate,0.006434,0.993566,True,TN,5,1,-1,1,1,-1,1,1,0,0,-1
1804,71960837767174,train_oof,1,phishing,0,legitimate,0.308932,0.691068,False,FN,2,1,-1,1,-1,0,1,-1,0,1,-1
1805,205686891292462,train_oof,1,phishing,1,phishing,0.993912,0.006088,True,TP,1,1,1,1,-1,-1,1,1,-1,-1,1
1806,221505906371501,train_oof,1,phishing,1,phishing,0.800515,0.199485,True,TP,3,1,-1,1,-1,-1,1,-1,0,-1,-1
1809,222272817729771,train_oof,0,legitimate,1,phishing,0.53712,0.46288,False,FP,1,1,-1,1,-1,-1,1,1,0,0,-1
1810,7246907560324,train_oof,0,legitimate,0,legitimate,0.00499,0.99501,True,TN,1,1,-1,1,1,-1,-1,1,0,1,-1
1811,214282809549405,train_oof,0,legitimate,0,legitimate,0.179693,0.820307,True,TN,1,1,-1,1,-1,1,-1,1,0,-1,-1
1812,246689565049880,train_oof,1,phishing,1,phishing,0.9992,0.0008,True,TP,3,1,-1,1,-1,-1,1,-1,-1,-1,-1
1813,36027522146160,train_oof,0,legitimate,0,legitimate,0.055896,0.944104,True,TN,4,1,1,1,-1,-1,-1,1,0,-1,1
1814,126984536678288,train_oof,0,legitimate,0,legitimate,0.129578,0.870422,True,TN,2,1,-1,1,-1,-1,1,1,1,0,-1
1815,249728590012440,train_oof,1,phishing,1,phishing,0.997219,0.002781,True,TP,1,1,-1,1,-1,0,1,-1,-1,-1,-1
1816,51820817194534,train_oof,0,legitimate,1,phishing,0.719882,0.280118,False,FP,4,1,-1,1,-1,-1,1,1,0,-1,-1
1817,206736339108143,train_oof,0,legitimate,0,legitimate,0.006834,0.993166,True,TN,4,1,1,1,1,1,1,1,0,-1,1
1818,220152402109798,train_oof,0,legitimate,0,legitimate,0.346339,0.653661,True,TN,4,-1,-1,-1,-1,1,1,-1,0,-1,-1
1819,231014344849551,train_oof,0,legitimate,0,legitimate,0.206913,0.793087,True,TN,2,1,-1,1,-1,1,1,1,0,1,-1
1820,165249645942405,train_oof,0,legitimate,1,phishing,0.654194,0.345806,False,FP,3,1,-1,1,-1,0,1,-1,0,-1,-1
1822,167876179566418,train_oof,0,legitimate,0,legitimate,0.068166,0.931834,True,TN,2,1,-1,1,-1,0,1,1,1,0,-1
1823,31459557488273,train_oof,1,phishing,1,phishing,0.993078,0.006922,True,TP,5,1,1,1,-1,0,1,1,-1,0,1
1824,217974323429166,train_oof,0,legitimate,0,legitimate,0.095102,0.904898,True,TN,3,1,-1,1,-1,-1,1,1,0,1,-1
1825,67140826838576,train_oof,0,legitimate,0,legitimate,0.000969,0.999031,True,TN,5,1,-1,1,1,1,1,-1,1,0,-1
1826,47909060713988,train_oof,0,legitimate,0,legitimate,0.001946,0.998054,True,TN,2,1,-1,1,1,1,1,1,0,0,-1
1828,266495152245320,train_oof,1,phishing,0,legitimate,0.451409,0.548591,False,FN,2,1,-1,1,-1,-1,1,1,0,0,-1
1829,217399072242031,train_oof,0,legitimate,0,legitimate,0.102252,0.897748,True,TN,3,1,1,1,-1,-1,1,1,1,0,1
1830,239746971741568,train_oof,0,legitimate,0,legitimate,0.068591,0.931409,True,TN,1,-1,-1,-1,-1,-1,1,1,0,1,-1
1832,186045323122063,train_oof,0,legitimate,1,phishing,0.724541,0.275459,False,FP,3,1,-1,1,-1,-1,1,1,0,-1,-1
1833,33339853157677,train_oof,0,legitimate,0,legitimate,0.20778,0.79222,True,TN,1,1,1,1,-1,-1,1,1,0,0,1
1834,240444112548604,train_oof,0,legitimate,0,legitimate,0.252304,0.747696,True,TN,2,1,-1,1,-1,1,1,-1,0,0,-1
1835,73033750229959,train_oof,0,legitimate,0,legitimate,0.009795,0.990205,True,TN,5,1,-1,1,1,1,1,1,1,-1,-1
1836,38544740119419,train_oof,1,phishing,1,phishing,0.53712,0.46288,True,TP,1,1,-1,1,-1,-1,1,1,0,0,-1
1837,40026353921217,train_oof,0,legitimate,1,phishing,0.678846,0.321154,False,FP,5,1,-1,1,-1,-1,1,1,0,-1,-1
1838,145650159033731,train_oof,0,legitimate,0,legitimate,0.132798,0.867202,True,TN,3,1,-1,1,-1,0,1,1,0,1,-1
1841,150538475276970,train_oof,0,legitimate,1,phishing,0.719882,0.280118,False,FP,4,1,-1,1,-1,-1,1,1,0,-1,-1
1842,173400894667507,train_oof,1,phishing,1,phishing,0.99884,0.00116,True,TP,5,1,-1,1,-1,-1,1,-1,-1,-1,-1
1845,192784376768242,train_oof,1,phishing,1,phishing,0.994601,0.005399,True,TP,1,1,-1,1,-1,0,1,1,-1,0,-1
1846,240413476285010,train_oof,1,phishing,1,phishing,0.758443,0.241557,True,TP,1,1,-1,1,-1,-1,1,1,0,-1,-1
1847,177710473282856,train_oof,0,legitimate,0,legitimate,0.460925,0.539075,True,TN,3,1,-1,1,-1,1,1,1,0,-1,-1
1849,1614351818847,train_oof,0,legitimate,0,legitimate,0.008311,0.991689,True,TN,4,-1,-1,-1,1,1,1,1,0,-1,-1
1850,277985839175075,train_oof,1,phishing,1,phishing,0.991114,0.008886,True,TP,4,1,-1,1,-1,-1,1,1,-1,-1,-1
1851,108478080781258,train_oof,1,phishing,1,phishing,0.991215,0.008785,True,TP,4,1,-1,1,-1,-1,-1,1,-1,0,-1
1852,145874862602990,train_oof,1,phishing,1,phishing,0.972381,0.027619,True,TP,2,1,1,1,-1,0,-1,1,-1,0,1
1853,250826961103615,train_oof,1,phishing,1,phishing,0.995176,0.004824,True,TP,2,1,1,1,-1,-1,1,1,-1,-1,1
1856,131549430913341,train_oof,1,phishing,1,phishing,0.995707,0.004293,True,TP,1,1,-1,1,-1,0,1,-1,-1,0,-1
1860,129165111148122,train_oof,0,legitimate,0,legitimate,0.000367,0.999633,True,TN,2,1,-1,1,1,0,1,1,1,1,-1
1861,24149332427725,train_oof,1,phishing,1,phishing,0.954821,0.045179,True,TP,1,-1,1,-1,-1,0,1,-1,-1,1,1
1864,222272817729771,train_oof,0,legitimate,1,phishing,0.53712,0.46288,False,FP,1,1,-1,1,-1,-1,1,1,0,0,-1
1865,257174015295121,train_oof,0,legitimate,0,legitimate,0.303838,0.696162,True,TN,5,1,-1,1,-1,-1,-1,1,0,-1,-1
1867,190322432519263,train_oof,1,phishing,1,phishing,0.98539,0.01461,True,TP,3,1,1,1,-1,-1,1,-1,-1,0,1
1868,227259056211402,train_oof,1,phishing,1,phishing,0.995772,0.004228,True,TP,2,-1,-1,-1,-1,0,1,-1,-1,1,-1
1869,202630186214207,train_oof,1,phishing,1,phishing,0.99884,0.00116,True,TP,5,1,-1,1,-1,-1,1,-1,-1,-1,-1
1870,222307423625670,train_oof,0,legitimate,0,legitimate,0.071643,0.928357,True,TN,5,-1,-1,-1,-1,0,1,-1,1,0,-1
1871,76352098298221,train_oof,1,phishing,1,phishing,0.997441,0.002559,True,TP,5,1,-1,1,-1,0,1,1,-1,-1,-1
1872,209026391288541,train_oof,0,legitimate,0,legitimate,0.022026,0.977974,True,TN,3,1,-1,1,-1,-1,1,1,1,1,-1
1873,251308762313207,train_oof,1,phishing,1,phishing,0.800886,0.199114,True,TP,4,1,-1,1,-1,-1,1,-1,0,-1,-1
1874,144822043679456,train_oof,1,phishing,1,phishing,0.98539,0.01461,True,TP,3,1,1,1,-1,-1,1,-1,-1,0,1
1875,246547183240503,train_oof,0,legitimate,0,legitimate,0.327907,0.672093,True,TN,3,1,-1,1,-1,1,1,-1,0,1,-1
1876,147109559068708,train_oof,1,phishing,1,phishing,0.997934,0.002066,True,TP,4,1,-1,1,-1,0,1,1,-1,-1,-1
1877,75623431117852,train_oof,0,legitimate,0,legitimate,0.015737,0.984263,True,TN,3,1,-1,1,-1,1,-1,1,1,1,-1
1878,23330774331010,train_oof,1,phishing,0,legitimate,0.347088,0.652912,False,FN,1,1,-1,1,-1,0,1,-1,0,0,-1
1879,231886286432177,train_oof,1,phishing,1,phishing,0.962664,0.037336,True,TP,4,-1,1,-1,-1,0,1,1,-1,0,1
1880,19071252989215,train_oof,1,phishing,1,phishing,0.972621,0.027379,True,TP,1,1,1,1,-1,0,-1,1,-1,0,1
1881,257521339169919,train_oof,0,legitimate,1,phishing,0.825405,0.174595,False,FP,2,1,-1,1,-1,-1,1,-1,0,-1,-1
1883,240444112548604,train_oof,0,legitimate,0,legitimate,0.252304,0.747696,True,TN,2,1,-1,1,-1,1,1,-1,0,0,-1
1884,263107841049376,train_oof,1,phishing,1,phishing,0.800515,0.199485,True,TP,3,1,-1,1,-1,-1,1,-1,0,-1,-1
1885,19286513688022,train_oof,0,legitimate,0,legitimate,0.059242,0.940758,True,TN,5,1,1,1,-1,0,-1,1,0,0,1
1886,99802296788098,train_oof,1,phishing,1,phishing,0.997842,0.002158,True,TP,5,1,-1,1,-1,-1,1,-1,-1,0,-1
1887,237692984833665,train_oof,1,phishing,1,phishing,0.946223,0.053777,True,TP,5,1,-1,1,-1,-1,1,1,-1,0,-1
1888,249626650184614,train_oof,1,phishing,1,phishing,0.956615,0.043385,True,TP,1,1,1,1,-1,-1,-1,1,-1,0,1
1890,249146300154962,train_oof,1,phishing,1,phishing,0.992375,0.007625,True,TP,4,1,-1,1,-1,0,1,1,-1,0,-1
1891,4537628850880,train_oof,0,legitimate,0,legitimate,0.012955,0.987045,True,TN,5,1,-1,1,1,1,1,-1,1,-1,-1
1892,228053397798035,train_oof,1,phishing,1,phishing,0.999076,0.000924,True,TP,2,1,-1,1,-1,-1,1,-1,-1,0,-1
1893,222782544971721,train_oof,0,legitimate,1,phishing,0.56813,0.43187,False,FP,5,1,-1,1,-1,-1,1,-1,0,0,-1
1894,156510597383357,train_oof,0,legitimate,0,legitimate,0.073905,0.926095,True,TN,3,-1,-1,-1,-1,1,1,-1,0,0,-1
1895,35604841829677,train_oof,0,legitimate,1,phishing,0.586441,0.413559,False,FP,2,1,-1,1,-1,-1,1,-1,0,0,-1
1896,244601197364317,train_oof,1,phishing,1,phishing,0.997925,0.002075,True,TP,3,1,-1,1,-1,-1,-1,-1,-1,0,-1
1897,146401866297111,train_oof,0,legitimate,0,legitimate,0.003363,0.996637,True,TN,3,1,-1,1,1,-1,-1,-1,1,0,-1
1898,36027522146160,train_oof,0,legitimate,0,legitimate,0.055896,0.944104,True,TN,4,1,1,1,-1,-1,-1,1,0,-1,1
1900,150210291735475,train_oof,0,legitimate,0,legitimate,0.001519,0.998481,True,TN,1,1,-1,1,1,1,1,1,0,1,-1
1901,149052674588072,train_oof,1,phishing,0,legitimate,0.232883,0.767117,False,FN,2,1,-1,1,-1,-1,-1,1,0,-1,-1
1902,46175573290773,train_oof,0,legitimate,0,legitimate,0.005378,0.994622,True,TN,4,1,-1,1,1,0,1,1,0,0,-1
1904,194299903384107,train_oof,1,phishing,1,phishing,0.99805,0.00195,True,TP,4,1,-1,1,-1,0,1,-1,-1,0,-1
1905,200021755936233,train_oof,1,phishing,1,phishing,0.968929,0.031071,True,TP,5,1,-1,1,-1,-1,-1,1,-1,-1,-1
1906,120826544082194,train_oof,0,legitimate,0,legitimate,0.235943,0.764057,True,TN,3,1,-1,1,-1,1,-1,1,0,-1,-1
1907,27998398357107,train_oof,0,legitimate,0,legitimate,0.00818,0.99182,True,TN,4,1,1,1,-1,1,-1,1,1,0,1
1908,236604105849242,train_oof,0,legitimate,0,legitimate,0.022194,0.977806,True,TN,4,1,1,1,-1,1,1,1,1,0,1
1909,35604841829677,train_oof,0,legitimate,1,phishing,0.586441,0.413559,False,FP,2,1,-1,1,-1,-1,1,-1,0,0,-1
1911,54453415797105,train_oof,1,phishing,1,phishing,0.99718,0.00282,True,TP,4,1,-1,1,-1,0,-1,-1,-1,0,-1
1912,114932118845256,train_oof,0,legitimate,1,phishing,0.629953,0.370047,False,FP,2,1,-1,1,-1,1,1,-1,0,-1,-1
1913,87619173885676,train_oof,0,legitimate,0,legitimate,0.082261,0.917739,True,TN,1,1,1,1,-1,-1,-1,1,0,0,1
1914,249738814519212,train_oof,0,legitimate,0,legitimate,0.182922,0.817078,True,TN,5,1,-1,1,-1,-1,1,1,0,1,-1
1915,229967208341509,train_oof,1,phishing,1,phishing,0.986688,0.013312,True,TP,4,1,-1,1,-1,0,-1,-1,-1,1,-1
1916,204046494344779,train_oof,0,legitimate,0,legitimate,0.339473,0.660527,True,TN,4,-1,-1,-1,-1,-1,1,-1,0,-1,-1
1918,221505906371501,train_oof,1,phishing,1,phishing,0.800515,0.199485,True,TP,3,1,-1,1,-1,-1,1,-1,0,-1,-1
1919,47123246727076,train_oof,1,phishing,0,legitimate,0.464662,0.535338,False,FN,3,1,-1,1,-1,-1,1,1,0,0,-1
1921,258491705696598,train_oof,1,phishing,1,phishing,0.822009,0.177991,True,TP,5,1,-1,1,-1,-1,1,-1,0,-1,-1
1922,219590929647353,train_oof,1,phishing,1,phishing,0.941951,0.058049,True,TP,5,1,1,1,-1,-1,1,1,-1,0,1
1923,3904916209490,train_oof,1,phishing,1,phishing,0.997383,0.002617,True,TP,1,1,-1,1,-1,-1,-1,-1,-1,0,-1
1924,228192248865921,train_oof,1,phishing,1,phishing,0.996923,0.003077,True,TP,3,-1,-1,-1,-1,-1,-1,-1,-1,1,-1
1925,126277625598838,train_oof,0,legitimate,0,legitimate,0.00096,0.99904,True,TN,1,1,-1,1,1,-1,1,1,1,1,-1
1927,177710473282856,train_oof,1,phishing,0,legitimate,0.460925,0.539075,False,FN,3,1,-1,1,-1,1,1,1,0,-1,-1
1928,253336818213623,train_oof,1,phishing,1,phishing,0.995707,0.004293,True,TP,1,1,-1,1,-1,0,1,-1,-1,0,-1
1929,268492246698300,train_oof,0,legitimate,0,legitimate,0.181297,0.818703,True,TN,4,1,-1,1,-1,1,1,1,1,-1,-1
1930,224132097624983,train_oof,0,legitimate,0,legitimate,0.017652,0.982348,True,TN,2,-1,1,-1,1,0,-1,1,1,1,1
1931,225959453503298,train_oof,1,phishing,1,phishing,0.99742,0.00258,True,TP,3,1,-1,1,-1,0,1,1,-1,0,-1
1932,118023725836322,train_oof,1,phishing,1,phishing,0.678846,0.321154,True,TP,5,1,-1,1,-1,-1,1,1,0,-1,-1
1933,158982660602944,train_oof,0,legitimate,0,legitimate,0.021368,0.978632,True,TN,2,1,-1,1,-1,1,1,-1,1,0,-1
1934,24827799531734,train_oof,0,legitimate,0,legitimate,0.232429,0.767571,True,TN,2,1,-1,1,-1,1,1,1,0,0,-1
1935,203234384850875,train_oof,1,phishing,1,phishing,0.996931,0.003069,True,TP,4,-1,-1,-1,-1,0,-1,-1,-1,1,-1
1936,4140683528218,train_oof,1,phishing,1,phishing,0.946223,0.053777,True,TP,5,1,-1,1,-1,-1,1,1,-1,0,-1
1937,32848904193343,train_oof,0,legitimate,0,legitimate,0.132798,0.867202,True,TN,3,1,-1,1,-1,0,1,1,0,1,-1
1938,73581631017172,train_oof,1,phishing,1,phishing,0.971387,0.028613,True,TP,5,1,-1,1,-1,-1,-1,1,-1,0,-1
1940,273802077029678,train_oof,0,legitimate,0,legitimate,0.165207,0.834793,True,TN,4,-1,1,-1,-1,0,-1,-1,0,1,1
1941,1122427843610,train_oof,0,legitimate,0,legitimate,0.291066,0.708934,True,TN,4,1,-1,1,-1,1,1,-1,0,1,-1
1942,258733459822517,train_oof,1,phishing,1,phishing,0.990574,0.009426,True,TP,1,1,-1,1,-1,1,1,-1,-1,0,-1
1943,180763682981620,train_oof,0,legitimate,0,legitimate,0.006308,0.993692,True,TN,2,1,1,1,1,-1,1,1,0,0,1
1944,171397743022401,train_oof,1,phishing,1,phishing,0.586441,0.413559,True,TP,2,1,-1,1,-1,-1,1,-1,0,0,-1
1945,168809378842320,train_oof,0,legitimate,0,legitimate,0.001504,0.998496,True,TN,2,1,-1,1,1,1,1,1,0,1,-1
1947,70108853955761,train_oof,1,phishing,1,phishing,0.998101,0.001899,True,TP,4,1,-1,1,-1,-1,1,-1,-1,0,-1
1948,217107675256649,train_oof,1,phishing,1,phishing,0.991399,0.008601,True,TP,2,1,-1,1,-1,0,-1,-1,-1,-1,-1
1949,155545522680261,train_oof,0,legitimate,1,phishing,0.652162,0.347838,False,FP,1,1,-1,1,-1,0,1,-1,0,-1,-1
1952,84928280217011,train_oof,1,phishing,1,phishing,0.99776,0.00224,True,TP,1,1,-1,1,-1,-1,1,-1,-1,-1,-1
1953,203089580765685,train_oof,0,legitimate,1,phishing,0.652538,0.347462,False,FP,5,1,-1,1,-1,1,1,-1,0,-1,-1
1954,268536650730771,train_oof,1,phishing,1,phishing,0.99805,0.00195,True,TP,4,1,-1,1,-1,0,1,-1,-1,0,-1
1955,33632479643440,train_oof,0,legitimate,0,legitimate,0.244798,0.755202,True,TN,3,1,-1,1,-1,1,1,1,0,0,-1
1956,190562178869987,train_oof,1,phishing,1,phishing,0.991114,0.008886,True,TP,4,1,-1,1,-1,-1,1,1,-1,-1,-1
1957,135894421622908,train_oof,0,legitimate,1,phishing,0.608284,0.391716,False,FP,4,1,-1,1,-1,0,1,-1,1,-1,-1
1958,125048454032594,train_oof,0,legitimate,1,phishing,0.629953,0.370047,False,FP,2,1,-1,1,-1,1,1,-1,0,-1,-1
1959,119968496662048,train_oof,1,phishing,1,phishing,0.986591,0.013409,True,TP,5,1,-1,1,-1,-1,1,1,-1,-1,-1
1961,194129346837835,train_oof,0,legitimate,0,legitimate,0.487318,0.512682,True,TN,5,1,-1,1,-1,-1,1,1,0,0,-1
1962,44816242066725,train_oof,1,phishing,0,legitimate,0.024683,0.975317,False,FN,5,1,1,1,-1,-1,1,1,0,0,1
1963,118280103496757,train_oof,1,phishing,1,phishing,0.996931,0.003069,True,TP,4,-1,-1,-1,-1,0,-1,-1,-1,1,-1
1964,116582565465556,train_oof,0,legitimate,0,legitimate,0.15142,0.84858,True,TN,1,1,-1,1,-1,1,1,1,0,0,-1
1965,270850416085685,train_oof,0,legitimate,0,legitimate,0.451383,0.548617,True,TN,4,1,-1,1,-1,-1,1,1,0,0,-1
1966,85506858040510,train_oof,1,phishing,0,legitimate,0.451383,0.548617,False,FN,4,1,-1,1,-1,-1,1,1,0,0,-1
1967,65625367446038,train_oof,0,legitimate,0,legitimate,0.146455,0.853545,True,TN,2,1,1,1,-1,0,1,1,1,0,1
1969,19866486429102,train_oof,1,phishing,0,legitimate,0.451409,0.548591,False,FN,2,1,-1,1,-1,-1,1,1,0,0,-1
1971,124266249656621,train_oof,0,legitimate,1,phishing,0.97487,0.02513,False,FP,4,1,-1,1,-1,-1,-1,1,-1,1,-1
1972,41070980860339,train_oof,1,phishing,0,legitimate,0.19832,0.80168,False,FN,1,1,-1,1,-1,1,-1,-1,0,1,-1
1973,125769315272261,train_oof,0,legitimate,0,legitimate,0.108767,0.891233,True,TN,2,-1,-1,-1,-1,1,1,-1,0,1,-1
1974,200278661738560,train_oof,1,phishing,0,legitimate,0.15142,0.84858,False,FN,1,1,-1,1,-1,1,1,1,0,0,-1
1975,229287349055705,train_oof,1,phishing,1,phishing,0.996931,0.003069,True,TP,4,-1,-1,-1,-1,0,-1,-1,-1,1,-1
1976,229700921371289,train_oof,0,legitimate,0,legitimate,0.232883,0.767117,True,TN,2,1,-1,1,-1,-1,-1,1,0,-1,-1
1977,261873513217492,train_oof,0,legitimate,0,legitimate,0.068096,0.931904,True,TN,5,-1,-1,-1,-1,0,1,1,0,0,-1
1978,37125703592015,train_oof,0,legitimate,0,legitimate,0.129123,0.870877,True,TN,2,1,-1,1,-1,1,-1,1,1,-1,-1
1979,67040002664326,train_oof,1,phishing,1,phishing,0.825405,0.174595,True,TP,2,1,-1,1,-1,-1,1,-1,0,-1,-1
1980,96725134492446,train_oof,0,legitimate,0,legitimate,0.451409,0.548591,True,TN,2,1,-1,1,-1,-1,1,1,0,0,-1
1981,271650727864120,train_oof,1,phishing,1,phishing,0.799991,0.200009,True,TP,1,1,-1,1,-1,-1,1,-1,0,-1,-1
1982,166758717978990,train_oof,0,legitimate,0,legitimate,0.179851,0.820149,True,TN,3,1,-1,1,-1,-1,-1,1,1,-1,-1
1983,197080553592152,train_oof,1,phishing,1,phishing,0.997944,0.002056,True,TP,2,1,-1,1,-1,0,1,-1,-1,-1,-1
1984,208651974439566,train_oof,0,legitimate,0,legitimate,0.217579,0.782421,True,TN,1,1,-1,1,-1,1,-1,-1,1,-1,-1
1986,167859454710571,train_oof,0,legitimate,1,phishing,0.711065,0.288935,False,FP,3,1,-1,1,-1,0,1,1,0,-1,-1
1987,252231055613484,train_oof,0,legitimate,0,legitimate,0.025071,0.974929,True,TN,3,1,1,1,-1,1,1,1,1,-1,1
1988,271000665781881,train_oof,1,phishing,1,phishing,0.991215,0.008785,True,TP,4,1,-1,1,-1,-1,-1,1,-1,0,-1
1989,184703783240912,train_oof,0,legitimate,0,legitimate,0.054324,0.945676,True,TN,1,1,1,1,-1,0,1,1,1,1,1
1990,271557877018023,train_oof,0,legitimate,0,legitimate,0.002788,0.997212,True,TN,3,1,1,1,1,-1,-1,1,0,-1,1
1991,69489358559440,train_oof,0,legitimate,0,legitimate,0.260852,0.739148,True,TN,2,1,1,1,-1,0,1,1,0,-1,1
1992,125446602721090,train_oof,1,phishing,1,phishing,0.98293,0.01707,True,TP,5,1,-1,1,-1,1,1,1,-1,-1,-1
1994,95775880490420,train_oof,0,legitimate,0,legitimate,0.024319,0.975681,True,TN,4,1,-1,1,1,0,-1,-1,1,-1,-1
1995,121665216882189,train_oof,1,phishing,1,phishing,0.529606,0.470394,True,TP,4,1,-1,1,-1,-1,1,-1,0,0,-1
1997,43671152457827,train_oof,1,phishing,1,phishing,0.678846,0.321154,True,TP,5,1,-1,1,-1,-1,1,1,0,-1,-1
1999,103496991252,train_oof,1,phishing,0,legitimate,0.408108,0.591892,False,FN,3,1,-1,1,-1,0,1,-1,0,0,-1
2000,26378427423202,train_oof,1,phishing,1,phishing,0.799991,0.200009,True,TP,1,1,-1,1,-1,-1,1,-1,0,-1,-1
2001,112389204112627,train_oof,1,phishing,1,phishing,0.998694,0.001306,True,TP,2,1,-1,1,-1,0,1,-1,-1,0,-1
2002,119146015806087,train_oof,0,legitimate,0,legitimate,0.065492,0.934508,True,TN,4,1,1,1,-1,0,1,1,0,1,1
2003,129746084494347,train_oof,1,phishing,0,legitimate,0.317305,0.682695,False,FN,3,1,-1,1,-1,0,1,-1,1,-1,-1
2004,104909662282998,train_oof,0,legitimate,0,legitimate,0.188709,0.811291,True,TN,2,1,1,1,-1,-1,1,1,0,1,1
2005,69558698965921,train_oof,0,legitimate,0,legitimate,0.466414,0.533586,True,TN,1,1,-1,1,-1,1,1,1,0,-1,-1
2008,46596838473259,train_oof,1,phishing,0,legitimate,0.400457,0.599543,False,FN,5,1,-1,1,-1,1,1,1,0,-1,-1
2009,120819561064458,train_oof,0,legitimate,0,legitimate,0.031013,0.968987,True,TN,5,1,-1,1,-1,1,1,-1,1,0,-1
2010,246689565049880,train_oof,1,phishing,1,phishing,0.9992,0.0008,True,TP,3,1,-1,1,-1,-1,1,-1,-1,-1,-1
2011,212294320413410,train_oof,1,phishing,1,phishing,0.999106,0.000894,True,TP,5,1,-1,1,-1,0,1,-1,-1,-1,-1
2012,200623586712928,train_oof,1,phishing,1,phishing,0.995079,0.004921,True,TP,3,1,-1,1,-1,0,-1,1,-1,0,-1
2013,69606254529713,train_oof,0,legitimate,1,phishing,0.654194,0.345806,False,FP,3,1,-1,1,-1,0,1,-1,0,-1,-1
2014,167817227602829,train_oof,1,phishing,0,legitimate,0.23386,0.76614,False,FN,4,1,-1,1,-1,-1,1,-1,1,0,-1
2015,108622784641927,train_oof,0,legitimate,1,phishing,0.719882,0.280118,False,FP,4,1,-1,1,-1,-1,1,1,0,-1,-1
2016,27280603199551,train_oof,0,legitimate,0,legitimate,0.195778,0.804222,True,TN,4,1,-1,1,-1,1,1,1,0,1,-1
2017,110100243179470,train_oof,1,phishing,1,phishing,0.800886,0.199114,True,TP,4,1,-1,1,-1,-1,1,-1,0,-1,-1
2019,116582565465556,train_oof,0,legitimate,0,legitimate,0.15142,0.84858,True,TN,1,1,-1,1,-1,1,1,1,0,0,-1
2020,150232652611395,train_oof,0,legitimate,0,legitimate,0.066857,0.933143,True,TN,5,1,1,1,-1,1,1,1,0,0,1
2021,157989350806615,train_oof,1,phishing,1,phishing,0.999312,0.000688,True,TP,4,1,-1,1,-1,-1,1,-1,-1,-1,-1
2022,112151821906301,train_oof,1,phishing,1,phishing,0.987913,0.012087,True,TP,4,1,-1,1,-1,1,1,-1,-1,-1,-1
2023,226719101086538,train_oof,1,phishing,1,phishing,0.972753,0.027247,True,TP,2,1,1,1,-1,-1,1,1,-1,0,1
2024,202703218327938,train_oof,0,legitimate,0,legitimate,0.196702,0.803298,True,TN,1,1,-1,1,-1,0,1,-1,1,1,-1
2025,25589422353485,train_oof,1,phishing,1,phishing,0.99742,0.00258,True,TP,3,1,-1,1,-1,0,1,1,-1,0,-1
2026,319067913836,train_oof,0,legitimate,0,legitimate,0.031952,0.968048,True,TN,4,-1,-1,-1,-1,1,1,1,0,0,-1
2027,182593433973716,train_oof,0,legitimate,0,legitimate,0.025814,0.974186,True,TN,2,1,-1,1,1,-1,-1,-1,0,1,-1
2028,106482074083242,train_oof,1,phishing,1,phishing,0.822009,0.177991,True,TP,5,1,-1,1,-1,-1,1,-1,0,-1,-1
2029,24500119340026,train_oof,1,phishing,1,phishing,0.995511,0.004489,True,TP,5,1,-1,1,-1,0,1,1,-1,0,-1
2030,84928280217011,train_oof,1,phishing,1,phishing,0.99776,0.00224,True,TP,1,1,-1,1,-1,-1,1,-1,-1,-1,-1
2031,52236739903081,train_oof,0,legitimate,0,legitimate,0.009893,0.990107,True,TN,5,1,-1,1,-1,1,1,1,1,0,-1
2032,202206208404094,train_oof,0,legitimate,0,legitimate,0.270682,0.729318,True,TN,3,1,-1,1,-1,1,1,1,0,1,-1
2033,35440756677324,train_oof,0,legitimate,0,legitimate,0.001992,0.998008,True,TN,1,1,-1,1,1,-1,1,-1,1,1,-1
2034,19390089239551,train_oof,1,phishing,1,phishing,0.998677,0.001323,True,TP,5,-1,-1,-1,-1,0,-1,-1,-1,1,-1
2035,252657480442137,train_oof,0,legitimate,0,legitimate,0.009893,0.990107,True,TN,5,1,-1,1,-1,1,1,1,1,0,-1
2036,49149455616722,train_oof,1,phishing,1,phishing,0.999106,0.000894,True,TP,5,1,-1,1,-1,0,1,-1,-1,-1,-1
2037,231320072857168,train_oof,1,phishing,1,phishing,0.9992,0.0008,True,TP,3,1,-1,1,-1,-1,1,-1,-1,-1,-1
2038,112315876762958,train_oof,0,legitimate,0,legitimate,0.022738,0.977262,True,TN,3,-1,-1,-1,-1,-1,1,1,1,0,-1
2039,248567928009864,train_oof,1,phishing,1,phishing,0.58005,0.41995,True,TP,1,1,-1,1,-1,1,1,-1,0,-1,-1
2040,243496888620779,train_oof,0,legitimate,0,legitimate,0.06654,0.93346,True,TN,2,1,-1,1,-1,-1,-1,1,0,1,-1
2041,3558671862140,train_oof,1,phishing,1,phishing,0.992979,0.007021,True,TP,4,1,1,1,-1,-1,1,1,-1,-1,1
2042,33976655050909,train_oof,1,phishing,1,phishing,0.993757,0.006243,True,TP,2,1,-1,1,-1,0,-1,1,-1,0,-1
2043,200964267413725,train_oof,0,legitimate,0,legitimate,0.183969,0.816031,True,TN,2,1,-1,1,-1,1,1,-1,1,-1,-1
2044,218102188295128,train_oof,1,phishing,1,phishing,0.545566,0.454434,True,TP,4,1,-1,1,-1,-1,-1,-1,0,0,-1
2046,190409292746832,train_oof,0,legitimate,0,legitimate,7e-06,0.999993,True,TN,4,1,-1,1,1,1,1,1,1,1,-1
2047,52236739903081,train_oof,0,legitimate,0,legitimate,0.009893,0.990107,True,TN,5,1,-1,1,-1,1,1,1,1,0,-1
2050,104500588150911,train_oof,0,legitimate,0,legitimate,0.038841,0.961159,True,TN,5,-1,-1,-1,-1,0,1,1,1,1,-1
2051,25589422353485,train_oof,1,phishing,1,phishing,0.99742,0.00258,True,TP,3,1,-1,1,-1,0,1,1,-1,0,-1
2052,84444531441747,train_oof,0,legitimate,0,legitimate,0.002166,0.997834,True,TN,2,1,-1,1,1,-1,-1,-1,1,1,-1
2054,11952626962793,train_oof,0,legitimate,0,legitimate,0.000864,0.999136,True,TN,4,1,-1,1,1,0,1,1,1,0,-1
2055,103489205510352,train_oof,0,legitimate,0,legitimate,0.200293,0.799707,True,TN,3,1,1,1,-1,-1,1,1,0,1,1
2056,240765257679204,train_oof,1,phishing,1,phishing,0.995273,0.004727,True,TP,1,1,-1,1,-1,0,1,-1,-1,1,-1
2057,186045323122063,train_oof,0,legitimate,1,phishing,0.724541,0.275459,False,FP,3,1,-1,1,-1,-1,1,1,0,-1,-1
2058,93195022711941,train_oof,0,legitimate,0,legitimate,0.194054,0.805946,True,TN,1,1,1,1,-1,-1,1,1,0,1,1
2059,35627557805917,train_oof,1,phishing,1,phishing,0.990247,0.009753,True,TP,3,1,-1,1,-1,-1,1,1,-1,-1,-1
2061,246883300782166,train_oof,1,phishing,1,phishing,0.941787,0.058213,True,TP,1,1,-1,1,-1,-1,1,1,-1,0,-1
2062,193688321802307,train_oof,1,phishing,1,phishing,0.997133,0.002867,True,TP,1,1,-1,1,-1,-1,1,-1,-1,0,-1
2063,17679821701063,train_oof,0,legitimate,0,legitimate,0.451383,0.548617,True,TN,4,1,-1,1,-1,-1,1,1,0,0,-1
2064,36389520962394,train_oof,1,phishing,1,phishing,0.991641,0.008359,True,TP,5,1,1,1,-1,-1,1,1,-1,-1,1
2065,74843221070020,train_oof,0,legitimate,0,legitimate,0.007097,0.992903,True,TN,4,1,1,1,1,-1,1,1,0,0,1
2066,230403195404786,train_oof,1,phishing,1,phishing,0.997393,0.002607,True,TP,2,1,-1,1,-1,0,1,1,-1,-1,-1
2067,104945829210262,train_oof,1,phishing,1,phishing,0.993672,0.006328,True,TP,5,1,-1,1,-1,0,-1,-1,-1,-1,-1
2068,78189109366261,train_oof,1,phishing,1,phishing,0.995047,0.004953,True,TP,4,-1,-1,-1,-1,-1,-1,-1,-1,1,-1
2069,64769748565186,train_oof,0,legitimate,0,legitimate,0.270682,0.729318,True,TN,3,1,-1,1,-1,1,1,1,0,1,-1
2070,240415336868951,train_oof,0,legitimate,0,legitimate,0.008533,0.991467,True,TN,5,1,-1,1,1,-1,1,1,0,1,-1
2072,74311926592741,train_oof,0,legitimate,0,legitimate,0.042799,0.957201,True,TN,4,1,-1,1,-1,-1,1,1,1,1,-1
2073,119453430723436,train_oof,0,legitimate,0,legitimate,0.031466,0.968534,True,TN,5,1,-1,1,-1,1,1,-1,1,1,-1
2074,98725156686283,train_oof,1,phishing,0,legitimate,0.129578,0.870422,False,FN,2,1,-1,1,-1,-1,1,1,1,0,-1
2075,240637319693830,train_oof,0,legitimate,0,legitimate,0.15142,0.84858,True,TN,1,1,-1,1,-1,1,1,1,0,0,-1
2076,5295823670401,train_oof,1,phishing,1,phishing,0.998384,0.001616,True,TP,3,1,-1,1,-1,0,1,-1,-1,-1,-1
2078,251834989581916,train_oof,0,legitimate,0,legitimate,0.031013,0.968987,True,TN,5,1,-1,1,-1,1,1,-1,1,0,-1
2079,231076322216005,train_oof,0,legitimate,0,legitimate,0.308932,0.691068,True,TN,2,1,-1,1,-1,0,1,-1,0,1,-1
2080,125546284971173,train_oof,0,legitimate,0,legitimate,0.234547,0.765453,True,TN,3,1,1,1,-1,-1,1,1,0,0,1
2081,116582565465556,train_oof,0,legitimate,0,legitimate,0.15142,0.84858,True,TN,1,1,-1,1,-1,1,1,1,0,0,-1
2082,222495266229423,train_oof,1,phishing,1,phishing,0.9992,0.0008,True,TP,3,1,-1,1,-1,-1,1,-1,-1,-1,-1
2083,45867544176692,train_oof,0,legitimate,0,legitimate,0.003847,0.996153,True,TN,1,1,-1,1,-1,1,1,1,1,1,-1
2084,31230462872797,train_oof,1,phishing,1,phishing,0.99841,0.00159,True,TP,3,1,-1,1,-1,-1,1,-1,-1,0,-1
2085,184007829377084,train_oof,0,legitimate,0,legitimate,0.378975,0.621025,True,TN,5,1,-1,1,-1,-1,-1,1,0,0,-1
2086,102568264356578,train_oof,1,phishing,1,phishing,0.998504,0.001496,True,TP,2,1,-1,1,-1,0,-1,-1,-1,0,-1
2087,128399334439625,train_oof,1,phishing,1,phishing,0.997441,0.002559,True,TP,5,1,-1,1,-1,0,1,1,-1,-1,-1
2090,156388620123683,train_oof,0,legitimate,0,legitimate,0.149481,0.850519,True,TN,2,-1,1,-1,-1,-1,1,1,0,0,1
2091,240066286381312,train_oof,1,phishing,1,phishing,0.993389,0.006611,True,TP,2,1,-1,1,-1,1,1,-1,-1,0,-1
2092,72869030805753,train_oof,1,phishing,1,phishing,0.708167,0.291833,True,TP,2,1,-1,1,-1,-1,1,-1,1,-1,-1
2094,275071036488237,train_oof,0,legitimate,0,legitimate,0.08005,0.91995,True,TN,5,-1,-1,-1,-1,0,1,-1,1,1,-1
2095,197777286803053,train_oof,1,phishing,0,legitimate,0.329106,0.670894,False,FN,3,1,-1,1,-1,-1,1,1,1,-1,-1
2099,221722426697998,train_oof,0,legitimate,0,legitimate,0.047123,0.952877,True,TN,3,1,-1,1,-1,0,1,1,1,0,-1
2100,71058750698799,train_oof,0,legitimate,0,legitimate,0.114067,0.885933,True,TN,1,1,-1,1,-1,1,1,-1,0,0,-1
2101,272744919790221,train_oof,0,legitimate,0,legitimate,0.016626,0.983374,True,TN,3,1,-1,1,1,0,1,1,1,-1,-1
2102,220813827856849,train_oof,0,legitimate,1,phishing,0.76924,0.23076,False,FP,4,1,-1,1,-1,-1,1,-1,1,-1,-1
2103,170058238826251,train_oof,0,legitimate,0,legitimate,0.115175,0.884825,True,TN,3,-1,1,-1,-1,-1,1,1,1,-1,1
2104,132638995660380,train_oof,0,legitimate,0,legitimate,0.014086,0.985914,True,TN,1,-1,-1,-1,1,-1,1,1,1,-1,-1
2105,199154403119161,train_oof,1,phishing,1,phishing,0.992696,0.007304,True,TP,2,1,-1,1,-1,-1,1,1,-1,0,-1
2106,117012613944733,train_oof,1,phishing,1,phishing,0.999312,0.000688,True,TP,4,1,-1,1,-1,-1,1,-1,-1,-1,-1
2107,233580160170953,train_oof,1,phishing,1,phishing,0.758443,0.241557,True,TP,1,1,-1,1,-1,-1,1,1,0,-1,-1
2108,46156346541285,train_oof,0,legitimate,0,legitimate,0.002114,0.997886,True,TN,3,1,-1,1,1,1,-1,1,1,0,-1
2109,30303354880109,train_oof,0,legitimate,0,legitimate,0.005135,0.994865,True,TN,5,1,-1,1,1,0,1,-1,1,1,-1
2110,223457490317821,train_oof,0,legitimate,1,phishing,0.799991,0.200009,False,FP,1,1,-1,1,-1,-1,1,-1,0,-1,-1
2111,186583371588694,train_oof,0,legitimate,0,legitimate,0.042698,0.957302,True,TN,1,-1,-1,-1,-1,-1,1,1,0,0,-1
2112,90417401487512,train_oof,1,phishing,0,legitimate,0.487318,0.512682,False,FN,5,1,-1,1,-1,-1,1,1,0,0,-1
2113,153758449237882,train_oof,0,legitimate,0,legitimate,0.034647,0.965353,True,TN,1,-1,-1,-1,-1,-1,1,1,1,1,-1
2114,122045852124301,train_oof,0,legitimate,0,legitimate,0.370992,0.629008,True,TN,5,1,-1,1,-1,0,1,1,0,0,-1
2116,147109559068708,train_oof,1,phishing,1,phishing,0.997934,0.002066,True,TP,4,1,-1,1,-1,0,1,1,-1,-1,-1
2117,234031656444700,train_oof,0,legitimate,0,legitimate,0.00046,0.99954,True,TN,1,1,-1,1,1,0,1,1,1,1,-1
2118,1959149834071,train_oof,0,legitimate,0,legitimate,0.068166,0.931834,True,TN,2,1,-1,1,-1,0,1,1,1,0,-1
2119,201863570102750,train_oof,1,phishing,0,legitimate,0.481864,0.518136,False,FN,5,1,-1,1,-1,1,-1,-1,0,-1,-1
2120,107785853517292,train_oof,0,legitimate,0,legitimate,0.007619,0.992381,True,TN,4,1,-1,1,-1,1,-1,1,1,1,-1
2121,277027577270282,train_oof,0,legitimate,0,legitimate,0.168408,0.831592,True,TN,3,1,1,1,-1,-1,1,-1,1,0,1
2123,272167342081556,train_oof,0,legitimate,0,legitimate,0.005378,0.994622,True,TN,4,1,-1,1,1,0,1,1,0,0,-1
2124,201981397185755,train_oof,1,phishing,1,phishing,0.800886,0.199114,True,TP,4,1,-1,1,-1,-1,1,-1,0,-1,-1
2125,128403021020134,train_oof,0,legitimate,0,legitimate,0.00096,0.99904,True,TN,1,1,-1,1,1,-1,1,1,1,1,-1
2126,228981653131049,train_oof,1,phishing,1,phishing,0.997394,0.002606,True,TP,4,1,-1,1,-1,-1,-1,-1,-1,0,-1
2127,118060287098649,train_oof,0,legitimate,0,legitimate,0.034513,0.965487,True,TN,4,-1,-1,-1,-1,-1,1,1,0,0,-1
2128,133173518274721,train_oof,1,phishing,0,legitimate,0.167392,0.832608,False,FN,1,1,-1,1,-1,1,1,-1,0,1,-1
2129,61826776953576,train_oof,1,phishing,1,phishing,0.986177,0.013823,True,TP,5,1,-1,1,-1,1,1,-1,-1,-1,-1
2130,136285439667729,train_oof,1,phishing,1,phishing,0.678846,0.321154,True,TP,5,1,-1,1,-1,-1,1,1,0,-1,-1
2131,180032423803076,train_oof,1,phishing,1,phishing,0.995484,0.004516,True,TP,4,-1,-1,-1,-1,0,-1,1,-1,1,-1
2132,231320072857168,train_oof,1,phishing,1,phishing,0.9992,0.0008,True,TP,3,1,-1,1,-1,-1,1,-1,-1,-1,-1
2133,145650159033731,train_oof,0,legitimate,0,legitimate,0.132798,0.867202,True,TN,3,1,-1,1,-1,0,1,1,0,1,-1
2134,238772050355069,train_oof,1,phishing,1,phishing,0.99718,0.00282,True,TP,4,1,-1,1,-1,0,-1,-1,-1,0,-1
2135,22409012388340,train_oof,0,legitimate,0,legitimate,1.9e-05,0.999981,True,TN,4,1,-1,1,1,1,1,1,1,0,-1
2136,213097884165775,train_oof,0,legitimate,0,legitimate,0.016626,0.983374,True,TN,3,1,-1,1,1,0,1,1,1,-1,-1
2137,17144019808062,train_oof,1,phishing,0,legitimate,0.451409,0.548591,False,FN,2,1,-1,1,-1,-1,1,1,0,0,-1
2138,26377662789777,train_oof,1,phishing,1,phishing,0.998694,0.001306,True,TP,2,1,-1,1,-1,0,1,-1,-1,0,-1
2139,8206431665567,train_oof,0,legitimate,0,legitimate,0.287736,0.712264,True,TN,3,-1,-1,-1,-1,0,1,1,0,-1,-1
2140,190507561925625,train_oof,1,phishing,1,phishing,0.989554,0.010446,True,TP,5,1,1,1,-1,0,1,-1,-1,0,1
2141,58982141861075,train_oof,1,phishing,1,phishing,0.993078,0.006922,True,TP,5,1,1,1,-1,0,1,1,-1,0,1
2142,115859944656981,train_oof,0,legitimate,0,legitimate,0.016353,0.983647,True,TN,3,1,1,1,1,1,-1,-1,0,-1,1
2143,230191719897820,train_oof,1,phishing,1,phishing,0.800886,0.199114,True,TP,4,1,-1,1,-1,-1,1,-1,0,-1,-1
2144,89702315148049,train_oof,1,phishing,1,phishing,0.985103,0.014897,True,TP,1,1,-1,1,-1,1,1,-1,-1,-1,-1
2145,232119811623410,train_oof,0,legitimate,0,legitimate,0.034513,0.965487,True,TN,4,-1,-1,-1,-1,-1,1,1,0,0,-1
2146,196763938333333,train_oof,1,phishing,0,legitimate,0.400457,0.599543,False,FN,5,1,-1,1,-1,1,1,1,0,-1,-1
2149,62181887707210,train_oof,1,phishing,1,phishing,0.992375,0.007625,True,TP,4,1,-1,1,-1,0,1,1,-1,0,-1
2152,14342887980963,train_oof,0,legitimate,0,legitimate,0.163043,0.836957,True,TN,3,1,-1,1,-1,-1,1,1,1,0,-1
2153,216904679815554,train_oof,0,legitimate,0,legitimate,0.034703,0.965297,True,TN,1,1,1,1,-1,1,-1,1,0,1,1
2154,118224134829055,train_oof,1,phishing,1,phishing,0.800886,0.199114,True,TP,4,1,-1,1,-1,-1,1,-1,0,-1,-1
2157,209251685992967,train_oof,0,legitimate,0,legitimate,0.194416,0.805584,True,TN,2,1,-1,1,-1,-1,1,1,0,1,-1
2158,89702315148049,train_oof,1,phishing,1,phishing,0.985103,0.014897,True,TP,1,1,-1,1,-1,1,1,-1,-1,-1,-1
2159,163600880901516,train_oof,1,phishing,1,phishing,0.95989,0.04011,True,TP,4,1,-1,1,-1,1,1,-1,-1,1,-1
2160,259156620150198,train_oof,1,phishing,1,phishing,0.723591,0.276409,True,TP,4,1,-1,1,-1,-1,-1,-1,0,-1,-1
2161,101326155824494,train_oof,1,phishing,1,phishing,0.655341,0.344659,True,TP,2,1,-1,1,-1,-1,1,1,0,-1,-1
2162,39430796089676,train_oof,1,phishing,0,legitimate,0.417164,0.582836,False,FN,2,1,-1,1,-1,-1,-1,-1,0,1,-1
2164,261873513217492,train_oof,0,legitimate,0,legitimate,0.068096,0.931904,True,TN,5,-1,-1,-1,-1,0,1,1,0,0,-1
2165,204855214785050,train_oof,0,legitimate,0,legitimate,0.06482,0.93518,True,TN,2,1,1,1,-1,0,1,1,0,0,1
2166,12292260783572,train_oof,1,phishing,1,phishing,0.99718,0.00282,True,TP,4,1,-1,1,-1,0,-1,-1,-1,0,-1
2167,91003787149102,train_oof,0,legitimate,0,legitimate,0.002695,0.997305,True,TN,1,1,-1,1,1,0,-1,-1,1,1,-1
2168,19030167655009,train_oof,1,phishing,1,phishing,0.521058,0.478942,True,TP,1,1,-1,1,-1,-1,1,-1,0,0,-1
2170,196263321821643,train_oof,1,phishing,0,legitimate,0.378182,0.621818,False,FN,4,1,-1,1,-1,0,1,-1,0,0,-1
2171,225138807947360,train_oof,1,phishing,1,phishing,0.995707,0.004293,True,TP,1,1,-1,1,-1,0,1,-1,-1,0,-1
2172,223103336615993,train_oof,0,legitimate,0,legitimate,0.153214,0.846786,True,TN,4,1,-1,1,-1,-1,1,-1,1,1,-1
2173,186583371588694,train_oof,0,legitimate,0,legitimate,0.042698,0.957302,True,TN,1,-1,-1,-1,-1,-1,1,1,0,0,-1
2174,258007234101555,train_oof,0,legitimate,0,legitimate,0.228118,0.771882,True,TN,5,-1,-1,-1,-1,-1,1,1,0,-1,-1
2175,202875403814503,train_oof,1,phishing,0,legitimate,0.378182,0.621818,False,FN,4,1,-1,1,-1,0,1,-1,0,0,-1
2177,234744068489839,train_oof,0,legitimate,0,legitimate,0.118059,0.881941,True,TN,5,1,-1,1,-1,0,1,1,0,1,-1
2178,271850315372555,train_oof,0,legitimate,0,legitimate,0.078682,0.921318,True,TN,3,1,1,1,-1,0,-1,1,1,-1,1
2179,49237647320950,train_oof,1,phishing,1,phishing,0.521058,0.478942,True,TP,1,1,-1,1,-1,-1,1,-1,0,0,-1
2180,142229725061025,train_oof,0,legitimate,0,legitimate,0.064782,0.935218,True,TN,4,1,-1,1,-1,0,1,1,1,0,-1
2181,131012749804840,train_oof,1,phishing,1,phishing,0.941951,0.058049,True,TP,5,1,1,1,-1,-1,1,1,-1,0,1
2182,199086436543724,train_oof,0,legitimate,0,legitimate,0.007926,0.992074,True,TN,5,1,-1,1,1,-1,1,-1,0,1,-1
2183,56245142814942,train_oof,0,legitimate,0,legitimate,0.212628,0.787372,True,TN,4,1,-1,1,-1,1,1,1,0,0,-1
2184,14955219724721,train_oof,0,legitimate,0,legitimate,0.172764,0.827236,True,TN,4,1,-1,1,-1,0,1,-1,1,1,-1
2185,84928280217011,train_oof,1,phishing,1,phishing,0.99776,0.00224,True,TP,1,1,-1,1,-1,-1,1,-1,-1,-1,-1
2187,52287563547833,train_oof,0,legitimate,0,legitimate,0.325018,0.674982,True,TN,2,1,-1,1,-1,0,1,1,0,0,-1
2188,68856380544828,train_oof,1,phishing,1,phishing,0.992375,0.007625,True,TP,4,1,-1,1,-1,0,1,1,-1,0,-1
2189,72773205524662,train_oof,1,phishing,1,phishing,0.53712,0.46288,True,TP,1,1,-1,1,-1,-1,1,1,0,0,-1
2191,132638995660380,train_oof,0,legitimate,0,legitimate,0.014086,0.985914,True,TN,1,-1,-1,-1,1,-1,1,1,1,-1,-1
2192,92020774662414,train_oof,0,legitimate,1,phishing,0.673601,0.326399,False,FP,4,1,-1,1,-1,0,1,-1,0,-1,-1
2193,269040887898871,train_oof,0,legitimate,0,legitimate,0.018319,0.981681,True,TN,1,1,-1,1,1,0,1,-1,0,-1,-1
2194,169874101725680,train_oof,0,legitimate,0,legitimate,0.000853,0.999147,True,TN,5,1,1,1,1,1,-1,1,1,1,1
2195,219674335520752,train_oof,1,phishing,1,phishing,0.56813,0.43187,True,TP,5,1,-1,1,-1,-1,1,-1,0,0,-1
2196,189355003878116,train_oof,1,phishing,1,phishing,0.984136,0.015864,True,TP,3,1,1,1,-1,0,1,1,-1,-1,1
2197,109463730511443,train_oof,0,legitimate,0,legitimate,0.069871,0.930129,True,TN,1,-1,1,-1,1,1,1,1,0,0,1
2198,96556523451829,train_oof,0,legitimate,1,phishing,0.800515,0.199485,False,FP,3,1,-1,1,-1,-1,1,-1,0,-1,-1
2199,98239947165968,train_oof,0,legitimate,0,legitimate,0.05243,0.94757,True,TN,4,1,1,1,-1,1,1,1,1,1,1
2200,259180332805534,train_oof,1,phishing,1,phishing,0.920994,0.079006,True,TP,4,-1,-1,-1,-1,1,-1,-1,-1,1,-1
2201,190472377439922,train_oof,1,phishing,0,legitimate,0.024683,0.975317,False,FN,5,1,1,1,-1,-1,1,1,0,0,1
2202,211901222885736,train_oof,1,phishing,1,phishing,0.976707,0.023293,True,TP,4,1,1,1,-1,0,-1,1,-1,1,1
2203,68364066612425,train_oof,0,legitimate,0,legitimate,0.01454,0.98546,True,TN,3,1,-1,1,1,0,1,-1,0,0,-1
2204,259547730602575,train_oof,1,phishing,0,legitimate,0.43634,0.56366,False,FN,5,1,-1,1,-1,0,-1,-1,0,0,-1
2205,107841614409967,train_oof,1,phishing,1,phishing,0.948728,0.051272,True,TP,1,1,-1,1,-1,-1,-1,-1,-1,1,-1
2206,268451857083669,train_oof,1,phishing,1,phishing,0.521058,0.478942,True,TP,1,1,-1,1,-1,-1,1,-1,0,0,-1
2208,48956573182950,train_oof,0,legitimate,0,legitimate,0.005011,0.994989,True,TN,5,1,-1,1,1,0,1,1,0,0,-1
2209,163939208279539,train_oof,0,legitimate,1,phishing,0.758443,0.241557,False,FP,1,1,-1,1,-1,-1,1,1,0,-1,-1
2211,224671804295438,train_oof,1,phishing,1,phishing,0.99776,0.00224,True,TP,1,1,-1,1,-1,-1,1,-1,-1,-1,-1
2212,246466229267858,train_oof,0,legitimate,0,legitimate,0.03703,0.96297,True,TN,1,1,-1,1,-1,0,1,1,1,0,-1
2213,148994908120250,train_oof,1,phishing,0,legitimate,0.188709,0.811291,False,FN,2,1,1,1,-1,-1,1,1,0,1,1
2214,210302711468717,train_oof,0,legitimate,0,legitimate,0.005353,0.994647,True,TN,3,1,-1,1,-1,1,1,1,1,1,-1
2216,156584377116813,train_oof,0,legitimate,1,phishing,0.503784,0.496216,False,FP,1,1,-1,1,-1,-1,-1,1,0,0,-1
2217,163209228781784,train_oof,1,phishing,1,phishing,0.643159,0.356841,True,TP,2,1,-1,1,-1,0,1,1,0,-1,-1
2218,154130890173267,train_oof,0,legitimate,0,legitimate,0.259419,0.740581,True,TN,3,1,-1,1,-1,1,1,-1,0,0,-1
2219,261296856492761,train_oof,1,phishing,1,phishing,0.989672,0.010328,True,TP,4,1,-1,1,-1,-1,1,-1,-1,1,-1
2220,236400034688764,train_oof,1,phishing,1,phishing,0.825405,0.174595,True,TP,2,1,-1,1,-1,-1,1,-1,0,-1,-1
2221,164584393920632,train_oof,0,legitimate,0,legitimate,0.045472,0.954528,True,TN,2,1,1,1,-1,0,-1,1,0,0,1
2222,222979113447144,train_oof,1,phishing,1,phishing,0.993588,0.006412,True,TP,2,1,1,1,-1,0,1,1,-1,0,1
2223,136888791896894,train_oof,0,legitimate,1,phishing,0.799991,0.200009,False,FP,1,1,-1,1,-1,-1,1,-1,0,-1,-1
2224,66258478511583,train_oof,1,phishing,1,phishing,0.529606,0.470394,True,TP,4,1,-1,1,-1,-1,1,-1,0,0,-1
2226,37782357329742,train_oof,1,phishing,1,phishing,0.997219,0.002781,True,TP,1,1,-1,1,-1,0,1,-1,-1,-1,-1
2227,268569774023478,train_oof,0,legitimate,0,legitimate,0.107353,0.892647,True,TN,3,1,-1,1,-1,-1,1,-1,1,1,-1
2228,141774905393508,train_oof,1,phishing,0,legitimate,0.195778,0.804222,False,FN,4,1,-1,1,-1,1,1,1,0,1,-1
2229,260407473919436,train_oof,0,legitimate,0,legitimate,0.003003,0.996997,True,TN,4,1,-1,1,-1,1,1,1,1,1,-1
2230,77002663779171,train_oof,0,legitimate,0,legitimate,0.013776,0.986224,True,TN,2,-1,-1,-1,1,0,1,1,1,-1,-1
2231,13222331037414,train_oof,0,legitimate,1,phishing,0.589537,0.410463,False,FP,3,1,-1,1,-1,-1,1,-1,0,0,-1
2232,153038894174802,train_oof,0,legitimate,0,legitimate,0.001462,0.998538,True,TN,5,1,-1,1,1,0,-1,-1,1,1,-1
2233,194129346837835,train_oof,1,phishing,0,legitimate,0.487318,0.512682,False,FN,5,1,-1,1,-1,-1,1,1,0,0,-1
2235,164999476932465,train_oof,1,phishing,1,phishing,0.941787,0.058213,True,TP,1,1,-1,1,-1,-1,1,1,-1,0,-1
2236,271000665781881,train_oof,1,phishing,1,phishing,0.991215,0.008785,True,TP,4,1,-1,1,-1,-1,-1,1,-1,0,-1
2237,186045323122063,train_oof,1,phishing,1,phishing,0.724541,0.275459,True,TP,3,1,-1,1,-1,-1,1,1,0,-1,-1
2238,24827799531734,train_oof,0,legitimate,0,legitimate,0.232429,0.767571,True,TN,2,1,-1,1,-1,1,1,1,0,0,-1
2239,108622784641927,train_oof,1,phishing,1,phishing,0.719882,0.280118,True,TP,4,1,-1,1,-1,-1,1,1,0,-1,-1
2240,242799365748175,train_oof,1,phishing,1,phishing,0.948728,0.051272,True,TP,1,1,-1,1,-1,-1,-1,-1,-1,1,-1
2242,222480587422789,train_oof,1,phishing,1,phishing,0.997934,0.002066,True,TP,4,1,-1,1,-1,0,1,1,-1,-1,-1
2243,44646305209202,train_oof,0,legitimate,0,legitimate,0.030936,0.969064,True,TN,1,-1,-1,-1,-1,0,1,1,1,0,-1
2244,257988078826990,train_oof,1,phishing,1,phishing,0.945702,0.054298,True,TP,3,1,-1,1,-1,-1,1,1,-1,0,-1
2246,186435466641691,train_oof,0,legitimate,0,legitimate,0.069522,0.930478,True,TN,1,-1,-1,-1,-1,1,1,-1,0,1,-1
2247,25589422353485,train_oof,1,phishing,1,phishing,0.99742,0.00258,True,TP,3,1,-1,1,-1,0,1,1,-1,0,-1
2248,188069243514552,train_oof,0,legitimate,0,legitimate,0.087282,0.912718,True,TN,3,1,-1,1,-1,0,-1,-1,1,0,-1
2249,222272817729771,train_oof,0,legitimate,1,phishing,0.53712,0.46288,False,FP,1,1,-1,1,-1,-1,1,1,0,0,-1
2250,25658884321558,train_oof,1,phishing,1,phishing,0.989023,0.010977,True,TP,2,1,1,1,-1,0,1,1,-1,-1,1
2253,234744068489839,train_oof,0,legitimate,0,legitimate,0.118059,0.881941,True,TN,5,1,-1,1,-1,0,1,1,0,1,-1
2255,278904268674713,train_oof,0,legitimate,0,legitimate,0.00137,0.99863,True,TN,5,1,1,1,1,-1,1,1,1,0,1
2256,224180390217346,train_oof,1,phishing,1,phishing,0.701071,0.298929,True,TP,4,1,-1,1,-1,0,1,1,0,-1,-1
2257,37175226631558,train_oof,1,phishing,1,phishing,0.652162,0.347838,True,TP,1,1,-1,1,-1,0,1,-1,0,-1,-1
2258,233668607714781,train_oof,0,legitimate,0,legitimate,0.159467,0.840533,True,TN,1,1,-1,1,-1,-1,1,1,0,1,-1
2259,128851850654365,train_oof,1,phishing,1,phishing,0.997146,0.002854,True,TP,5,1,-1,1,-1,0,1,-1,-1,0,-1
2261,203009614798371,train_oof,0,legitimate,0,legitimate,0.00052,0.99948,True,TN,4,1,1,1,1,1,1,1,1,0,1
2263,220624427692080,train_oof,0,legitimate,0,legitimate,0.298335,0.701665,True,TN,4,1,-1,1,-1,0,1,-1,0,1,-1
2264,218906408424373,train_oof,1,phishing,1,phishing,0.961959,0.038041,True,TP,5,1,1,1,-1,-1,-1,-1,-1,0,1
2266,36389520962394,train_oof,1,phishing,1,phishing,0.991641,0.008359,True,TP,5,1,1,1,-1,-1,1,1,-1,-1,1
2267,19287778250290,train_oof,0,legitimate,1,phishing,0.654194,0.345806,False,FP,3,1,-1,1,-1,0,1,-1,0,-1,-1
2268,115253971944619,train_oof,0,legitimate,0,legitimate,0.001458,0.998542,True,TN,3,-1,-1,-1,1,1,1,1,1,1,-1
2269,119968496662048,train_oof,1,phishing,1,phishing,0.986591,0.013409,True,TP,5,1,-1,1,-1,-1,1,1,-1,-1,-1
2271,196789478935609,train_oof,1,phishing,1,phishing,0.987001,0.012999,True,TP,2,1,-1,1,-1,0,1,1,-1,1,-1
2272,112115572509913,train_oof,0,legitimate,0,legitimate,0.227897,0.772103,True,TN,5,1,-1,1,-1,1,1,1,0,1,-1
2273,227862650355450,train_oof,0,legitimate,0,legitimate,0.001001,0.998999,True,TN,5,-1,-1,-1,1,0,1,1,1,1,-1
2274,70256624573090,train_oof,1,phishing,1,phishing,0.99841,0.00159,True,TP,3,1,-1,1,-1,-1,1,-1,-1,0,-1
2275,42392789916721,train_oof,0,legitimate,1,phishing,0.589537,0.410463,False,FP,3,1,-1,1,-1,-1,1,-1,0,0,-1
2278,70256624573090,train_oof,1,phishing,1,phishing,0.99841,0.00159,True,TP,3,1,-1,1,-1,-1,1,-1,-1,0,-1
2279,81929969695481,train_oof,0,legitimate,0,legitimate,0.005483,0.994517,True,TN,2,1,-1,1,1,-1,1,-1,1,1,-1
2282,220578278099674,train_oof,1,phishing,1,phishing,0.995511,0.004489,True,TP,5,1,-1,1,-1,0,1,1,-1,0,-1
2283,117973608132886,train_oof,1,phishing,1,phishing,0.996678,0.003322,True,TP,3,1,-1,1,-1,0,1,-1,-1,0,-1
2285,181266645426917,train_oof,0,legitimate,0,legitimate,0.035705,0.964295,True,TN,3,1,1,1,-1,-1,1,1,1,1,1
2286,139224429948755,train_oof,0,legitimate,1,phishing,0.708167,0.291833,False,FP,2,1,-1,1,-1,-1,1,-1,1,-1,-1
2287,150317320939189,train_oof,0,legitimate,0,legitimate,0.195885,0.804115,True,TN,3,1,-1,1,-1,0,-1,1,0,0,-1
2288,201203338106158,train_oof,1,phishing,1,phishing,0.99362,0.00638,True,TP,1,1,1,1,-1,0,1,1,-1,0,1
2289,1517643756241,train_oof,0,legitimate,0,legitimate,0.00939,0.99061,True,TN,2,1,-1,1,1,-1,1,-1,0,1,-1
2290,218294154794528,train_oof,1,phishing,1,phishing,0.998101,0.001899,True,TP,4,1,-1,1,-1,-1,1,-1,-1,0,-1
2291,31230462872797,train_oof,1,phishing,1,phishing,0.99841,0.00159,True,TP,3,1,-1,1,-1,-1,1,-1,-1,0,-1
2292,83181608023828,train_oof,0,legitimate,0,legitimate,0.010109,0.989891,True,TN,2,1,-1,1,-1,1,1,1,1,0,-1
2293,49149455616722,train_oof,1,phishing,1,phishing,0.999106,0.000894,True,TP,5,1,-1,1,-1,0,1,-1,-1,-1,-1
2295,151653196275963,train_oof,0,legitimate,0,legitimate,0.075995,0.924005,True,TN,3,1,-1,1,-1,-1,-1,1,0,1,-1
2296,64411570125516,train_oof,0,legitimate,0,legitimate,0.003709,0.996291,True,TN,3,-1,-1,-1,1,0,1,1,0,0,-1
2297,280116223591381,train_oof,1,phishing,1,phishing,0.967021,0.032979,True,TP,3,-1,-1,-1,-1,-1,-1,1,-1,1,-1
2299,38653190134831,train_oof,0,legitimate,0,legitimate,0.027327,0.972673,True,TN,4,1,-1,1,1,0,1,1,0,-1,-1
2300,49274606206125,train_oof,0,legitimate,0,legitimate,0.005353,0.994647,True,TN,3,1,-1,1,-1,1,1,1,1,1,-1
2301,222272817729771,train_oof,0,legitimate,1,phishing,0.53712,0.46288,False,FP,1,1,-1,1,-1,-1,1,1,0,0,-1
2302,263107841049376,train_oof,1,phishing,1,phishing,0.800515,0.199485,True,TP,3,1,-1,1,-1,-1,1,-1,0,-1,-1
2303,7330817827016,train_oof,0,legitimate,0,legitimate,0.00344,0.99656,True,TN,3,1,-1,1,1,-1,1,1,1,0,-1
2305,163939208279539,train_oof,1,phishing,1,phishing,0.758443,0.241557,True,TP,1,1,-1,1,-1,-1,1,1,0,-1,-1
2307,115194727539728,train_oof,0,legitimate,0,legitimate,0.040878,0.959122,True,TN,3,1,1,1,-1,0,1,1,0,0,1
2308,75322369492628,train_oof,0,legitimate,0,legitimate,0.010146,0.989854,True,TN,3,1,1,1,1,0,1,1,1,0,1
2309,154962929553710,train_oof,0,legitimate,0,legitimate,0.011967,0.988033,True,TN,1,1,-1,1,-1,1,-1,1,1,1,-1
2310,7138127195689,train_oof,1,phishing,1,phishing,0.996933,0.003067,True,TP,5,1,-1,1,-1,-1,-1,-1,-1,0,-1
2311,49149455616722,train_oof,1,phishing,1,phishing,0.999106,0.000894,True,TP,5,1,-1,1,-1,0,1,-1,-1,-1,-1
2313,47003722679718,train_oof,1,phishing,0,legitimate,0.179851,0.820149,False,FN,3,1,-1,1,-1,-1,-1,1,1,-1,-1
2314,261568486396091,train_oof,1,phishing,1,phishing,0.998561,0.001439,True,TP,1,-1,-1,-1,-1,0,1,-1,-1,1,-1
2315,217065374200705,train_oof,1,phishing,1,phishing,0.994679,0.005321,True,TP,2,1,-1,1,-1,0,1,1,-1,0,-1
2318,170470810986605,train_oof,0,legitimate,0,legitimate,0.035202,0.964798,True,TN,4,1,-1,1,1,-1,1,1,0,-1,-1
2319,269670746122176,train_oof,1,phishing,1,phishing,0.996826,0.003174,True,TP,1,-1,-1,-1,-1,0,-1,1,-1,1,-1
2320,141848754903778,train_oof,1,phishing,1,phishing,0.99514,0.00486,True,TP,4,-1,-1,-1,-1,0,1,-1,-1,1,-1
2321,87879075032265,train_oof,1,phishing,1,phishing,0.994679,0.005321,True,TP,2,1,-1,1,-1,0,1,1,-1,0,-1
2322,5928187869956,train_oof,1,phishing,1,phishing,0.941787,0.058213,True,TP,1,1,-1,1,-1,-1,1,1,-1,0,-1
2323,74744138150230,train_oof,1,phishing,1,phishing,0.981476,0.018524,True,TP,5,1,1,1,-1,-1,1,-1,-1,0,1
2325,221540986634081,train_oof,1,phishing,1,phishing,0.800886,0.199114,True,TP,4,1,-1,1,-1,-1,1,-1,0,-1,-1
2327,59430241316387,train_oof,0,legitimate,0,legitimate,0.293391,0.706609,True,TN,2,1,-1,1,-1,0,-1,1,0,-1,-1
2329,146857911123681,train_oof,0,legitimate,0,legitimate,0.138128,0.861872,True,TN,1,1,1,1,-1,0,1,1,1,0,1
2330,26378427423202,train_oof,1,phishing,1,phishing,0.799991,0.200009,True,TP,1,1,-1,1,-1,-1,1,-1,0,-1,-1
2332,107070148611143,train_oof,1,phishing,1,phishing,0.979519,0.020481,True,TP,1,-1,-1,-1,-1,0,1,1,-1,1,-1
2333,240600538468486,train_oof,0,legitimate,0,legitimate,0.004852,0.995148,True,TN,2,1,-1,1,1,-1,1,1,0,0,-1
2334,23114839470703,train_oof,0,legitimate,0,legitimate,0.07103,0.92897,True,TN,5,-1,-1,-1,-1,1,1,1,1,-1,-1
2335,48692038297978,train_oof,1,phishing,1,phishing,0.678846,0.321154,True,TP,5,1,-1,1,-1,-1,1,1,0,-1,-1
2336,12241782814786,train_oof,0,legitimate,0,legitimate,0.02385,0.97615,True,TN,1,1,-1,1,1,0,1,-1,1,-1,-1
2337,260407473919436,train_oof,0,legitimate,0,legitimate,0.003003,0.996997,True,TN,4,1,-1,1,-1,1,1,1,1,1,-1
2338,190855608439965,train_oof,1,phishing,1,phishing,0.985021,0.014979,True,TP,2,-1,1,-1,-1,0,-1,1,-1,1,1
2339,25589422353485,train_oof,1,phishing,1,phishing,0.99742,0.00258,True,TP,3,1,-1,1,-1,0,1,1,-1,0,-1
2342,272779661511716,train_oof,0,legitimate,0,legitimate,0.406399,0.593601,True,TN,2,1,-1,1,-1,0,1,-1,0,0,-1
2343,194923479889131,train_oof,1,phishing,1,phishing,0.99776,0.00224,True,TP,1,1,-1,1,-1,-1,1,-1,-1,-1,-1
2344,1814988800717,train_oof,1,phishing,1,phishing,0.995079,0.004921,True,TP,3,1,-1,1,-1,0,-1,1,-1,0,-1
2345,38544740119419,train_oof,1,phishing,1,phishing,0.53712,0.46288,True,TP,1,1,-1,1,-1,-1,1,1,0,0,-1
2346,197663003313425,train_oof,0,legitimate,1,phishing,0.58005,0.41995,False,FP,1,1,-1,1,-1,1,1,-1,0,-1,-1
2350,62942426541761,train_oof,1,phishing,1,phishing,0.98507,0.01493,True,TP,1,-1,-1,-1,-1,-1,1,-1,-1,1,-1
2351,241664081968522,train_oof,0,legitimate,0,legitimate,0.025693,0.974307,True,TN,2,1,-1,1,-1,-1,1,1,1,1,-1
2352,76301897762719,train_oof,1,phishing,1,phishing,0.999106,0.000894,True,TP,5,1,-1,1,-1,0,1,-1,-1,-1,-1
2357,38353729549476,train_oof,0,legitimate,0,legitimate,0.139007,0.860993,True,TN,2,1,-1,1,-1,-1,1,-1,1,1,-1
2358,75324552249529,train_oof,0,legitimate,0,legitimate,0.07869,0.92131,True,TN,4,1,1,1,-1,-1,1,1,1,0,1
2359,141784193886446,train_oof,0,legitimate,0,legitimate,0.112593,0.887407,True,TN,5,1,-1,1,-1,-1,-1,-1,1,1,-1
2360,88371872064270,train_oof,1,phishing,1,phishing,0.99805,0.00195,True,TP,4,1,-1,1,-1,0,1,-1,-1,0,-1
2361,185971254411394,train_oof,0,legitimate,0,legitimate,0.326518,0.673482,True,TN,1,1,1,1,1,-1,1,1,-1,0,1
2362,125546284971173,train_oof,0,legitimate,0,legitimate,0.234547,0.765453,True,TN,3,1,1,1,-1,-1,1,1,0,0,1
2363,156782700597983,train_oof,0,legitimate,0,legitimate,0.015647,0.984353,True,TN,5,1,-1,1,1,1,-1,1,0,-1,-1
2366,89439560763702,train_oof,1,phishing,1,phishing,0.980423,0.019577,True,TP,1,-1,1,-1,-1,0,-1,1,-1,1,1
2368,180729535579387,train_oof,0,legitimate,0,legitimate,0.196702,0.803298,True,TN,1,1,-1,1,-1,0,1,-1,1,1,-1
2369,146523884623547,train_oof,1,phishing,1,phishing,0.655341,0.344659,True,TP,2,1,-1,1,-1,-1,1,1,0,-1,-1
2371,157989350806615,train_oof,1,phishing,1,phishing,0.999312,0.000688,True,TP,4,1,-1,1,-1,-1,1,-1,-1,-1,-1
2372,120711640551854,train_oof,1,phishing,0,legitimate,0.236957,0.763043,False,FN,1,-1,1,-1,-1,1,1,1,0,-1,1
2373,263492643894946,train_oof,1,phishing,1,phishing,0.994679,0.005321,True,TP,2,1,-1,1,-1,0,1,1,-1,0,-1
2374,116307050891363,train_oof,0,legitimate,0,legitimate,0.031013,0.968987,True,TN,5,1,-1,1,-1,1,1,-1,1,0,-1
2377,112051124819421,train_oof,1,phishing,1,phishing,0.920155,0.079845,True,TP,5,1,-1,1,-1,-1,1,1,-1,1,-1
2378,242321453626475,train_oof,0,legitimate,0,legitimate,5.6e-05,0.999944,True,TN,5,-1,-1,-1,1,1,1,1,1,0,-1
2379,215990031105102,train_oof,0,legitimate,0,legitimate,0.195054,0.804946,True,TN,4,1,-1,1,-1,1,1,-1,0,0,-1
2380,153748751158186,train_oof,0,legitimate,0,legitimate,0.039024,0.960976,True,TN,5,1,-1,1,-1,-1,1,1,1,1,-1
2381,108037895748955,train_oof,0,legitimate,0,legitimate,0.000141,0.999859,True,TN,1,1,-1,1,1,1,1,-1,1,1,-1
2382,275596169157543,train_oof,0,legitimate,0,legitimate,0.325018,0.674982,True,TN,2,1,-1,1,-1,0,1,1,0,0,-1
2383,64636856185489,train_oof,0,legitimate,0,legitimate,0.291892,0.708108,True,TN,3,1,-1,1,-1,1,-1,-1,0,0,-1
2384,131410537025877,train_oof,0,legitimate,0,legitimate,0.424827,0.575173,True,TN,2,1,-1,1,1,-1,1,1,-1,-1,-1
2385,232151202383544,train_oof,0,legitimate,0,legitimate,0.122581,0.877419,True,TN,3,1,-1,1,-1,0,-1,1,0,1,-1
2386,195336112706119,train_oof,1,phishing,1,phishing,0.988756,0.011244,True,TP,1,1,-1,1,-1,-1,1,1,-1,-1,-1
2387,44326346147861,train_oof,1,phishing,1,phishing,0.822009,0.177991,True,TP,5,1,-1,1,-1,-1,1,-1,0,-1,-1
2388,186620934792476,train_oof,1,phishing,1,phishing,0.995747,0.004253,True,TP,4,1,-1,1,-1,0,1,-1,-1,1,-1
2390,4901170859628,train_oof,1,phishing,1,phishing,0.949703,0.050297,True,TP,4,1,-1,1,-1,-1,1,1,-1,0,-1
2391,169146699453686,train_oof,0,legitimate,0,legitimate,0.025279,0.974721,True,TN,4,-1,-1,-1,-1,-1,1,1,1,1,-1
2392,120711640551854,train_oof,0,legitimate,0,legitimate,0.236957,0.763043,True,TN,1,-1,1,-1,-1,1,1,1,0,-1,1
2393,142494024628163,train_oof,0,legitimate,0,legitimate,0.043761,0.956239,True,TN,1,-1,-1,-1,-1,1,1,1,1,0,-1
2395,176763974120963,train_oof,1,phishing,1,phishing,0.994659,0.005341,True,TP,5,1,-1,1,-1,0,-1,1,-1,0,-1
2396,138216807884979,train_oof,1,phishing,1,phishing,0.99776,0.00224,True,TP,1,1,-1,1,-1,-1,1,-1,-1,-1,-1
2397,35867422128159,train_oof,0,legitimate,0,legitimate,0.00166,0.99834,True,TN,2,-1,-1,-1,1,-1,1,1,0,0,-1
2399,186250784674875,train_oof,0,legitimate,0,legitimate,0.270682,0.729318,True,TN,3,1,-1,1,-1,1,1,1,0,1,-1
2400,222272817729771,train_oof,0,legitimate,1,phishing,0.53712,0.46288,False,FP,1,1,-1,1,-1,-1,1,1,0,0,-1
2401,251817802180651,train_oof,0,legitimate,0,legitimate,0.432337,0.567663,True,TN,4,1,-1,1,-1,1,1,1,0,-1,-1
2402,51230808529999,train_oof,1,phishing,1,phishing,0.953127,0.046873,True,TP,5,1,-1,1,-1,0,-1,1,-1,1,-1
2403,98428652545029,train_oof,1,phishing,1,phishing,0.983385,0.016615,True,TP,1,1,-1,1,-1,0,1,1,-1,1,-1
2404,186910165330597,train_oof,0,legitimate,0,legitimate,0.040323,0.959677,True,TN,2,1,-1,1,-1,1,1,-1,1,1,-1
2405,278546548538116,train_oof,0,legitimate,0,legitimate,0.374259,0.625741,True,TN,5,1,-1,1,-1,-1,1,-1,0,1,-1
2406,128399334439625,train_oof,1,phishing,1,phishing,0.997441,0.002559,True,TP,5,1,-1,1,-1,0,1,1,-1,-1,-1
2407,157661531831514,train_oof,0,legitimate,0,legitimate,0.054594,0.945406,True,TN,5,1,1,1,-1,-1,-1,1,0,-1,1
2409,184682578580192,train_oof,1,phishing,1,phishing,0.995484,0.004516,True,TP,4,-1,-1,-1,-1,0,-1,1,-1,1,-1
2410,261770564528320,train_oof,0,legitimate,0,legitimate,0.28966,0.71034,True,TN,5,1,1,1,-1,-1,1,1,0,1,1
2411,117012613944733,train_oof,1,phishing,1,phishing,0.999312,0.000688,True,TP,4,1,-1,1,-1,-1,1,-1,-1,-1,-1
2412,81374063716803,train_oof,1,phishing,1,phishing,0.998456,0.001544,True,TP,2,-1,-1,-1,-1,0,-1,-1,-1,1,-1
2413,219533580557130,train_oof,0,legitimate,0,legitimate,0.000743,0.999257,True,TN,3,1,1,1,1,1,1,1,1,0,1
2415,232151202383544,train_oof,0,legitimate,0,legitimate,0.122581,0.877419,True,TN,3,1,-1,1,-1,0,-1,1,0,1,-1
2417,327901679921,train_oof,0,legitimate,0,legitimate,0.194416,0.805584,True,TN,2,1,-1,1,-1,-1,1,1,0,1,-1
2418,74439805531772,train_oof,0,legitimate,0,legitimate,0.05243,0.94757,True,TN,4,1,1,1,-1,1,1,1,1,1,1
2419,160161656226587,train_oof,0,legitimate,0,legitimate,0.397364,0.602636,True,TN,1,1,-1,1,-1,0,1,1,1,-1,-1
2420,108622784641927,train_oof,1,phishing,1,phishing,0.719882,0.280118,True,TP,4,1,-1,1,-1,-1,1,1,0,-1,-1
2421,70108853955761,train_oof,1,phishing,1,phishing,0.998101,0.001899,True,TP,4,1,-1,1,-1,-1,1,-1,-1,0,-1
2422,58314604527291,train_oof,0,legitimate,0,legitimate,0.065492,0.934508,True,TN,4,1,1,1,-1,0,1,1,0,1,1
2423,102170114128584,train_oof,0,legitimate,0,legitimate,0.084552,0.915448,True,TN,2,-1,1,-1,-1,-1,1,1,1,0,1
2425,235800724627269,train_oof,1,phishing,1,phishing,0.997925,0.002075,True,TP,3,1,-1,1,-1,-1,-1,-1,-1,0,-1
2426,255787317833017,train_oof,0,legitimate,0,legitimate,0.035202,0.964798,True,TN,4,1,-1,1,1,-1,1,1,0,-1,-1
2428,222979113447144,train_oof,1,phishing,1,phishing,0.993588,0.006412,True,TP,2,1,1,1,-1,0,1,1,-1,0,1
2429,11118332588827,train_oof,0,legitimate,0,legitimate,0.004801,0.995199,True,TN,1,1,-1,1,-1,1,1,1,1,0,-1
2430,143219247161069,train_oof,0,legitimate,0,legitimate,0.327907,0.672093,True,TN,3,1,-1,1,-1,1,1,-1,0,1,-1
2433,278403592133921,train_oof,1,phishing,1,phishing,0.981454,0.018546,True,TP,5,1,-1,1,-1,0,-1,1,-1,-1,-1
2434,97093229428190,train_oof,0,legitimate,0,legitimate,0.048733,0.951267,True,TN,5,1,1,1,1,1,1,1,0,1,1
2435,205970732802673,train_oof,0,legitimate,0,legitimate,0.040323,0.959677,True,TN,2,1,-1,1,-1,1,1,-1,1,1,-1
2436,239746971741568,train_oof,0,legitimate,0,legitimate,0.068591,0.931409,True,TN,1,-1,-1,-1,-1,-1,1,1,0,1,-1
2437,186620934792476,train_oof,1,phishing,1,phishing,0.995747,0.004253,True,TP,4,1,-1,1,-1,0,1,-1,-1,1,-1
2438,10296154248340,train_oof,0,legitimate,0,legitimate,0.432345,0.567655,True,TN,5,1,-1,1,-1,0,1,-1,0,0,-1
2439,252415280405169,train_oof,1,phishing,1,phishing,0.991399,0.008601,True,TP,2,1,-1,1,-1,0,-1,-1,-1,-1,-1
2440,99488535263979,train_oof,1,phishing,1,phishing,0.586441,0.413559,True,TP,2,1,-1,1,-1,-1,1,-1,0,0,-1
2443,234744068489839,train_oof,0,legitimate,0,legitimate,0.118059,0.881941,True,TN,5,1,-1,1,-1,0,1,1,0,1,-1
2444,196612421058686,train_oof,1,phishing,1,phishing,0.986591,0.013409,True,TP,5,1,-1,1,-1,-1,1,1,-1,-1,-1
2446,47123246727076,train_oof,0,legitimate,0,legitimate,0.464662,0.535338,True,TN,3,1,-1,1,-1,-1,1,1,0,0,-1
2447,143876352279321,train_oof,0,legitimate,0,legitimate,0.000141,0.999859,True,TN,1,1,-1,1,1,1,1,-1,1,1,-1
2449,137717328835846,train_oof,0,legitimate,0,legitimate,0.021955,0.978045,True,TN,2,1,1,1,1,0,1,1,0,-1,1
2450,83181608023828,train_oof,0,legitimate,0,legitimate,0.010109,0.989891,True,TN,2,1,-1,1,-1,1,1,1,1,0,-1
2451,199154403119161,train_oof,1,phishing,1,phishing,0.992696,0.007304,True,TP,2,1,-1,1,-1,-1,1,1,-1,0,-1
2453,221703479794310,train_oof,1,phishing,1,phishing,0.822009,0.177991,True,TP,5,1,-1,1,-1,-1,1,-1,0,-1,-1
2454,13002970004494,train_oof,1,phishing,1,phishing,0.979464,0.020536,True,TP,2,1,-1,1,-1,0,-1,1,-1,-1,-1
2455,256537953938070,train_oof,0,legitimate,1,phishing,0.669292,0.330708,False,FP,3,1,-1,1,-1,1,1,-1,0,-1,-1
2456,182287810810826,train_oof,1,phishing,1,phishing,0.997944,0.002056,True,TP,2,1,-1,1,-1,0,1,-1,-1,-1,-1
2458,24264269404957,train_oof,0,legitimate,0,legitimate,0.129578,0.870422,True,TN,2,1,-1,1,-1,-1,1,1,1,0,-1
2460,212707617526361,train_oof,0,legitimate,0,legitimate,0.232,0.768,True,TN,5,1,-1,-1,-1,-1,1,-1,0,0,-1
2461,26282143162752,train_oof,1,phishing,0,legitimate,0.245715,0.754285,False,FN,3,1,1,1,-1,1,1,-1,0,1,-1
2462,210327648862971,train_oof,1,phishing,1,phishing,0.986177,0.013823,True,TP,5,1,-1,1,-1,1,1,-1,-1,-1,-1
2463,194603344079862,train_oof,1,phishing,1,phishing,0.9992,0.0008,True,TP,3,1,-1,1,-1,-1,1,-1,-1,-1,-1
2464,215469733969691,train_oof,1,phishing,1,phishing,0.986293,0.013707,True,TP,2,1,1,-1,-1,0,1,-1,-1,1,-1
2467,260576216640257,train_oof,0,legitimate,0,legitimate,0.166185,0.833815,True,TN,4,1,-1,-1,-1,-1,1,1,0,0,-1
2468,12354021142804,train_oof,0,legitimate,0,legitimate,0.270806,0.729194,True,TN,3,1,1,-1,-1,1,1,1,0,1,-1
2470,137635219092812,train_oof,0,legitimate,0,legitimate,0.107364,0.892636,True,TN,3,1,1,1,-1,1,1,1,0,0,-1
2471,280295083370519,train_oof,1,phishing,1,phishing,0.997219,0.002781,True,TP,1,1,-1,1,-1,0,1,-1,-1,-1,-1
2472,103916840067768,train_oof,0,legitimate,0,legitimate,0.058008,0.941992,True,TN,3,1,-1,1,-1,0,-1,1,1,1,-1
2473,195642040000361,train_oof,0,legitimate,0,legitimate,0.024456,0.975544,True,TN,3,1,-1,-1,-1,0,1,1,1,0,-1
2474,52236739903081,train_oof,0,legitimate,0,legitimate,0.009893,0.990107,True,TN,5,1,-1,1,-1,1,1,1,1,0,-1
2475,93157222058495,train_oof,1,phishing,1,phishing,0.678846,0.321154,True,TP,5,1,-1,1,-1,-1,1,1,0,-1,-1
2476,71058750698799,train_oof,0,legitimate,0,legitimate,0.114067,0.885933,True,TN,1,1,-1,1,-1,1,1,-1,0,0,-1
2477,102463551849123,train_oof,1,phishing,1,phishing,0.978305,0.021695,True,TP,1,1,-1,-1,-1,0,1,-1,-1,1,-1
2478,237692984833665,train_oof,1,phishing,1,phishing,0.946223,0.053777,True,TP,5,1,-1,1,-1,-1,1,1,-1,0,-1
2479,25971992542103,train_oof,1,phishing,1,phishing,0.669292,0.330708,True,TP,3,1,-1,1,-1,1,1,-1,0,-1,-1
2480,96218891315760,train_oof,0,legitimate,0,legitimate,0.10605,0.89395,True,TN,4,1,-1,-1,-1,-1,-1,1,1,0,-1
2481,108708357523355,train_oof,1,phishing,1,phishing,0.9992,0.0008,True,TP,3,1,-1,1,-1,-1,1,-1,-1,-1,-1
2482,102749663945626,train_oof,1,phishing,1,phishing,0.987643,0.012357,True,TP,4,1,-1,1,-1,1,1,-1,-1,0,-1
2484,163092237796469,train_oof,0,legitimate,0,legitimate,0.08862,0.91138,True,TN,5,1,-1,-1,-1,1,1,-1,0,0,-1
2485,108734485487607,train_oof,1,phishing,1,phishing,0.857172,0.142828,True,TP,5,1,-1,1,-1,1,-1,1,-1,1,-1
2486,87879075032265,train_oof,1,phishing,1,phishing,0.994679,0.005321,True,TP,2,1,-1,1,-1,0,1,1,-1,0,-1
2487,171397743022401,train_oof,0,legitimate,1,phishing,0.586441,0.413559,False,FP,2,1,-1,1,-1,-1,1,-1,0,0,-1
2488,54169711188508,train_oof,0,legitimate,0,legitimate,0.339,0.661,True,TN,5,1,1,1,-1,-1,-1,1,0,1,1
2489,20591004105567,train_oof,0,legitimate,1,phishing,0.521058,0.478942,False,FP,1,1,-1,1,-1,-1,1,-1,0,0,-1
2490,12961065014148,train_oof,0,legitimate,0,legitimate,0.155675,0.844325,True,TN,1,1,-1,-1,-1,-1,1,1,0,1,-1
2491,248567928009864,train_oof,1,phishing,1,phishing,0.58005,0.41995,True,TP,1,1,-1,1,-1,1,1,-1,0,-1,-1
2493,129235865964167,train_oof,0,legitimate,0,legitimate,0.019155,0.980845,True,TN,2,1,1,1,-1,1,1,1,1,-1,1
2494,210854522197072,train_oof,0,legitimate,0,legitimate,0.044248,0.955752,True,TN,3,1,-1,-1,-1,1,1,1,1,0,-1
2495,46881590683274,train_oof,1,phishing,1,phishing,0.997358,0.002642,True,TP,3,1,-1,1,-1,0,1,-1,-1,1,-1
2498,214139482695724,train_oof,0,legitimate,0,legitimate,0.010824,0.989176,True,TN,5,1,1,1,1,0,1,1,1,1,-1
2499,217025647357892,train_oof,1,phishing,1,phishing,0.979779,0.020221,True,TP,5,1,1,1,-1,0,-1,-1,-1,1,-1
2501,103489205510352,train_oof,0,legitimate,0,legitimate,0.200293,0.799707,True,TN,3,1,1,1,-1,-1,1,1,0,1,1
2502,96064347501800,train_oof,0,legitimate,0,legitimate,0.00432,0.99568,True,TN,1,1,1,1,1,-1,-1,1,0,-1,1
2503,17842022901731,train_oof,0,legitimate,0,legitimate,0.23384,0.76616,True,TN,2,1,0,-1,-1,-1,1,1,0,1,-1
2504,71986481942231,train_oof,0,legitimate,0,legitimate,0.331026,0.668974,True,TN,5,1,-1,-1,-1,-1,1,1,0,-1,-1
2505,172839996119487,train_oof,0,legitimate,0,legitimate,0.111527,0.888473,True,TN,1,1,-1,-1,-1,-1,-1,-1,1,1,-1
2506,56824222436660,train_oof,0,legitimate,0,legitimate,0.126537,0.873463,True,TN,5,1,-1,-1,-1,0,1,-1,0,1,-1
2507,154581484635716,train_oof,0,legitimate,0,legitimate,0.000864,0.999136,True,TN,4,1,-1,1,1,0,1,1,1,0,-1
2509,7330817827016,train_oof,0,legitimate,0,legitimate,0.00344,0.99656,True,TN,3,1,-1,1,1,-1,1,1,1,0,-1
2510,83181608023828,train_oof,0,legitimate,0,legitimate,0.010109,0.989891,True,TN,2,1,-1,1,-1,1,1,1,1,0,-1
2511,185313532103434,train_oof,0,legitimate,0,legitimate,0.133908,0.866092,True,TN,3,-1,-1,-1,-1,1,-1,-1,0,1,-1
2512,131557455044193,train_oof,1,phishing,0,legitimate,0.41462,0.58538,False,FN,4,1,-1,-1,-1,1,1,1,0,-1,-1
2513,246186901777910,train_oof,0,legitimate,0,legitimate,4.4e-05,0.999956,True,TN,1,-1,-1,-1,1,1,1,1,0,0,-1
2514,87176434415832,train_oof,0,legitimate,0,legitimate,0.03799,0.96201,True,TN,4,-1,-1,-1,-1,0,1,1,0,0,-1
2515,279537842744037,train_oof,0,legitimate,0,legitimate,0.006766,0.993234,True,TN,4,1,-1,1,1,-1,1,-1,0,1,-1
2516,41486473434543,train_oof,0,legitimate,0,legitimate,0.00285,0.99715,True,TN,2,1,1,1,1,0,1,1,0,0,1
2517,149624932226334,train_oof,1,phishing,1,phishing,0.987913,0.012087,True,TP,4,1,-1,1,-1,1,1,-1,-1,-1,-1
2518,251108893055155,train_oof,0,legitimate,0,legitimate,0.054768,0.945232,True,TN,4,1,1,1,-1,-1,-1,1,1,0,1
2519,172793565858523,train_oof,0,legitimate,0,legitimate,0.194054,0.805946,True,TN,1,1,1,1,-1,-1,1,1,0,1,1
2520,233458571223581,train_oof,0,legitimate,0,legitimate,0.317305,0.682695,True,TN,3,1,-1,1,-1,0,1,-1,1,-1,-1
2521,30064162511044,train_oof,1,phishing,1,phishing,0.916179,0.083821,True,TP,1,1,1,1,-1,1,-1,-1,-1,1,-1
2522,253720226604974,train_oof,0,legitimate,0,legitimate,0.007287,0.992713,True,TN,5,1,1,1,1,0,1,1,0,0,-1
2523,151753351271160,train_oof,0,legitimate,0,legitimate,0.000947,0.999053,True,TN,1,1,-1,-1,1,0,1,1,1,0,-1
2524,53354092997640,train_oof,0,legitimate,0,legitimate,0.000977,0.999023,True,TN,5,1,-1,1,1,1,-1,-1,1,0,-1
2525,202747839353461,train_oof,1,phishing,1,phishing,0.98293,0.01707,True,TP,5,1,-1,1,-1,1,1,1,-1,-1,-1
2526,254404049044050,train_oof,1,phishing,1,phishing,0.945927,0.054073,True,TP,4,-1,-1,-1,-1,0,1,1,-1,0,-1
2527,208619547271878,train_oof,1,phishing,1,phishing,0.992487,0.007513,True,TP,2,-1,-1,1,-1,-1,1,1,-1,-1,-1
2528,219791892400363,train_oof,0,legitimate,0,legitimate,0.342003,0.657997,True,TN,5,-1,-1,1,-1,-1,1,-1,0,0,-1
2529,153092366388648,train_oof,1,phishing,1,phishing,0.708167,0.291833,True,TP,2,1,-1,1,-1,-1,1,-1,1,-1,-1
2531,151943872105358,train_oof,0,legitimate,0,legitimate,0.001802,0.998198,True,TN,1,1,-1,-1,1,1,1,-1,1,0,-1
2532,271204811427431,train_oof,0,legitimate,0,legitimate,0.00344,0.99656,True,TN,3,1,-1,1,1,-1,1,1,1,0,-1
2533,90565048927373,train_oof,0,legitimate,1,phishing,0.665957,0.334043,False,FP,5,1,-1,1,-1,0,1,-1,0,-1,-1
2535,125404958554772,train_oof,0,legitimate,0,legitimate,0.012464,0.987536,True,TN,5,1,1,-1,1,-1,1,1,0,0,1
2536,190308017352284,train_oof,1,phishing,1,phishing,0.998456,0.001544,True,TP,2,-1,-1,-1,-1,0,-1,-1,-1,1,-1
2537,120535522301148,train_oof,0,legitimate,1,phishing,0.756748,0.243252,False,FP,1,1,-1,1,-1,0,1,1,0,-1,-1
2538,229647918313769,train_oof,1,phishing,1,phishing,0.997383,0.002617,True,TP,1,1,-1,1,-1,-1,-1,-1,-1,0,-1
2539,70974548181115,train_oof,0,legitimate,0,legitimate,0.0,1.0,True,TN,4,-1,-1,-1,1,1,1,1,1,0,-1
2540,64769748565186,train_oof,0,legitimate,0,legitimate,0.270682,0.729318,True,TN,3,1,-1,1,-1,1,1,1,0,1,-1
2541,203440696152208,train_oof,0,legitimate,0,legitimate,0.347088,0.652912,True,TN,1,1,-1,1,-1,0,1,-1,0,0,-1
2542,54600830380889,train_oof,0,legitimate,0,legitimate,0.113136,0.886864,True,TN,5,1,1,1,-1,0,1,1,0,-1,1
2544,220813827856849,train_oof,0,legitimate,1,phishing,0.76924,0.23076,False,FP,4,1,-1,1,-1,-1,1,-1,1,-1,-1
2545,49274606206125,train_oof,0,legitimate,0,legitimate,0.005353,0.994647,True,TN,3,1,-1,1,-1,1,1,1,1,1,-1
2546,31212572564605,train_oof,1,phishing,1,phishing,0.991877,0.008123,True,TP,3,1,-1,1,-1,0,-1,-1,-1,1,-1
2547,82227219176727,train_oof,0,legitimate,0,legitimate,0.001331,0.998669,True,TN,3,1,1,1,1,0,1,1,0,0,-1
2548,193994430672521,train_oof,0,legitimate,0,legitimate,0.19832,0.80168,True,TN,1,1,-1,1,-1,1,-1,-1,0,1,-1
2550,179894160924696,train_oof,1,phishing,1,phishing,0.997358,0.002642,True,TP,3,1,-1,1,-1,0,1,-1,-1,1,-1
2551,263050280653897,train_oof,1,phishing,1,phishing,0.988519,0.011481,True,TP,1,1,1,1,-1,-1,1,1,-1,-1,-1
2552,228227889454928,train_oof,0,legitimate,0,legitimate,0.225196,0.774804,True,TN,2,1,1,1,-1,-1,1,1,0,0,1
2553,208137430107219,train_oof,1,phishing,1,phishing,0.955694,0.044306,True,TP,1,1,1,1,-1,-1,1,-1,-1,1,1
2554,103051301771923,train_oof,0,legitimate,0,legitimate,0.187228,0.812772,True,TN,5,1,-1,1,-1,-1,1,1,1,0,-1
2555,219533580557130,train_oof,0,legitimate,0,legitimate,0.000743,0.999257,True,TN,3,1,1,1,1,1,1,1,1,0,1
2557,83181608023828,train_oof,0,legitimate,0,legitimate,0.010109,0.989891,True,TN,2,1,-1,1,-1,1,1,1,1,0,-1
2558,38653190134831,train_oof,0,legitimate,0,legitimate,0.027327,0.972673,True,TN,4,1,-1,1,1,0,1,1,0,-1,-1
2560,16440603476041,train_oof,0,legitimate,0,legitimate,0.024908,0.975092,True,TN,1,1,-1,1,-1,1,1,-1,1,1,-1
2561,66064651363780,train_oof,1,phishing,1,phishing,0.997331,0.002669,True,TP,3,1,-1,1,-1,0,1,1,-1,-1,-1
2563,52287563547833,train_oof,0,legitimate,0,legitimate,0.325018,0.674982,True,TN,2,1,-1,1,-1,0,1,1,0,0,-1
2564,69489358559440,train_oof,0,legitimate,0,legitimate,0.260852,0.739148,True,TN,2,1,1,1,-1,0,1,1,0,-1,1
2565,14205360602632,train_oof,1,phishing,1,phishing,0.999577,0.000423,True,TP,2,1,-1,1,-1,-1,1,-1,-1,-1,-1
2566,260170428795500,train_oof,0,legitimate,0,legitimate,0.096639,0.903361,True,TN,4,-1,-1,-1,-1,0,1,-1,1,1,-1
2567,278123680962058,train_oof,1,phishing,1,phishing,0.920994,0.079006,True,TP,4,-1,-1,-1,-1,1,-1,-1,-1,1,-1
2568,11952626962793,train_oof,0,legitimate,0,legitimate,0.000864,0.999136,True,TN,4,1,-1,1,1,0,1,1,1,0,-1
2569,159949755373367,train_oof,1,phishing,0,legitimate,0.260301,0.739699,False,FN,2,1,-1,1,-1,-1,1,-1,1,0,-1
2570,86755885706687,train_oof,0,legitimate,0,legitimate,0.003101,0.996899,True,TN,3,1,-1,1,1,-1,-1,1,0,1,-1
2571,253874898981584,train_oof,0,legitimate,0,legitimate,0.079998,0.920002,True,TN,5,1,1,1,-1,0,1,1,0,1,1
2573,25044040042923,train_oof,1,phishing,1,phishing,0.997934,0.002066,True,TP,4,1,-1,1,-1,0,1,1,-1,-1,-1
2574,215990031105102,train_oof,0,legitimate,0,legitimate,0.195054,0.804946,True,TN,4,1,-1,1,-1,1,1,-1,0,0,-1
2575,241667151537271,train_oof,0,legitimate,0,legitimate,0.333434,0.666566,True,TN,3,-1,-1,1,1,-1,1,1,-1,-1,-1
2576,113306772987303,train_oof,1,phishing,1,phishing,0.987643,0.012357,True,TP,4,1,-1,1,-1,1,1,-1,-1,0,-1
2579,210835354442714,train_oof,0,legitimate,0,legitimate,0.056758,0.943242,True,TN,3,1,1,1,-1,0,1,1,0,1,1
2580,221629778548593,train_oof,1,phishing,1,phishing,0.966065,0.033935,True,TP,2,1,-1,1,-1,1,-1,1,-1,0,-1
2581,80879581031071,train_oof,0,legitimate,0,legitimate,0.080368,0.919632,True,TN,4,1,0,-1,-1,1,1,1,0,0,-1
2582,42644859733643,train_oof,0,legitimate,0,legitimate,0.003139,0.996861,True,TN,5,1,1,1,1,0,1,1,1,-1,1
2584,149990092871327,train_oof,1,phishing,1,phishing,0.990741,0.009259,True,TP,3,1,-1,1,-1,1,1,-1,-1,0,-1
2585,33029496389803,train_oof,0,legitimate,1,phishing,0.690607,0.309393,False,FP,2,1,-1,1,-1,-1,-1,-1,0,0,-1
2586,147826879298541,train_oof,0,legitimate,0,legitimate,0.06482,0.93518,True,TN,2,1,1,1,-1,0,1,1,0,0,1
2588,31767064250696,train_oof,1,phishing,1,phishing,0.997219,0.002781,True,TP,1,1,-1,1,-1,0,1,-1,-1,-1,-1
2590,59861277913309,train_oof,1,phishing,1,phishing,0.990741,0.009259,True,TP,3,1,-1,1,-1,1,1,-1,-1,0,-1
2591,276105366212586,train_oof,0,legitimate,0,legitimate,0.090634,0.909366,True,TN,3,1,0,-1,-1,1,1,1,0,1,-1
2592,78770632770969,train_oof,1,phishing,1,phishing,0.998384,0.001616,True,TP,3,1,-1,1,-1,0,1,-1,-1,-1,-1
2593,274091385941177,train_oof,1,phishing,1,phishing,0.999264,0.000736,True,TP,1,1,-1,1,-1,0,-1,-1,-1,0,-1
2595,3149207093584,train_oof,0,legitimate,1,phishing,0.608284,0.391716,False,FP,4,1,-1,1,-1,0,1,-1,1,-1,-1
2596,73501548451513,train_oof,1,phishing,1,phishing,0.629953,0.370047,True,TP,2,1,-1,1,-1,1,1,-1,0,-1,-1
2597,202566497148779,train_oof,0,legitimate,0,legitimate,0.227897,0.772103,True,TN,5,1,-1,1,-1,1,1,1,0,1,-1
2598,65731122029249,train_oof,0,legitimate,0,legitimate,0.094225,0.905775,True,TN,2,1,-1,1,-1,0,1,-1,1,0,-1
2599,281226834232041,train_oof,0,legitimate,1,phishing,0.756748,0.243252,False,FP,1,1,-1,1,-1,0,1,1,0,-1,-1
2600,83181608023828,train_oof,0,legitimate,0,legitimate,0.010109,0.989891,True,TN,2,1,-1,1,-1,1,1,1,1,0,-1
2601,135312233549141,train_oof,1,phishing,1,phishing,0.998677,0.001323,True,TP,5,-1,-1,-1,-1,0,-1,-1,-1,1,-1
2603,115513589539512,train_oof,0,legitimate,0,legitimate,0.128368,0.871632,True,TN,4,1,1,1,-1,-1,1,1,0,0,-1
2604,79917227406130,train_oof,0,legitimate,0,legitimate,0.15154,0.84846,True,TN,1,1,-1,1,-1,-1,1,-1,1,1,-1
2605,222272817729771,train_oof,0,legitimate,1,phishing,0.53712,0.46288,False,FP,1,1,-1,1,-1,-1,1,1,0,0,-1
2606,263611031834049,train_oof,1,phishing,1,phishing,0.586441,0.413559,True,TP,2,1,-1,1,-1,-1,1,-1,0,0,-1
2607,90429924821152,train_oof,0,legitimate,1,phishing,0.772411,0.227589,False,FP,2,-1,-1,1,-1,-1,1,-1,0,-1,-1
2608,260159639450212,train_oof,1,phishing,1,phishing,0.993672,0.006328,True,TP,5,1,-1,1,-1,0,-1,-1,-1,-1,-1
2610,47567374163490,train_oof,0,legitimate,0,legitimate,0.159467,0.840533,True,TN,1,1,-1,1,-1,-1,1,1,0,1,-1
2611,152531887285131,train_oof,1,phishing,1,phishing,0.998963,0.001037,True,TP,3,1,-1,1,-1,0,-1,-1,-1,0,-1
2612,267266427207481,train_oof,0,legitimate,0,legitimate,0.023504,0.976496,True,TN,4,1,-1,1,1,-1,1,-1,0,-1,-1
2613,203020745271748,train_oof,1,phishing,1,phishing,0.53712,0.46288,True,TP,1,1,-1,1,-1,-1,1,1,0,0,-1
2615,93195022711941,train_oof,1,phishing,0,legitimate,0.194054,0.805946,False,FN,1,1,1,1,-1,-1,1,1,0,1,1
2616,278310791342100,train_oof,1,phishing,1,phishing,0.996678,0.003322,True,TP,3,1,-1,1,-1,0,1,-1,-1,0,-1
2617,94601605865609,train_oof,1,phishing,1,phishing,0.758443,0.241557,True,TP,1,1,-1,1,-1,-1,1,1,0,-1,-1
2618,240561404352362,train_oof,1,phishing,1,phishing,0.822009,0.177991,True,TP,5,1,-1,1,-1,-1,1,-1,0,-1,-1
2619,130530838932681,train_oof,0,legitimate,0,legitimate,0.004551,0.995449,True,TN,4,1,1,1,1,-1,-1,1,1,-1,1
2620,16387955754640,train_oof,1,phishing,1,phishing,0.991265,0.008735,True,TP,5,1,-1,1,-1,0,-1,-1,-1,1,-1
2621,89730776656133,train_oof,1,phishing,1,phishing,0.989023,0.010977,True,TP,2,1,1,1,-1,0,1,1,-1,-1,1
2622,76307595973188,train_oof,0,legitimate,0,legitimate,0.065057,0.934943,True,TN,1,1,-1,1,-1,0,-1,-1,1,0,-1
2623,15749231434598,train_oof,0,legitimate,0,legitimate,0.112269,0.887731,True,TN,3,1,-1,1,-1,0,1,-1,1,0,-1
2624,177710473282856,train_oof,0,legitimate,0,legitimate,0.460925,0.539075,True,TN,3,1,-1,1,-1,1,1,1,0,-1,-1
2625,120592440887615,train_oof,0,legitimate,0,legitimate,0.036221,0.963779,True,TN,4,1,-1,1,-1,0,-1,1,1,1,-1
2626,83181608023828,train_oof,0,legitimate,0,legitimate,0.010109,0.989891,True,TN,2,1,-1,1,-1,1,1,1,1,0,-1
2627,181358540541461,train_oof,0,legitimate,0,legitimate,0.015647,0.984353,True,TN,5,1,-1,1,1,1,-1,1,0,-1,-1
2629,271309587338118,train_oof,0,legitimate,0,legitimate,0.010257,0.989743,True,TN,3,1,-1,1,1,-1,-1,1,1,0,-1
2630,113947877294331,train_oof,0,legitimate,0,legitimate,0.031536,0.968464,True,TN,4,1,1,1,-1,-1,1,1,1,1,1
2631,69606254529713,train_oof,0,legitimate,1,phishing,0.654194,0.345806,False,FP,3,1,-1,1,-1,0,1,-1,0,-1,-1
2632,244296496732059,train_oof,0,legitimate,0,legitimate,0.448565,0.551435,True,TN,4,1,-1,1,-1,-1,1,1,1,-1,-1
2633,181225496578086,train_oof,0,legitimate,0,legitimate,0.370992,0.629008,True,TN,5,1,-1,1,-1,0,1,1,0,0,-1
2635,124674292273686,train_oof,0,legitimate,1,phishing,0.673601,0.326399,False,FP,4,1,-1,1,-1,0,1,-1,0,-1,-1
2636,167876179566418,train_oof,0,legitimate,0,legitimate,0.068166,0.931834,True,TN,2,1,-1,1,-1,0,1,1,1,0,-1
2637,181266645426917,train_oof,0,legitimate,0,legitimate,0.035705,0.964295,True,TN,3,1,1,1,-1,-1,1,1,1,1,1
2638,175021032885017,train_oof,1,phishing,1,phishing,0.99776,0.00224,True,TP,1,1,-1,1,-1,-1,1,-1,-1,-1,-1
2639,37125703592015,train_oof,0,legitimate,0,legitimate,0.129123,0.870877,True,TN,2,1,-1,1,-1,1,-1,1,1,-1,-1
2640,274391435156216,train_oof,0,legitimate,0,legitimate,0.095641,0.904359,True,TN,1,1,-1,1,-1,0,1,1,0,1,-1
2642,213097884165775,train_oof,0,legitimate,0,legitimate,0.016626,0.983374,True,TN,3,1,-1,1,1,0,1,1,1,-1,-1
2643,278904268674713,train_oof,0,legitimate,0,legitimate,0.00137,0.99863,True,TN,5,1,1,1,1,-1,1,1,1,0,1
2644,5567913829067,train_oof,1,phishing,1,phishing,0.542751,0.457249,True,TP,5,1,0,1,-1,-1,1,-1,0,0,-1
2646,224180390217346,train_oof,1,phishing,1,phishing,0.701071,0.298929,True,TP,4,1,-1,1,-1,0,1,1,0,-1,-1
2647,222979113447144,train_oof,1,phishing,1,phishing,0.993588,0.006412,True,TP,2,1,1,1,-1,0,1,1,-1,0,1
2648,81595376151391,train_oof,1,phishing,1,phishing,0.989934,0.010066,True,TP,3,-1,1,1,-1,-1,1,1,-1,1,-1
2649,236339556119641,train_oof,1,phishing,1,phishing,0.99805,0.00195,True,TP,4,1,-1,1,-1,0,1,-1,-1,0,-1
2650,53674420710861,train_oof,1,phishing,1,phishing,0.977643,0.022357,True,TP,4,1,0,-1,-1,-1,1,-1,-1,0,-1
2651,104138614192504,train_oof,0,legitimate,0,legitimate,0.170037,0.829963,True,TN,3,-1,1,-1,-1,-1,1,1,0,-1,1
2652,275618610040479,train_oof,0,legitimate,0,legitimate,0.002203,0.997797,True,TN,1,1,1,1,1,0,1,1,0,0,1
2653,47003722679718,train_oof,1,phishing,0,legitimate,0.179851,0.820149,False,FN,3,1,-1,1,-1,-1,-1,1,1,-1,-1
2654,198076455324885,train_oof,1,phishing,1,phishing,0.992002,0.007998,True,TP,5,1,-1,1,-1,0,1,1,-1,1,-1
2656,63189165047844,train_oof,0,legitimate,0,legitimate,0.129578,0.870422,True,TN,2,1,-1,1,-1,-1,1,1,1,0,-1
2657,111108983607049,train_oof,0,legitimate,0,legitimate,0.15142,0.84858,True,TN,1,1,-1,1,-1,1,1,1,0,0,-1
2658,119152332381616,train_oof,1,phishing,1,phishing,0.967274,0.032726,True,TP,3,1,-1,1,-1,-1,-1,1,-1,-1,-1
2660,24569932075294,train_oof,1,phishing,1,phishing,0.673601,0.326399,True,TP,4,1,-1,1,-1,0,1,-1,0,-1,-1
2661,251817802180651,train_oof,0,legitimate,0,legitimate,0.432337,0.567663,True,TN,4,1,-1,1,-1,1,1,1,0,-1,-1
2665,222782544971721,train_oof,0,legitimate,1,phishing,0.56813,0.43187,False,FP,5,1,-1,1,-1,-1,1,-1,0,0,-1
2666,83181608023828,train_oof,0,legitimate,0,legitimate,0.010109,0.989891,True,TN,2,1,-1,1,-1,1,1,1,1,0,-1
2667,251817802180651,train_oof,0,legitimate,0,legitimate,0.432337,0.567663,True,TN,4,1,-1,1,-1,1,1,1,0,-1,-1
2668,232235788325187,train_oof,1,phishing,1,phishing,0.993389,0.006611,True,TP,2,1,-1,1,-1,1,1,-1,-1,0,-1
2670,619727867808,train_oof,1,phishing,1,phishing,0.99805,0.00195,True,TP,4,1,-1,1,-1,0,1,-1,-1,0,-1
2671,83468461301479,train_oof,1,phishing,1,phishing,0.993389,0.006611,True,TP,2,1,-1,1,-1,1,1,-1,-1,0,-1
2672,216558714108097,train_oof,1,phishing,1,phishing,0.997219,0.002781,True,TP,1,1,-1,1,-1,0,1,-1,-1,-1,-1
2673,230635046042612,train_oof,0,legitimate,0,legitimate,0.408108,0.591892,True,TN,3,1,-1,1,-1,0,1,-1,0,0,-1
2674,222740213071151,train_oof,0,legitimate,0,legitimate,0.059296,0.940704,True,TN,5,-1,1,-1,1,1,1,1,0,1,1
2675,258401290901468,train_oof,0,legitimate,1,phishing,0.825405,0.174595,False,FP,2,1,-1,1,-1,-1,1,-1,0,-1,-1
2677,238381426761811,train_oof,0,legitimate,0,legitimate,0.017979,0.982021,True,TN,2,1,1,-1,1,-1,1,1,0,1,1
2680,215460310186680,train_oof,0,legitimate,0,legitimate,0.000969,0.999031,True,TN,5,1,-1,1,1,1,1,-1,1,0,-1
2682,169874101725680,train_oof,0,legitimate,0,legitimate,0.000853,0.999147,True,TN,5,1,1,1,1,1,-1,1,1,1,1
2683,240444112548604,train_oof,0,legitimate,0,legitimate,0.252304,0.747696,True,TN,2,1,-1,1,-1,1,1,-1,0,0,-1
2684,46127867438609,train_oof,0,legitimate,0,legitimate,0.021525,0.978475,True,TN,5,-1,-1,-1,-1,-1,1,1,1,1,-1
2685,72303381539385,train_oof,0,legitimate,0,legitimate,0.023429,0.976571,True,TN,3,1,-1,1,-1,0,1,1,1,1,-1
2686,141940990795359,train_oof,1,phishing,1,phishing,0.995047,0.004953,True,TP,4,-1,-1,-1,-1,-1,-1,-1,-1,1,-1
2687,263793575777784,train_oof,1,phishing,0,legitimate,0.179851,0.820149,False,FN,3,1,-1,1,-1,-1,-1,1,1,-1,-1
2688,75322369492628,train_oof,0,legitimate,0,legitimate,0.010146,0.989854,True,TN,3,1,1,1,1,0,1,1,1,0,1
2690,23458106817900,train_oof,1,phishing,1,phishing,0.949703,0.050297,True,TP,4,1,-1,1,-1,-1,1,1,-1,0,-1
2691,260407473919436,train_oof,0,legitimate,0,legitimate,0.003003,0.996997,True,TN,4,1,-1,1,-1,1,1,1,1,1,-1
2692,252828565782666,train_oof,0,legitimate,0,legitimate,0.36085,0.63915,True,TN,4,-1,-1,-1,-1,0,1,1,0,-1,-1
2693,172646262588981,train_oof,1,phishing,1,phishing,0.992454,0.007546,True,TP,5,1,-1,1,-1,-1,1,-1,-1,1,-1
2696,19362501991934,train_oof,0,legitimate,0,legitimate,0.068166,0.931834,True,TN,2,1,-1,1,-1,0,1,1,1,0,-1
2697,260053040420830,train_oof,0,legitimate,0,legitimate,0.003506,0.996494,True,TN,2,1,-1,1,1,-1,-1,-1,1,0,-1
2698,56837197124709,train_oof,1,phishing,1,phishing,0.998384,0.001616,True,TP,3,1,-1,1,-1,0,1,-1,-1,-1,-1
2700,149554109110166,train_oof,0,legitimate,0,legitimate,0.206913,0.793087,True,TN,2,1,-1,1,-1,1,1,1,0,1,-1
2701,40026353921217,train_oof,0,legitimate,1,phishing,0.678846,0.321154,False,FP,5,1,-1,1,-1,-1,1,1,0,-1,-1
2702,143876352279321,train_oof,0,legitimate,0,legitimate,0.000141,0.999859,True,TN,1,1,-1,1,1,1,1,-1,1,1,-1
2703,3904916209490,train_oof,1,phishing,1,phishing,0.997383,0.002617,True,TP,1,1,-1,1,-1,-1,-1,-1,-1,0,-1
2704,275618610040479,train_oof,0,legitimate,0,legitimate,0.002203,0.997797,True,TN,1,1,1,1,1,0,1,1,0,0,1
2705,38544740119419,train_oof,1,phishing,1,phishing,0.53712,0.46288,True,TP,1,1,-1,1,-1,-1,1,1,0,0,-1
2707,121279180911962,train_oof,0,legitimate,0,legitimate,0.074283,0.925717,True,TN,1,1,0,-1,-1,1,1,1,0,1,-1
2708,121665216882189,train_oof,1,phishing,1,phishing,0.529606,0.470394,True,TP,4,1,-1,1,-1,-1,1,-1,0,0,-1
2709,271557877018023,train_oof,0,legitimate,0,legitimate,0.002788,0.997212,True,TN,3,1,1,1,1,-1,-1,1,0,-1,1
2710,45867544176692,train_oof,0,legitimate,0,legitimate,0.003847,0.996153,True,TN,1,1,-1,1,-1,1,1,1,1,1,-1
2715,74439805531772,train_oof,0,legitimate,0,legitimate,0.05243,0.94757,True,TN,4,1,1,1,-1,1,1,1,1,1,1
2716,61188438427968,train_oof,1,phishing,1,phishing,0.979791,0.020209,True,TP,3,-1,1,-1,-1,0,-1,1,-1,1,1
2717,168809378842320,train_oof,0,legitimate,0,legitimate,0.001504,0.998496,True,TN,2,1,-1,1,1,1,1,1,0,1,-1
2718,246466229267858,train_oof,0,legitimate,0,legitimate,0.03703,0.96297,True,TN,1,1,-1,1,-1,0,1,1,1,0,-1
2719,249913497539121,train_oof,0,legitimate,0,legitimate,0.151845,0.848155,True,TN,2,1,-1,1,-1,0,1,1,0,0,1
2721,29798969514886,train_oof,0,legitimate,0,legitimate,0.002695,0.997305,True,TN,1,1,-1,1,1,0,-1,-1,1,1,-1
2722,36027522146160,train_oof,0,legitimate,0,legitimate,0.055896,0.944104,True,TN,4,1,1,1,-1,-1,-1,1,0,-1,1
2723,71945951644115,train_oof,0,legitimate,0,legitimate,0.116943,0.883057,True,TN,5,-1,-1,-1,-1,1,1,-1,0,-1,1
2725,170564999470471,train_oof,0,legitimate,0,legitimate,0.0118,0.9882,True,TN,4,1,-1,1,1,0,1,1,0,0,1
2726,176533522137766,train_oof,0,legitimate,0,legitimate,0.170328,0.829672,True,TN,2,1,-1,1,-1,-1,-1,1,0,-1,1
2727,216228823859451,train_oof,0,legitimate,1,phishing,0.503784,0.496216,False,FP,1,1,-1,1,-1,-1,-1,1,0,0,-1
2729,2411078265100,train_oof,0,legitimate,0,legitimate,0.15154,0.84846,True,TN,1,1,-1,1,-1,-1,1,-1,1,1,-1
2730,83130233792444,train_oof,1,phishing,0,legitimate,0.312952,0.687048,False,FN,3,1,-1,1,-1,1,-1,-1,0,1,-1
2731,180212093182099,train_oof,0,legitimate,0,legitimate,0.049122,0.950878,True,TN,1,1,1,1,-1,0,1,1,0,0,1
2732,205342630228686,train_oof,1,phishing,1,phishing,0.857172,0.142828,True,TP,5,1,-1,1,-1,1,-1,1,-1,1,-1
2734,36027522146160,train_oof,0,legitimate,0,legitimate,0.055896,0.944104,True,TN,4,1,1,1,-1,-1,-1,1,0,-1,1
2736,44935506804463,train_oof,1,phishing,0,legitimate,0.259419,0.740581,False,FN,3,1,-1,1,-1,1,1,-1,0,0,-1
2738,69994033014406,train_oof,0,legitimate,0,legitimate,0.30121,0.69879,True,TN,5,1,-1,1,-1,0,1,-1,0,1,-1
2739,161508699192896,train_oof,1,phishing,1,phishing,0.99841,0.00159,True,TP,3,1,-1,1,-1,-1,1,-1,-1,0,-1
2740,224427008371916,train_oof,0,legitimate,1,phishing,0.524519,0.475481,False,FP,5,1,-1,1,-1,0,1,-1,1,-1,-1
2741,230374593047822,train_oof,0,legitimate,0,legitimate,0.002114,0.997886,True,TN,3,1,-1,1,1,1,-1,1,1,0,-1
2742,4291978214006,train_oof,0,legitimate,0,legitimate,0.003847,0.996153,True,TN,1,1,-1,1,-1,1,1,1,1,1,-1
2744,142546763308811,train_oof,1,phishing,0,legitimate,0.378182,0.621818,False,FN,4,1,-1,1,-1,0,1,-1,0,0,-1
2745,3856638447501,train_oof,1,phishing,1,phishing,0.96557,0.03443,True,TP,2,-1,-1,-1,-1,-1,1,1,-1,-1,-1
2746,83684369393474,train_oof,0,legitimate,0,legitimate,0.004801,0.995199,True,TN,1,1,-1,1,-1,1,1,1,1,0,-1
2747,255080956730363,train_oof,0,legitimate,0,legitimate,0.002962,0.997038,True,TN,1,1,-1,1,1,-1,-1,-1,1,0,-1
2748,108717484068976,train_oof,1,phishing,1,phishing,0.951714,0.048286,True,TP,2,1,-1,1,-1,-1,1,1,-1,1,-1
2749,116084273269737,train_oof,1,phishing,1,phishing,0.719882,0.280118,True,TP,4,1,-1,1,-1,-1,1,1,0,-1,-1
2751,78770632770969,train_oof,1,phishing,1,phishing,0.998384,0.001616,True,TP,3,1,-1,1,-1,0,1,-1,-1,-1,-1
2752,48956573182950,train_oof,0,legitimate,0,legitimate,0.005011,0.994989,True,TN,5,1,-1,1,1,0,1,1,0,0,-1
2753,30303354880109,train_oof,0,legitimate,0,legitimate,0.005135,0.994865,True,TN,5,1,-1,1,1,0,1,-1,1,1,-1
2754,38353729549476,train_oof,0,legitimate,0,legitimate,0.139007,0.860993,True,TN,2,1,-1,1,-1,-1,1,-1,1,1,-1
2755,160161656226587,train_oof,0,legitimate,0,legitimate,0.397364,0.602636,True,TN,1,1,-1,1,-1,0,1,1,1,-1,-1
2756,39767829143753,train_oof,0,legitimate,1,phishing,0.61656,0.38344,False,FP,2,1,-1,1,-1,0,1,-1,0,-1,-1
2757,52287563547833,train_oof,0,legitimate,0,legitimate,0.325018,0.674982,True,TN,2,1,-1,1,-1,0,1,1,0,0,-1
2758,230154392154780,train_oof,0,legitimate,0,legitimate,0.159519,0.840481,True,TN,1,-1,1,-1,-1,-1,1,1,1,-1,1
2759,23770722655805,train_oof,0,legitimate,1,phishing,0.586441,0.413559,False,FP,2,1,-1,1,-1,-1,1,-1,0,0,-1
2760,42973943273876,train_oof,0,legitimate,0,legitimate,0.317478,0.682522,True,TN,5,1,1,1,-1,1,1,1,0,1,1
2761,217222071286431,train_oof,1,phishing,1,phishing,0.649528,0.350472,True,TP,1,1,-1,1,-1,-1,1,-1,1,-1,-1
2762,207405549149227,train_oof,1,phishing,1,phishing,0.959679,0.040321,True,TP,4,1,1,1,-1,-1,-1,1,-1,1,1
2763,5528707195429,train_oof,1,phishing,1,phishing,0.998384,0.001616,True,TP,3,1,-1,1,-1,0,1,-1,-1,-1,-1
2764,163939208279539,train_oof,0,legitimate,1,phishing,0.758443,0.241557,False,FP,1,1,-1,1,-1,-1,1,1,0,-1,-1
2765,215447203066118,train_oof,1,phishing,1,phishing,0.991509,0.008491,True,TP,5,-1,1,-1,-1,0,1,1,-1,1,1
2766,184508988819307,train_oof,1,phishing,1,phishing,0.991114,0.008886,True,TP,4,1,-1,1,-1,-1,1,1,-1,-1,-1
2767,14955219724721,train_oof,0,legitimate,0,legitimate,0.172764,0.827236,True,TN,4,1,-1,1,-1,0,1,-1,1,1,-1
2768,34506106459127,train_oof,1,phishing,1,phishing,0.708167,0.291833,True,TP,2,1,-1,1,-1,-1,1,-1,1,-1,-1
2769,36790066255838,train_oof,1,phishing,1,phishing,0.98539,0.01461,True,TP,3,1,1,1,-1,-1,1,-1,-1,0,1
2770,14748080641980,train_oof,1,phishing,1,phishing,0.684331,0.315669,True,TP,5,1,-1,1,-1,0,1,1,0,-1,-1
2771,91003787149102,train_oof,0,legitimate,0,legitimate,0.002695,0.997305,True,TN,1,1,-1,1,1,0,-1,-1,1,1,-1
2772,205584289717959,train_oof,0,legitimate,0,legitimate,0.110341,0.889659,True,TN,5,1,-1,1,-1,1,-1,1,0,1,-1
2773,210738623839423,train_oof,0,legitimate,0,legitimate,0.000782,0.999218,True,TN,3,1,1,1,1,1,-1,1,1,1,1
2774,255986188301824,train_oof,1,phishing,1,phishing,0.996691,0.003309,True,TP,2,1,-1,1,-1,0,1,-1,-1,1,-1
2775,63550019778956,train_oof,0,legitimate,0,legitimate,7e-06,0.999993,True,TN,4,1,-1,1,1,1,1,1,1,1,-1
2776,255917609982983,train_oof,0,legitimate,0,legitimate,0.053866,0.946134,True,TN,2,1,1,1,-1,0,1,1,0,1,1
2777,146188806258898,train_oof,1,phishing,1,phishing,0.99776,0.00224,True,TP,1,1,-1,1,-1,-1,1,-1,-1,-1,-1
2778,57587482272438,train_oof,1,phishing,1,phishing,0.926309,0.073691,True,TP,5,1,-1,1,-1,1,1,1,-1,1,-1
2779,143219247161069,train_oof,0,legitimate,0,legitimate,0.327907,0.672093,True,TN,3,1,-1,1,-1,1,1,-1,0,1,-1
2782,180689972728422,train_oof,0,legitimate,1,phishing,0.733789,0.266211,False,FP,4,1,-1,1,-1,0,-1,-1,0,-1,-1
2783,60805918156027,train_oof,1,phishing,1,phishing,0.914795,0.085205,True,TP,4,-1,1,-1,-1,1,1,1,-1,1,1
2784,235246413989651,train_oof,0,legitimate,0,legitimate,2.6e-05,0.999974,True,TN,3,1,-1,1,1,1,1,1,1,1,1
2785,214594433228454,train_oof,1,phishing,1,phishing,0.995707,0.004293,True,TP,1,1,-1,1,-1,0,1,-1,-1,0,-1
2786,200021755936233,train_oof,1,phishing,1,phishing,0.968929,0.031071,True,TP,5,1,-1,1,-1,-1,-1,1,-1,-1,-1
2787,10730058322014,train_oof,0,legitimate,0,legitimate,0.066168,0.933832,True,TN,1,-1,-1,-1,-1,0,1,1,0,0,-1
2788,46974304039024,train_oof,1,phishing,1,phishing,0.654194,0.345806,True,TP,3,1,-1,1,-1,0,1,-1,0,-1,-1
2789,17679821701063,train_oof,0,legitimate,0,legitimate,0.451383,0.548617,True,TN,4,1,-1,1,-1,-1,1,1,0,0,-1
2790,17475314487694,train_oof,0,legitimate,0,legitimate,0.005353,0.994647,True,TN,3,1,-1,1,-1,1,1,1,1,1,-1
2791,6258140745652,train_oof,0,legitimate,0,legitimate,0.206913,0.793087,True,TN,2,1,-1,1,-1,1,1,1,0,1,-1
2792,219533580557130,train_oof,0,legitimate,0,legitimate,0.000743,0.999257,True,TN,3,1,1,1,1,1,1,1,1,0,1
2793,37313912525184,train_oof,0,legitimate,0,legitimate,0.005682,0.994318,True,TN,1,1,-1,1,1,0,1,1,0,0,-1
2795,126277625598838,train_oof,0,legitimate,0,legitimate,0.00096,0.99904,True,TN,1,1,-1,1,1,-1,1,1,1,1,-1
2796,164045964405629,train_oof,1,phishing,1,phishing,0.941951,0.058049,True,TP,5,1,1,1,-1,-1,1,1,-1,0,1
2797,61641017522204,train_oof,1,phishing,1,phishing,0.987665,0.012335,True,TP,2,1,-1,1,-1,-1,1,-1,-1,1,-1
2798,278904268674713,train_oof,0,legitimate,0,legitimate,0.00137,0.99863,True,TN,5,1,1,1,1,-1,1,1,1,0,1
2799,239068479115300,train_oof,1,phishing,1,phishing,0.9992,0.0008,True,TP,3,1,-1,1,-1,-1,1,-1,-1,-1,-1
2800,212294320413410,train_oof,1,phishing,1,phishing,0.999106,0.000894,True,TP,5,1,-1,1,-1,0,1,-1,-1,-1,-1
2801,189374293510849,train_oof,1,phishing,1,phishing,0.825405,0.174595,True,TP,2,1,-1,1,-1,-1,1,-1,0,-1,-1
2802,153179241409783,train_oof,1,phishing,1,phishing,0.99514,0.00486,True,TP,4,-1,-1,-1,-1,0,1,-1,-1,1,-1
2803,10416613257906,train_oof,1,phishing,1,phishing,0.948149,0.051851,True,TP,1,1,1,1,-1,0,1,1,-1,1,1
2804,164631580477099,train_oof,1,phishing,0,legitimate,0.195778,0.804222,False,FN,4,1,-1,1,-1,1,1,1,0,1,-1
2805,226800197938174,train_oof,1,phishing,0,legitimate,0.451383,0.548617,False,FN,4,1,-1,1,-1,-1,1,1,0,0,-1
2806,224505938987258,train_oof,0,legitimate,0,legitimate,0.129578,0.870422,True,TN,2,1,-1,1,-1,-1,1,1,1,0,-1
2807,235788517058682,train_oof,0,legitimate,0,legitimate,0.06482,0.93518,True,TN,2,1,1,1,-1,0,1,1,0,0,1
2808,258401290901468,train_oof,0,legitimate,1,phishing,0.825405,0.174595,False,FP,2,1,-1,1,-1,-1,1,-1,0,-1,-1
2809,150232652611395,train_oof,0,legitimate,0,legitimate,0.066857,0.933143,True,TN,5,1,1,1,-1,1,1,1,0,0,1
2810,69489358559440,train_oof,0,legitimate,0,legitimate,0.260852,0.739148,True,TN,2,1,1,1,-1,0,1,1,0,-1,1
2811,79713635377420,train_oof,0,legitimate,0,legitimate,0.006434,0.993566,True,TN,5,1,-1,1,1,-1,1,1,0,0,-1
2812,208651974439566,train_oof,0,legitimate,0,legitimate,0.217579,0.782421,True,TN,1,1,-1,1,-1,1,-1,-1,1,-1,-1
2813,47909060713988,train_oof,0,legitimate,0,legitimate,0.001946,0.998054,True,TN,2,1,-1,1,1,1,1,1,0,0,-1
2814,252834041299982,train_oof,0,legitimate,0,legitimate,0.317478,0.682522,True,TN,5,1,1,1,-1,1,1,1,0,1,1
2816,124558123293158,train_oof,1,phishing,0,legitimate,0.130678,0.869322,False,FN,2,1,1,1,-1,1,1,1,0,1,1
2817,89702315148049,train_oof,1,phishing,1,phishing,0.985103,0.014897,True,TP,1,1,-1,1,-1,1,1,-1,-1,-1,-1
2819,73033750229959,train_oof,0,legitimate,0,legitimate,0.009795,0.990205,True,TN,5,1,-1,1,1,1,1,1,1,-1,-1
2820,210302711468717,train_oof,0,legitimate,0,legitimate,0.005353,0.994647,True,TN,3,1,-1,1,-1,1,1,1,1,1,-1
2821,44646305209202,train_oof,0,legitimate,0,legitimate,0.030936,0.969064,True,TN,1,-1,-1,-1,-1,0,1,1,1,0,-1
2822,30303354880109,train_oof,0,legitimate,0,legitimate,0.005135,0.994865,True,TN,5,1,-1,1,1,0,1,-1,1,1,-1
2823,186731591707396,train_oof,0,legitimate,0,legitimate,0.16727,0.83273,True,TN,4,1,-1,1,-1,-1,1,1,1,0,-1
2824,151653196275963,train_oof,0,legitimate,0,legitimate,0.075995,0.924005,True,TN,3,1,-1,1,-1,-1,-1,1,0,1,-1
2826,42392789916721,train_oof,0,legitimate,1,phishing,0.589537,0.410463,False,FP,3,1,-1,1,-1,-1,1,-1,0,0,-1
2828,76301897762719,train_oof,1,phishing,1,phishing,0.999106,0.000894,True,TP,5,1,-1,1,-1,0,1,-1,-1,-1,-1
2829,182593433973716,train_oof,0,legitimate,0,legitimate,0.025814,0.974186,True,TN,2,1,-1,1,1,-1,-1,-1,0,1,-1
2830,41051367518198,train_oof,1,phishing,1,phishing,0.987643,0.012357,True,TP,4,1,-1,1,-1,1,1,-1,-1,0,-1
2831,181225496578086,train_oof,0,legitimate,0,legitimate,0.370992,0.629008,True,TN,5,1,-1,1,-1,0,1,1,0,0,-1
2832,78422330735793,train_oof,0,legitimate,0,legitimate,0.246374,0.753626,True,TN,2,-1,1,-1,-1,1,1,1,0,-1,1
2833,72754144958815,train_oof,1,phishing,1,phishing,0.990239,0.009761,True,TP,4,1,-1,1,-1,1,1,1,-1,0,-1
2834,277645946331862,train_oof,1,phishing,1,phishing,0.835747,0.164253,True,TP,4,1,1,1,-1,1,1,1,-1,-1,1
2835,99732226977501,train_oof,1,phishing,1,phishing,0.99805,0.00195,True,TP,4,1,-1,1,-1,0,1,-1,-1,0,-1
2836,7076552042015,train_oof,0,legitimate,0,legitimate,0.040323,0.959677,True,TN,2,1,-1,1,-1,1,1,-1,1,1,-1
2837,252828565782666,train_oof,0,legitimate,0,legitimate,0.36085,0.63915,True,TN,4,-1,-1,-1,-1,0,1,1,0,-1,-1
2838,141505731925153,train_oof,0,legitimate,0,legitimate,0.068166,0.931834,True,TN,2,1,-1,1,-1,0,1,1,1,0,-1
2839,36573190341807,train_oof,0,legitimate,0,legitimate,0.451409,0.548591,True,TN,2,1,-1,1,-1,-1,1,1,0,0,-1
2840,204855214785050,train_oof,0,legitimate,0,legitimate,0.06482,0.93518,True,TN,2,1,1,1,-1,0,1,1,0,0,1
2842,6770797443670,train_oof,0,legitimate,0,legitimate,0.019076,0.980924,True,TN,1,1,1,-1,1,-1,1,1,0,1,1
2843,268721929604347,train_oof,0,legitimate,0,legitimate,0.002543,0.997457,True,TN,4,-1,-1,-1,1,1,1,-1,1,0,-1
2844,12427511676101,train_oof,1,phishing,1,phishing,0.655341,0.344659,True,TP,2,1,-1,1,-1,-1,1,1,0,-1,-1
2846,18490788926460,train_oof,0,legitimate,0,legitimate,0.042799,0.957201,True,TN,4,1,-1,1,-1,-1,1,1,1,1,-1
2847,180032423803076,train_oof,1,phishing,1,phishing,0.995484,0.004516,True,TP,4,-1,-1,-1,-1,0,-1,1,-1,1,-1
2848,191561876750493,train_oof,0,legitimate,0,legitimate,0.1541,0.8459,True,TN,3,-1,-1,-1,-1,0,1,-1,0,1,-1
2849,157661531831514,train_oof,0,legitimate,0,legitimate,0.054594,0.945406,True,TN,5,1,1,1,-1,-1,-1,1,0,-1,1
2850,247035806739669,train_oof,1,phishing,1,phishing,0.968516,0.031484,True,TP,3,1,-1,1,-1,-1,-1,1,-1,0,-1
2852,93195022711941,train_oof,0,legitimate,0,legitimate,0.194054,0.805946,True,TN,1,1,1,1,-1,-1,1,1,0,1,1
2854,236567311632590,train_oof,0,legitimate,0,legitimate,0.011269,0.988731,True,TN,1,1,1,1,1,-1,1,1,1,-1,1
2856,255787317833017,train_oof,0,legitimate,0,legitimate,0.035202,0.964798,True,TN,4,1,-1,1,1,-1,1,1,0,-1,-1
2857,98725156686283,train_oof,1,phishing,0,legitimate,0.129578,0.870422,False,FN,2,1,-1,1,-1,-1,1,1,1,0,-1
2858,84444531441747,train_oof,0,legitimate,0,legitimate,0.002166,0.997834,True,TN,2,1,-1,1,1,-1,-1,-1,1,1,-1
2859,132445042799984,train_oof,0,legitimate,0,legitimate,0.270682,0.729318,True,TN,3,1,-1,1,-1,1,1,1,0,1,-1
2861,120535522301148,train_oof,0,legitimate,1,phishing,0.756748,0.243252,False,FP,1,1,-1,1,-1,0,1,1,0,-1,-1
2862,190965219889009,train_oof,1,phishing,1,phishing,0.984136,0.015864,True,TP,3,1,1,1,-1,0,1,1,-1,-1,1
2863,109304537241772,train_oof,0,legitimate,1,phishing,0.822009,0.177991,False,FP,5,1,-1,1,-1,-1,1,-1,0,-1,-1
2864,146877611890923,train_oof,1,phishing,1,phishing,0.997331,0.002669,True,TP,3,1,-1,1,-1,0,1,1,-1,-1,-1
2865,6600879455457,train_oof,1,phishing,1,phishing,0.996327,0.003673,True,TP,5,1,0,1,-1,-1,-1,-1,-1,0,-1
2866,204863820555459,train_oof,1,phishing,1,phishing,0.995511,0.004489,True,TP,5,1,-1,1,-1,0,1,1,-1,0,-1
2867,64709752265746,train_oof,0,legitimate,0,legitimate,0.013088,0.986912,True,TN,1,1,1,1,-1,1,1,1,0,0,1
2868,194904271951860,train_oof,1,phishing,1,phishing,0.99776,0.00224,True,TP,1,1,-1,1,-1,-1,1,-1,-1,-1,-1
2869,42070409657910,train_oof,0,legitimate,0,legitimate,0.010113,0.989887,True,TN,5,1,1,1,-1,1,-1,1,0,0,1
2870,110212544814866,train_oof,0,legitimate,0,legitimate,0.200547,0.799453,True,TN,5,-1,1,-1,-1,0,1,1,0,0,1
2871,69513358642819,train_oof,0,legitimate,0,legitimate,0.464662,0.535338,True,TN,3,1,-1,1,-1,-1,1,1,0,0,-1
2873,256615062540196,train_oof,0,legitimate,0,legitimate,0.048654,0.951346,True,TN,1,1,1,1,-1,1,1,1,0,-1,1
2874,244296496732059,train_oof,0,legitimate,0,legitimate,0.448565,0.551435,True,TN,4,1,-1,1,-1,-1,1,1,1,-1,-1
2875,250350935890369,train_oof,1,phishing,1,phishing,0.586441,0.413559,True,TP,2,1,-1,1,-1,-1,1,-1,0,0,-1
2877,129165111148122,train_oof,0,legitimate,0,legitimate,0.000367,0.999633,True,TN,2,1,-1,1,1,0,1,1,1,1,-1
2879,278820586345719,train_oof,0,legitimate,0,legitimate,2.7e-05,0.999973,True,TN,3,-1,-1,-1,1,1,1,1,1,0,-1
2880,279376718231580,train_oof,0,legitimate,0,legitimate,0.007519,0.992481,True,TN,1,1,1,1,-1,1,1,1,1,0,1
2883,159318789977720,train_oof,0,legitimate,0,legitimate,0.28627,0.71373,True,TN,1,1,-1,1,1,-1,1,1,-1,-1,-1
2884,273222546722553,train_oof,1,phishing,1,phishing,0.999076,0.000924,True,TP,2,1,-1,1,-1,-1,1,-1,-1,0,-1
2885,147965199453894,train_oof,1,phishing,1,phishing,0.966869,0.033131,True,TP,4,1,1,1,-1,-1,1,1,-1,0,1
2886,81648968881650,train_oof,1,phishing,1,phishing,0.992966,0.007034,True,TP,2,1,-1,1,-1,-1,1,1,-1,-1,-1
2888,90417401487512,train_oof,1,phishing,0,legitimate,0.487318,0.512682,False,FN,5,1,-1,1,-1,-1,1,1,0,0,-1
2889,89139077116809,train_oof,0,legitimate,0,legitimate,0.188764,0.811236,True,TN,2,1,0,1,-1,-1,1,1,0,1,-1
2891,132773819524058,train_oof,1,phishing,1,phishing,0.978157,0.021843,True,TP,3,-1,1,-1,-1,0,1,1,-1,0,1
2892,37453261565604,train_oof,1,phishing,1,phishing,0.673601,0.326399,True,TP,4,1,-1,1,-1,0,1,-1,0,-1,-1
2893,47123246727076,train_oof,0,legitimate,0,legitimate,0.464662,0.535338,True,TN,3,1,-1,1,-1,-1,1,1,0,0,-1
2894,123025232361669,train_oof,0,legitimate,0,legitimate,0.14939,0.85061,True,TN,5,-1,-1,-1,-1,1,1,1,0,-1,-1
2895,190812442056573,train_oof,0,legitimate,0,legitimate,0.030314,0.969686,True,TN,4,1,-1,1,-1,1,-1,1,1,0,-1
2896,214340951821471,train_oof,1,phishing,1,phishing,0.999691,0.000309,True,TP,4,1,-1,1,-1,0,1,-1,-1,-1,-1
2897,276236348117463,train_oof,1,phishing,1,phishing,0.99884,0.00116,True,TP,5,1,-1,1,-1,-1,1,-1,-1,-1,-1
2898,228053397798035,train_oof,1,phishing,1,phishing,0.999076,0.000924,True,TP,2,1,-1,1,-1,-1,1,-1,-1,0,-1
2899,19308255307100,train_oof,1,phishing,1,phishing,0.993078,0.006922,True,TP,5,1,1,1,-1,0,1,1,-1,0,1
2902,100833278914739,train_oof,1,phishing,0,legitimate,0.214115,0.785885,False,FN,5,1,-1,1,-1,1,1,1,0,0,-1
2903,87667459162774,train_oof,0,legitimate,0,legitimate,0.376627,0.623373,True,TN,2,1,-1,1,-1,1,-1,-1,0,1,-1
2904,7871480594827,train_oof,0,legitimate,0,legitimate,0.000141,0.999859,True,TN,1,1,-1,1,1,1,1,-1,1,1,-1
2905,279920881077676,train_oof,0,legitimate,0,legitimate,0.464662,0.535338,True,TN,3,1,-1,1,-1,-1,1,1,0,0,-1
2906,222782544971721,train_oof,0,legitimate,1,phishing,0.56813,0.43187,False,FP,5,1,-1,1,-1,-1,1,-1,0,0,-1
2908,238483403451511,train_oof,1,phishing,1,phishing,0.996691,0.003309,True,TP,2,1,-1,1,-1,0,1,-1,-1,1,-1
2910,76297670627288,train_oof,0,legitimate,0,legitimate,0.212003,0.787997,True,TN,1,-1,-1,-1,-1,0,1,-1,1,-1,-1
2911,151905071949575,train_oof,1,phishing,1,phishing,0.941787,0.058213,True,TP,1,1,-1,1,-1,-1,1,1,-1,0,-1
2912,231786674946324,train_oof,1,phishing,1,phishing,0.995079,0.004921,True,TP,3,1,-1,1,-1,0,-1,1,-1,0,-1
2913,135379329808932,train_oof,0,legitimate,0,legitimate,0.108521,0.891479,True,TN,3,-1,-1,-1,-1,-1,1,-1,0,0,-1
2914,279686134576175,train_oof,1,phishing,1,phishing,0.994601,0.005399,True,TP,1,1,-1,1,-1,0,1,1,-1,0,-1
2915,146951441728078,train_oof,0,legitimate,0,legitimate,0.003814,0.996186,True,TN,2,1,1,1,1,-1,-1,1,1,-1,1
2916,210302711468717,train_oof,0,legitimate,0,legitimate,0.005353,0.994647,True,TN,3,1,-1,1,-1,1,1,1,1,1,-1
2917,151653196275963,train_oof,0,legitimate,0,legitimate,0.075995,0.924005,True,TN,3,1,-1,1,-1,-1,-1,1,0,1,-1
2918,133710204152529,train_oof,0,legitimate,0,legitimate,0.244798,0.755202,True,TN,3,1,-1,1,-1,1,1,1,0,0,-1
2919,19423951945022,train_oof,0,legitimate,0,legitimate,0.007608,0.992392,True,TN,4,1,-1,1,-1,1,1,1,1,0,-1
2920,56148421070949,train_oof,0,legitimate,1,phishing,0.800886,0.199114,False,FP,4,1,-1,1,-1,-1,1,-1,0,-1,-1
2921,170126493303162,train_oof,1,phishing,1,phishing,0.825405,0.174595,True,TP,2,1,-1,1,-1,-1,1,-1,0,-1,-1
2922,98554843459824,train_oof,0,legitimate,1,phishing,0.617309,0.382691,False,FP,5,1,-1,1,-1,-1,-1,-1,0,0,-1
2923,10427190633633,train_oof,0,legitimate,0,legitimate,0.487318,0.512682,True,TN,5,1,-1,1,-1,-1,1,1,0,0,-1
2924,51961183498485,train_oof,0,legitimate,0,legitimate,0.021311,0.978689,True,TN,3,1,-1,1,1,-1,1,-1,0,-1,-1
2926,155428966858055,train_oof,1,phishing,1,phishing,0.800515,0.199485,True,TP,3,1,-1,1,-1,-1,1,-1,0,-1,-1
2928,81629472342913,train_oof,0,legitimate,0,legitimate,0.206913,0.793087,True,TN,2,1,-1,1,-1,1,1,1,0,1,-1
2929,72457815571397,train_oof,1,phishing,1,phishing,0.990741,0.009259,True,TP,3,1,-1,1,-1,1,1,-1,-1,0,-1
2930,64636856185489,train_oof,0,legitimate,0,legitimate,0.291892,0.708108,True,TN,3,1,-1,1,-1,1,-1,-1,0,0,-1
2932,257013174264376,train_oof,1,phishing,0,legitimate,0.30121,0.69879,False,FN,5,1,-1,1,-1,0,1,-1,0,1,-1
2934,219674335520752,train_oof,1,phishing,1,phishing,0.56813,0.43187,True,TP,5,1,-1,1,-1,-1,1,-1,0,0,-1
2935,268890505811338,train_oof,1,phishing,0,legitimate,0.359246,0.640754,False,FN,4,1,-1,1,-1,-1,-1,-1,0,1,-1
2936,74439805531772,train_oof,0,legitimate,0,legitimate,0.05243,0.94757,True,TN,4,1,1,1,-1,1,1,1,1,1,1
2937,26378427423202,train_oof,1,phishing,1,phishing,0.799991,0.200009,True,TP,1,1,-1,1,-1,-1,1,-1,0,-1,-1
2939,43853463052518,train_oof,0,legitimate,0,legitimate,0.070424,0.929576,True,TN,1,-1,-1,-1,-1,1,1,1,0,0,-1
2940,86500079632933,train_oof,1,phishing,1,phishing,0.825405,0.174595,True,TP,2,1,-1,1,-1,-1,1,-1,0,-1,-1
2941,133173518274721,train_oof,1,phishing,0,legitimate,0.167392,0.832608,False,FN,1,1,-1,1,-1,1,1,-1,0,1,-1
2942,6617220541522,train_oof,0,legitimate,0,legitimate,0.153214,0.846786,True,TN,4,1,-1,1,-1,-1,1,-1,1,1,-1
2943,24500119340026,train_oof,1,phishing,1,phishing,0.995511,0.004489,True,TP,5,1,-1,1,-1,0,1,1,-1,0,-1
2944,41052255132252,train_oof,0,legitimate,0,legitimate,0.487318,0.512682,True,TN,5,1,-1,1,-1,-1,1,1,0,0,-1
2945,197080553592152,train_oof,1,phishing,1,phishing,0.997944,0.002056,True,TP,2,1,-1,1,-1,0,1,-1,-1,-1,-1
2948,134625316932473,train_oof,1,phishing,1,phishing,0.996958,0.003042,True,TP,1,-1,-1,-1,-1,-1,-1,-1,-1,1,-1
2949,143876352279321,train_oof,0,legitimate,0,legitimate,0.000141,0.999859,True,TN,1,1,-1,1,1,1,1,-1,1,1,-1
2951,185366707618468,train_oof,0,legitimate,0,legitimate,0.200136,0.799864,True,TN,2,-1,-1,-1,-1,-1,1,1,1,-1,-1
2952,3558671862140,train_oof,1,phishing,1,phishing,0.992979,0.007021,True,TP,4,1,1,1,-1,-1,1,1,-1,-1,1
2953,180689972728422,train_oof,0,legitimate,1,phishing,0.733789,0.266211,False,FP,4,1,-1,1,-1,0,-1,-1,0,-1,-1
2954,174600273852287,train_oof,1,phishing,1,phishing,0.685108,0.314892,True,TP,2,1,-1,1,-1,-1,-1,-1,0,-1,-1
2955,240415336868951,train_oof,0,legitimate,0,legitimate,0.008533,0.991467,True,TN,5,1,-1,1,1,-1,1,1,0,1,-1
2956,235826852613829,train_oof,1,phishing,1,phishing,0.997842,0.002158,True,TP,5,1,-1,1,-1,-1,1,-1,-1,0,-1
2957,95775880490420,train_oof,0,legitimate,0,legitimate,0.024319,0.975681,True,TN,4,1,-1,1,1,0,-1,-1,1,-1,-1
2958,129235865964167,train_oof,0,legitimate,0,legitimate,0.019155,0.980845,True,TN,2,1,1,1,-1,1,1,1,1,-1,1
2959,69558698965921,train_oof,0,legitimate,0,legitimate,0.466414,0.533586,True,TN,1,1,-1,1,-1,1,1,1,0,-1,-1
2960,40235170093096,train_oof,0,legitimate,0,legitimate,0.149481,0.850519,True,TN,2,-1,1,-1,-1,-1,1,1,0,0,1
2962,105215156759388,train_oof,0,legitimate,0,legitimate,0.045472,0.954528,True,TN,2,1,1,1,-1,0,-1,1,0,0,1
2964,91003787149102,train_oof,0,legitimate,0,legitimate,0.002695,0.997305,True,TN,1,1,-1,1,1,0,-1,-1,1,1,-1
2965,44859800110015,train_oof,0,legitimate,1,phishing,0.589537,0.410463,False,FP,3,1,-1,1,-1,-1,1,-1,0,0,-1
2966,85798578329461,train_oof,1,phishing,0,legitimate,0.340218,0.659782,False,FN,1,1,1,-1,-1,-1,1,1,0,1,-1
2968,59265118345727,train_oof,1,phishing,1,phishing,0.997331,0.002669,True,TP,3,1,-1,1,-1,0,1,1,-1,-1,-1
2970,7330817827016,train_oof,0,legitimate,0,legitimate,0.00344,0.99656,True,TN,3,1,-1,1,1,-1,1,1,1,0,-1
2971,10557554049136,train_oof,1,phishing,1,phishing,0.998384,0.001616,True,TP,3,1,-1,1,-1,0,1,-1,-1,-1,-1
2972,75623431117852,train_oof,0,legitimate,0,legitimate,0.015737,0.984263,True,TN,3,1,-1,1,-1,1,-1,1,1,1,-1
2974,177710473282856,train_oof,0,legitimate,0,legitimate,0.460925,0.539075,True,TN,3,1,-1,1,-1,1,1,1,0,-1,-1
2976,213026689161952,train_oof,1,phishing,1,phishing,0.822009,0.177991,True,TP,5,1,-1,1,-1,-1,1,-1,0,-1,-1
2977,65625367446038,train_oof,0,legitimate,0,legitimate,0.146455,0.853545,True,TN,2,1,1,1,-1,0,1,1,1,0,1
2978,77002663779171,train_oof,0,legitimate,0,legitimate,0.013776,0.986224,True,TN,2,-1,-1,-1,1,0,1,1,1,-1,-1
2979,49242182518634,train_oof,0,legitimate,0,legitimate,0.054768,0.945232,True,TN,4,1,1,1,-1,-1,-1,1,1,0,1
2981,124127781568128,train_oof,0,legitimate,0,legitimate,0.195778,0.804222,True,TN,4,1,-1,1,-1,1,1,1,0,1,-1
2982,222272817729771,train_oof,0,legitimate,1,phishing,0.53712,0.46288,False,FP,1,1,-1,1,-1,-1,1,1,0,0,-1
2983,190855608439965,train_oof,1,phishing,1,phishing,0.985021,0.014979,True,TP,2,-1,1,-1,-1,0,-1,1,-1,1,1
2984,157989350806615,train_oof,1,phishing,1,phishing,0.999312,0.000688,True,TP,4,1,-1,1,-1,-1,1,-1,-1,-1,-1
2985,231014344849551,train_oof,0,legitimate,0,legitimate,0.206913,0.793087,True,TN,2,1,-1,1,-1,1,1,1,0,1,-1
2987,210554629086537,train_oof,0,legitimate,0,legitimate,0.021368,0.978632,True,TN,2,1,-1,1,-1,1,1,-1,1,0,-1
2988,184048675844301,train_oof,0,legitimate,0,legitimate,0.128368,0.871632,True,TN,4,1,1,1,-1,-1,1,1,0,0,-1
2990,170673811325134,train_oof,1,phishing,1,phishing,0.800515,0.199485,True,TP,3,1,-1,1,-1,-1,1,-1,0,-1,-1
2991,228053397798035,train_oof,1,phishing,1,phishing,0.999076,0.000924,True,TP,2,1,-1,1,-1,-1,1,-1,-1,0,-1
2993,142494024628163,train_oof,0,legitimate,0,legitimate,0.043761,0.956239,True,TN,1,-1,-1,-1,-1,1,1,1,1,0,-1
2994,232119811623410,train_oof,0,legitimate,0,legitimate,0.034513,0.965487,True,TN,4,-1,-1,-1,-1,-1,1,1,0,0,-1
2995,195336112706119,train_oof,1,phishing,1,phishing,0.988756,0.011244,True,TP,1,1,-1,1,-1,-1,1,1,-1,-1,-1
2996,133707640833852,train_oof,0,legitimate,0,legitimate,0.00499,0.99501,True,TN,1,1,-1,1,1,-1,-1,1,0,1,-1
2997,190652501327403,train_oof,0,legitimate,0,legitimate,0.001209,0.998791,True,TN,4,-1,-1,-1,1,-1,1,1,1,1,-1
2998,154841838677446,train_oof,1,phishing,1,phishing,0.996678,0.003322,True,TP,3,1,-1,1,-1,0,1,-1,-1,0,-1
2999,229967208341509,train_oof,1,phishing,1,phishing,0.986688,0.013312,True,TP,4,1,-1,1,-1,0,-1,-1,-1,1,-1
3000,205067003915294,train_oof,0,legitimate,0,legitimate,0.042799,0.957201,True,TN,4,1,-1,1,-1,-1,1,1,1,1,-1
3001,12642475070423,train_oof,0,legitimate,0,legitimate,0.018319,0.981681,True,TN,1,1,-1,1,1,0,1,-1,0,-1,-1
3002,102170114128584,train_oof,0,legitimate,0,legitimate,0.084552,0.915448,True,TN,2,-1,1,-1,-1,-1,1,1,1,0,1
3003,94444547466684,train_oof,1,phishing,1,phishing,0.988286,0.011714,True,TP,4,1,-1,1,-1,-1,-1,-1,-1,1,-1
3004,224132097624983,train_oof,0,legitimate,0,legitimate,0.017652,0.982348,True,TN,2,-1,1,-1,1,0,-1,1,1,1,1
3005,191927373617217,train_oof,1,phishing,1,phishing,0.992002,0.007998,True,TP,5,1,-1,1,-1,0,1,1,-1,1,-1
3006,19030167655009,train_oof,1,phishing,1,phishing,0.521058,0.478942,True,TP,1,1,-1,1,-1,-1,1,-1,0,0,-1
3007,214227335536114,train_oof,1,phishing,1,phishing,0.719882,0.280118,True,TP,4,1,-1,1,-1,-1,1,1,0,-1,-1
3008,257174015295121,train_oof,0,legitimate,0,legitimate,0.303838,0.696162,True,TN,5,1,-1,1,-1,-1,-1,1,0,-1,-1
3009,67140826838576,train_oof,0,legitimate,0,legitimate,0.000969,0.999031,True,TN,5,1,-1,1,1,1,1,-1,1,0,-1
3011,116582565465556,train_oof,0,legitimate,0,legitimate,0.15142,0.84858,True,TN,1,1,-1,1,-1,1,1,1,0,0,-1
3012,264128725573138,train_oof,0,legitimate,0,legitimate,0.039024,0.960976,True,TN,5,1,-1,1,-1,-1,1,1,1,1,-1
3013,264849604521799,train_oof,0,legitimate,0,legitimate,0.098749,0.901251,True,TN,2,-1,1,-1,-1,0,-1,-1,1,1,1
3014,133173518274721,train_oof,1,phishing,0,legitimate,0.167392,0.832608,False,FN,1,1,-1,1,-1,1,1,-1,0,1,-1
3015,201981397185755,train_oof,1,phishing,1,phishing,0.800886,0.199114,True,TP,4,1,-1,1,-1,-1,1,-1,0,-1,-1
3016,278724506787427,train_oof,1,phishing,1,phishing,0.949703,0.050297,True,TP,4,1,-1,1,-1,-1,1,1,-1,0,-1
3017,24827799531734,train_oof,0,legitimate,0,legitimate,0.232429,0.767571,True,TN,2,1,-1,1,-1,1,1,1,0,0,-1
3018,230388816085579,train_oof,0,legitimate,0,legitimate,0.01935,0.98065,True,TN,3,1,-1,1,1,-1,1,1,0,-1,-1
3019,167817227602829,train_oof,1,phishing,0,legitimate,0.23386,0.76614,False,FN,4,1,-1,1,-1,-1,1,-1,1,0,-1
3020,74843221070020,train_oof,0,legitimate,0,legitimate,0.007097,0.992903,True,TN,4,1,1,1,1,-1,1,1,0,0,1
3021,69489358559440,train_oof,0,legitimate,0,legitimate,0.260852,0.739148,True,TN,2,1,1,1,-1,0,1,1,0,-1,1
3022,25589422353485,train_oof,1,phishing,1,phishing,0.99742,0.00258,True,TP,3,1,-1,1,-1,0,1,1,-1,0,-1
3024,10973433951501,train_oof,1,phishing,1,phishing,0.997219,0.002781,True,TP,1,1,-1,1,-1,0,1,-1,-1,-1,-1
3025,64636856185489,train_oof,0,legitimate,0,legitimate,0.291892,0.708108,True,TN,3,1,-1,1,-1,1,-1,-1,0,0,-1
3026,81929969695481,train_oof,0,legitimate,0,legitimate,0.005483,0.994517,True,TN,2,1,-1,1,1,-1,1,-1,1,1,-1
3027,41339564736780,train_oof,0,legitimate,0,legitimate,0.04937,0.95063,True,TN,2,1,-1,1,-1,1,-1,1,1,0,-1
3030,128851850654365,train_oof,1,phishing,1,phishing,0.997146,0.002854,True,TP,5,1,-1,1,-1,0,1,-1,-1,0,-1
3031,126820123224218,train_oof,1,phishing,1,phishing,0.799991,0.200009,True,TP,1,1,-1,1,-1,-1,1,-1,0,-1,-1
3032,126277625598838,train_oof,0,legitimate,0,legitimate,0.00096,0.99904,True,TN,1,1,-1,1,1,-1,1,1,1,1,-1
3036,108037895748955,train_oof,0,legitimate,0,legitimate,0.000141,0.999859,True,TN,1,1,-1,1,1,1,1,-1,1,1,-1
3037,246547183240503,train_oof,0,legitimate,0,legitimate,0.327907,0.672093,True,TN,3,1,-1,1,-1,1,1,-1,0,1,-1
3038,83096265361369,train_oof,1,phishing,1,phishing,0.99718,0.00282,True,TP,4,1,-1,1,-1,0,-1,-1,-1,0,-1
3040,113871591644774,train_oof,1,phishing,1,phishing,0.992002,0.007998,True,TP,5,1,-1,1,-1,0,1,1,-1,1,-1
3042,59319992768282,train_oof,1,phishing,0,legitimate,0.466414,0.533586,False,FN,1,1,-1,1,-1,1,1,1,0,-1,-1
3043,115253971944619,train_oof,0,legitimate,0,legitimate,0.001458,0.998542,True,TN,3,-1,-1,-1,1,1,1,1,1,1,-1
3044,5295823670401,train_oof,1,phishing,1,phishing,0.998384,0.001616,True,TP,3,1,-1,1,-1,0,1,-1,-1,-1,-1
3045,138836020611611,train_oof,0,legitimate,0,legitimate,0.115043,0.884957,True,TN,4,-1,-1,-1,-1,-1,1,-1,1,1,-1
3046,188564306874655,train_oof,1,phishing,1,phishing,0.99786,0.00214,True,TP,3,-1,-1,-1,-1,0,-1,-1,-1,1,-1
3047,55324702012950,train_oof,0,legitimate,0,legitimate,0.010987,0.989013,True,TN,3,1,-1,1,1,1,-1,1,0,1,-1
3049,271419104264988,train_oof,0,legitimate,0,legitimate,0.007219,0.992781,True,TN,1,1,-1,1,1,-1,1,1,0,0,-1
3050,14342887980963,train_oof,0,legitimate,0,legitimate,0.163043,0.836957,True,TN,3,1,-1,1,-1,-1,1,1,1,0,-1
3051,62181887707210,train_oof,1,phishing,1,phishing,0.992375,0.007625,True,TP,4,1,-1,1,-1,0,1,1,-1,0,-1
3052,82979054303689,train_oof,0,legitimate,0,legitimate,0.006433,0.993567,True,TN,3,1,-1,1,1,-1,1,1,0,0,-1
3053,202703218327938,train_oof,0,legitimate,0,legitimate,0.196702,0.803298,True,TN,1,1,-1,1,-1,0,1,-1,1,1,-1
3054,88559646534079,train_oof,1,phishing,1,phishing,0.997146,0.002854,True,TP,5,1,-1,1,-1,0,1,-1,-1,0,-1
3055,147111544788228,train_oof,1,phishing,1,phishing,0.992217,0.007783,True,TP,4,1,-1,1,-1,0,1,1,-1,1,-1
3056,134362072647960,train_oof,0,legitimate,0,legitimate,0.128086,0.871914,True,TN,4,1,-1,1,-1,0,1,-1,1,0,-1
3057,212332488861862,train_oof,1,phishing,1,phishing,0.997394,0.002606,True,TP,4,1,-1,1,-1,-1,-1,-1,-1,0,-1
3058,65175421621687,train_oof,1,phishing,0,legitimate,0.011234,0.988766,False,FN,5,1,1,1,-1,0,1,1,1,0,1
3059,81895790572070,train_oof,1,phishing,1,phishing,0.993912,0.006088,True,TP,1,1,1,1,-1,-1,1,1,-1,-1,1
3060,93701170757306,train_oof,0,legitimate,0,legitimate,0.005452,0.994548,True,TN,3,-1,1,-1,1,-1,1,1,1,0,1
3061,58314604527291,train_oof,0,legitimate,0,legitimate,0.065492,0.934508,True,TN,4,1,1,1,-1,0,1,1,0,1,1
3062,110100243179470,train_oof,1,phishing,1,phishing,0.800886,0.199114,True,TP,4,1,-1,1,-1,-1,1,-1,0,-1,-1
3063,168279461844750,train_oof,1,phishing,0,legitimate,0.198022,0.801978,False,FN,3,1,-1,1,-1,-1,-1,1,0,0,-1
3066,189355003878116,train_oof,1,phishing,1,phishing,0.984136,0.015864,True,TP,3,1,1,1,-1,0,1,1,-1,-1,1
3068,73581631017172,train_oof,1,phishing,1,phishing,0.971387,0.028613,True,TP,5,1,-1,1,-1,-1,-1,1,-1,0,-1
3069,225285578994951,train_oof,1,phishing,1,phishing,0.898675,0.101325,True,TP,2,1,1,1,-1,-1,-1,1,-1,1,1
3070,132638995660380,train_oof,0,legitimate,0,legitimate,0.014086,0.985914,True,TN,1,-1,-1,-1,1,-1,1,1,1,-1,-1
3071,116582565465556,train_oof,1,phishing,0,legitimate,0.15142,0.84858,False,FN,1,1,-1,1,-1,1,1,1,0,0,-1
3073,61826776953576,train_oof,1,phishing,1,phishing,0.986177,0.013823,True,TP,5,1,-1,1,-1,1,1,-1,-1,-1,-1
3075,189892800123053,train_oof,1,phishing,1,phishing,0.586441,0.413559,True,TP,2,1,-1,1,-1,-1,1,-1,0,0,-1
3076,58780817531120,train_oof,1,phishing,1,phishing,0.989023,0.010977,True,TP,2,1,1,1,-1,0,1,1,-1,-1,1
3077,99080738270737,train_oof,1,phishing,0,legitimate,0.451383,0.548617,False,FN,4,1,-1,1,-1,-1,1,1,0,0,-1
3078,224880001474127,train_oof,0,legitimate,0,legitimate,1.7e-05,0.999983,True,TN,3,1,-1,1,1,1,1,1,1,0,-1
3080,203009614798371,train_oof,0,legitimate,0,legitimate,0.00052,0.99948,True,TN,4,1,1,1,1,1,1,1,1,0,1
3082,32848904193343,train_oof,0,legitimate,0,legitimate,0.132798,0.867202,True,TN,3,1,-1,1,-1,0,1,1,0,1,-1
3084,261564116137749,train_oof,1,phishing,1,phishing,0.996426,0.003574,True,TP,3,1,1,1,-1,0,1,1,-1,0,1
3085,25589422353485,train_oof,1,phishing,1,phishing,0.99742,0.00258,True,TP,3,1,-1,1,-1,0,1,1,-1,0,-1
3087,266541084150763,train_oof,0,legitimate,0,legitimate,0.195054,0.804946,True,TN,4,1,-1,1,-1,1,1,-1,0,0,-1
3088,228229847278552,train_oof,1,phishing,1,phishing,0.997358,0.002642,True,TP,3,1,-1,1,-1,0,1,-1,-1,1,-1
3089,268492246698300,train_oof,0,legitimate,0,legitimate,0.181297,0.818703,True,TN,4,1,-1,1,-1,1,1,1,1,-1,-1
3090,185468573243165,train_oof,0,legitimate,0,legitimate,0.460925,0.539075,True,TN,3,1,-1,1,-1,1,1,1,0,-1,-1
3091,7756065141180,train_oof,1,phishing,1,phishing,0.995707,0.004293,True,TP,1,1,-1,1,-1,0,1,-1,-1,0,-1
3092,19286513688022,train_oof,0,legitimate,0,legitimate,0.059242,0.940758,True,TN,5,1,1,1,-1,0,-1,1,0,0,1
3093,96815702278753,train_oof,0,legitimate,0,legitimate,0.003363,0.996637,True,TN,3,1,-1,1,1,-1,-1,-1,1,0,-1
3095,123174190578482,train_oof,0,legitimate,0,legitimate,0.007474,0.992526,True,TN,5,-1,-1,-1,1,1,1,1,0,-1,-1
3096,147109559068708,train_oof,1,phishing,1,phishing,0.997934,0.002066,True,TP,4,1,-1,1,-1,0,1,1,-1,-1,-1
3097,88371872064270,train_oof,1,phishing,1,phishing,0.99805,0.00195,True,TP,4,1,-1,1,-1,0,1,-1,-1,0,-1
3100,93155357057315,train_oof,0,legitimate,0,legitimate,0.001597,0.998403,True,TN,2,1,-1,1,1,-1,1,1,1,0,-1
3101,169643561467739,train_oof,0,legitimate,0,legitimate,8.8e-05,0.999912,True,TN,5,1,-1,1,1,1,1,1,1,1,1
3104,76301897762719,train_oof,1,phishing,1,phishing,0.999106,0.000894,True,TP,5,1,-1,1,-1,0,1,-1,-1,-1,-1
3105,50491474797223,train_oof,0,legitimate,0,legitimate,0.004956,0.995044,True,TN,4,1,-1,1,1,-1,1,-1,1,0,-1
3106,277781963666391,train_oof,1,phishing,1,phishing,0.998694,0.001306,True,TP,2,1,-1,1,-1,0,1,-1,-1,0,-1
3107,222307423625670,train_oof,0,legitimate,0,legitimate,0.071643,0.928357,True,TN,5,-1,-1,-1,-1,0,1,-1,1,0,-1
3108,115933150210654,train_oof,0,legitimate,0,legitimate,0.487318,0.512682,True,TN,5,1,-1,1,-1,-1,1,1,0,0,-1
3110,135106780213547,train_oof,1,phishing,1,phishing,0.9992,0.0008,True,TP,3,1,-1,1,-1,-1,1,-1,-1,-1,-1
3112,124592426813243,train_oof,1,phishing,1,phishing,0.994943,0.005057,True,TP,2,1,1,1,-1,0,1,1,-1,-1,-1
3114,124592426813243,train_oof,1,phishing,1,phishing,0.994943,0.005057,True,TP,2,1,1,1,-1,0,1,1,-1,-1,-1
3115,87619173885676,train_oof,0,legitimate,0,legitimate,0.082261,0.917739,True,TN,1,1,1,1,-1,-1,-1,1,0,0,1
3117,81595376151391,train_oof,1,phishing,1,phishing,0.989934,0.010066,True,TP,3,-1,1,1,-1,-1,1,1,-1,1,-1
3118,254645903133580,train_oof,1,phishing,1,phishing,0.992375,0.007625,True,TP,4,1,-1,1,-1,0,1,1,-1,0,-1
3119,200278661738560,train_oof,1,phishing,0,legitimate,0.15142,0.84858,False,FN,1,1,-1,1,-1,1,1,1,0,0,-1
3120,155185319182781,train_oof,1,phishing,1,phishing,0.825405,0.174595,True,TP,2,1,-1,1,-1,-1,1,-1,0,-1,-1
3121,194129346837835,train_oof,1,phishing,0,legitimate,0.487318,0.512682,False,FN,5,1,-1,1,-1,-1,1,1,0,0,-1
3123,155365847700513,train_oof,1,phishing,1,phishing,0.99805,0.00195,True,TP,4,1,-1,1,-1,0,1,-1,-1,0,-1
3124,186225229625756,train_oof,1,phishing,0,legitimate,0.200293,0.799707,False,FN,3,1,1,1,-1,-1,1,1,0,1,1
3125,124266249656621,train_oof,0,legitimate,1,phishing,0.97487,0.02513,False,FP,4,1,-1,1,-1,-1,-1,1,-1,1,-1
3126,203784089555050,train_oof,0,legitimate,0,legitimate,0.078806,0.921194,True,TN,4,1,-1,1,-1,1,-1,1,0,-1,-1
3127,186435466641691,train_oof,0,legitimate,0,legitimate,0.069522,0.930478,True,TN,1,-1,-1,-1,-1,1,1,-1,0,1,-1
3129,209026391288541,train_oof,0,legitimate,0,legitimate,0.022026,0.977974,True,TN,3,1,-1,1,-1,-1,1,1,1,1,-1
3130,187298065944582,train_oof,1,phishing,1,phishing,0.912514,0.087486,True,TP,2,1,-1,1,-1,0,-1,1,-1,1,-1
3131,129957485245559,train_oof,0,legitimate,0,legitimate,0.117215,0.882785,True,TN,3,1,-1,1,-1,1,-1,-1,1,-1,-1
3133,260407473919436,train_oof,0,legitimate,0,legitimate,0.003003,0.996997,True,TN,4,1,-1,1,-1,1,1,1,1,1,-1
3134,146523884623547,train_oof,1,phishing,1,phishing,0.655341,0.344659,True,TP,2,1,-1,1,-1,-1,1,1,0,-1,-1
3135,73033750229959,train_oof,0,legitimate,0,legitimate,0.009795,0.990205,True,TN,5,1,-1,1,1,1,1,1,1,-1,-1
3139,261654605578638,train_oof,1,phishing,1,phishing,0.946847,0.053153,True,TP,2,-1,1,-1,-1,0,1,-1,-1,1,1
3140,281270694229450,train_oof,1,phishing,1,phishing,0.99776,0.00224,True,TP,1,1,-1,1,-1,-1,1,-1,-1,-1,-1
3141,154962929553710,train_oof,0,legitimate,0,legitimate,0.011967,0.988033,True,TN,1,1,-1,1,-1,1,-1,1,1,1,-1
3143,56271702278165,train_oof,0,legitimate,1,phishing,0.992696,0.007304,False,FP,2,1,-1,1,-1,-1,1,1,-1,0,-1
3144,139165108391669,train_oof,0,legitimate,0,legitimate,0.164422,0.835578,True,TN,2,-1,-1,-1,-1,-1,1,-1,0,1,-1
3146,249477520250594,train_oof,1,phishing,1,phishing,0.998677,0.001323,True,TP,5,-1,-1,-1,-1,0,-1,-1,-1,1,-1
3147,166028627749219,train_oof,1,phishing,1,phishing,0.99776,0.00224,True,TP,1,1,-1,1,-1,-1,1,-1,-1,-1,-1
3148,120540550290997,train_oof,1,phishing,1,phishing,0.992454,0.007546,True,TP,5,1,-1,1,-1,-1,1,-1,-1,1,-1
3149,53157968122173,train_oof,1,phishing,1,phishing,0.800515,0.199485,True,TP,3,1,-1,1,-1,-1,1,-1,0,-1,-1
3150,31767064250696,train_oof,1,phishing,1,phishing,0.997219,0.002781,True,TP,1,1,-1,1,-1,0,1,-1,-1,-1,-1
3151,246547183240503,train_oof,0,legitimate,0,legitimate,0.327907,0.672093,True,TN,3,1,-1,1,-1,1,1,-1,0,1,-1
3152,14205360602632,train_oof,1,phishing,1,phishing,0.999577,0.000423,True,TP,2,1,-1,1,-1,-1,1,-1,-1,-1,-1
3154,164860058939196,train_oof,1,phishing,1,phishing,0.996056,0.003944,True,TP,3,1,1,1,-1,-1,1,1,-1,-1,1
3156,88141711169728,train_oof,0,legitimate,0,legitimate,0.374259,0.625741,True,TN,5,1,-1,1,-1,-1,1,-1,0,1,-1
3157,239746971741568,train_oof,0,legitimate,0,legitimate,0.068591,0.931409,True,TN,1,-1,-1,-1,-1,-1,1,1,0,1,-1
3158,117012613944733,train_oof,1,phishing,1,phishing,0.999312,0.000688,True,TP,4,1,-1,1,-1,-1,1,-1,-1,-1,-1
3159,22409012388340,train_oof,0,legitimate,0,legitimate,1.9e-05,0.999981,True,TN,4,1,-1,1,1,1,1,1,1,0,-1
3160,278142529864792,train_oof,1,phishing,1,phishing,0.976511,0.023489,True,TP,1,1,-1,1,-1,-1,-1,1,-1,0,-1
3161,134362072647960,train_oof,0,legitimate,0,legitimate,0.128086,0.871914,True,TN,4,1,-1,1,-1,0,1,-1,1,0,-1
3162,138836020611611,train_oof,0,legitimate,0,legitimate,0.115043,0.884957,True,TN,4,-1,-1,-1,-1,-1,1,-1,1,1,-1
3163,12278788462849,train_oof,1,phishing,1,phishing,0.655341,0.344659,True,TP,2,1,-1,1,-1,-1,1,1,0,-1,-1
3164,41070639366537,train_oof,0,legitimate,0,legitimate,0.189647,0.810353,True,TN,1,1,-1,1,-1,-1,1,1,1,0,-1
3165,16116224983262,train_oof,0,legitimate,0,legitimate,0.378182,0.621818,True,TN,4,1,-1,1,-1,0,1,-1,0,0,-1
3166,246883300782166,train_oof,1,phishing,1,phishing,0.941787,0.058213,True,TP,1,1,-1,1,-1,-1,1,1,-1,0,-1
3167,234744068489839,train_oof,0,legitimate,0,legitimate,0.118059,0.881941,True,TN,5,1,-1,1,-1,0,1,1,0,1,-1
3168,105691978417326,train_oof,1,phishing,0,legitimate,0.325018,0.674982,False,FN,2,1,-1,1,-1,0,1,1,0,0,-1
3172,234744068489839,train_oof,0,legitimate,0,legitimate,0.118059,0.881941,True,TN,5,1,-1,1,-1,0,1,1,0,1,-1
3173,125446602721090,train_oof,1,phishing,1,phishing,0.98293,0.01707,True,TP,5,1,-1,1,-1,1,1,1,-1,-1,-1
3175,273802077029678,train_oof,0,legitimate,0,legitimate,0.165207,0.834793,True,TN,4,-1,1,-1,-1,0,-1,-1,0,1,1
3177,3558671862140,train_oof,1,phishing,1,phishing,0.992979,0.007021,True,TP,4,1,1,1,-1,-1,1,1,-1,-1,1
3178,240765257679204,train_oof,1,phishing,1,phishing,0.995273,0.004727,True,TP,1,1,-1,1,-1,0,1,-1,-1,1,-1
3179,231886286432177,train_oof,1,phishing,1,phishing,0.962664,0.037336,True,TP,4,-1,1,-1,-1,0,1,1,-1,0,1
3180,56245142814942,train_oof,0,legitimate,0,legitimate,0.212628,0.787372,True,TN,4,1,-1,1,-1,1,1,1,0,0,-1
3182,218294154794528,train_oof,1,phishing,1,phishing,0.998101,0.001899,True,TP,4,1,-1,1,-1,-1,1,-1,-1,0,-1
3183,220152402109798,train_oof,0,legitimate,0,legitimate,0.346339,0.653661,True,TN,4,-1,-1,-1,-1,1,1,-1,0,-1,-1
3184,64292278961075,train_oof,1,phishing,1,phishing,0.99776,0.00224,True,TP,1,1,-1,1,-1,-1,1,-1,-1,-1,-1
3185,280908495674905,train_oof,1,phishing,1,phishing,0.99776,0.00224,True,TP,1,1,-1,1,-1,-1,1,-1,-1,-1,-1
3186,236409886510665,train_oof,1,phishing,1,phishing,0.992979,0.007021,True,TP,4,1,1,1,-1,-1,1,1,-1,-1,1
3187,22409012388340,train_oof,0,legitimate,0,legitimate,1.9e-05,0.999981,True,TN,4,1,-1,1,1,1,1,1,1,0,-1
3188,145010585548842,train_oof,0,legitimate,0,legitimate,0.000942,0.999058,True,TN,5,-1,-1,-1,1,1,1,1,0,0,-1
3189,52863431321389,train_oof,0,legitimate,0,legitimate,0.007219,0.992781,True,TN,1,1,-1,1,1,-1,1,1,0,0,-1
3190,248047913071788,train_oof,0,legitimate,0,legitimate,0.132798,0.867202,True,TN,3,1,-1,1,-1,0,1,1,0,1,-1
3193,274077874861986,train_oof,1,phishing,1,phishing,0.996933,0.003067,True,TP,5,1,-1,1,-1,-1,-1,-1,-1,0,-1
3194,103964327858126,train_oof,0,legitimate,0,legitimate,0.011967,0.988033,True,TN,1,1,-1,1,-1,1,-1,1,1,1,-1
3195,147109559068708,train_oof,1,phishing,1,phishing,0.997934,0.002066,True,TP,4,1,-1,1,-1,0,1,1,-1,-1,-1
3196,38544740119419,train_oof,1,phishing,1,phishing,0.53712,0.46288,True,TP,1,1,-1,1,-1,-1,1,1,0,0,-1
3197,229475711240307,train_oof,0,legitimate,0,legitimate,0.406399,0.593601,True,TN,2,1,-1,1,-1,0,1,-1,0,0,-1
3198,217065374200705,train_oof,1,phishing,1,phishing,0.994679,0.005321,True,TP,2,1,-1,1,-1,0,1,1,-1,0,-1
3199,180668794754342,train_oof,0,legitimate,1,phishing,0.503784,0.496216,False,FP,1,1,-1,1,-1,-1,-1,1,0,0,-1
3200,187298065944582,train_oof,1,phishing,1,phishing,0.912514,0.087486,True,TP,2,1,-1,1,-1,0,-1,1,-1,1,-1
3201,258007234101555,train_oof,0,legitimate,0,legitimate,0.228118,0.771882,True,TN,5,-1,-1,-1,-1,-1,1,1,0,-1,-1
3202,153257629213787,train_oof,0,legitimate,0,legitimate,0.011234,0.988766,True,TN,5,1,1,1,-1,0,1,1,1,0,1
3203,168003336876881,train_oof,0,legitimate,0,legitimate,0.001504,0.998496,True,TN,2,1,-1,1,1,1,1,1,0,1,-1
3204,135894421622908,train_oof,0,legitimate,1,phishing,0.608284,0.391716,False,FP,4,1,-1,1,-1,0,1,-1,1,-1,-1
3205,168279461844750,train_oof,1,phishing,0,legitimate,0.198022,0.801978,False,FN,3,1,-1,1,-1,-1,-1,1,0,0,-1
3207,10301402589692,train_oof,0,legitimate,0,legitimate,0.211451,0.788549,True,TN,1,1,-1,1,-1,1,1,-1,1,-1,-1
3209,158145102321651,train_oof,1,phishing,1,phishing,0.998504,0.001496,True,TP,2,1,-1,1,-1,0,-1,-1,-1,0,-1
3210,139165108391669,train_oof,0,legitimate,0,legitimate,0.164422,0.835578,True,TN,2,-1,-1,-1,-1,-1,1,-1,0,1,-1
3211,237291022919261,train_oof,1,phishing,1,phishing,0.997146,0.002854,True,TP,5,1,-1,1,-1,0,1,-1,-1,0,-1
3214,52236739903081,train_oof,0,legitimate,0,legitimate,0.009893,0.990107,True,TN,5,1,-1,1,-1,1,1,1,1,0,-1
3215,139904118791575,train_oof,1,phishing,1,phishing,0.992375,0.007625,True,TP,4,1,-1,1,-1,0,1,1,-1,0,-1
3216,112115572509913,train_oof,0,legitimate,0,legitimate,0.227897,0.772103,True,TN,5,1,-1,1,-1,1,1,1,0,1,-1
3217,194299903384107,train_oof,1,phishing,1,phishing,0.99805,0.00195,True,TP,4,1,-1,1,-1,0,1,-1,-1,0,-1
3218,167876179566418,train_oof,0,legitimate,0,legitimate,0.068166,0.931834,True,TN,2,1,-1,1,-1,0,1,1,1,0,-1
3219,67330268128484,train_oof,0,legitimate,0,legitimate,0.214679,0.785321,True,TN,4,1,-1,1,-1,1,1,-1,1,-1,-1
3220,176844110686213,train_oof,1,phishing,1,phishing,0.999076,0.000924,True,TP,2,1,-1,1,-1,-1,1,-1,-1,0,-1
3221,157989350806615,train_oof,1,phishing,1,phishing,0.999312,0.000688,True,TP,4,1,-1,1,-1,-1,1,-1,-1,-1,-1
3222,240765257679204,train_oof,1,phishing,1,phishing,0.995273,0.004727,True,TP,1,1,-1,1,-1,0,1,-1,-1,1,-1
3223,203948533808694,train_oof,1,phishing,1,phishing,0.999076,0.000924,True,TP,2,1,-1,1,-1,-1,1,-1,-1,0,-1
3226,176763974120963,train_oof,1,phishing,1,phishing,0.994659,0.005341,True,TP,5,1,-1,1,-1,0,-1,1,-1,0,-1
3227,166290523930044,train_oof,1,phishing,1,phishing,0.990797,0.009203,True,TP,3,1,-1,1,-1,0,1,1,-1,1,-1
3228,187443297716747,train_oof,1,phishing,1,phishing,0.995707,0.004293,True,TP,1,1,-1,1,-1,0,1,-1,-1,0,-1
3229,240444112548604,train_oof,0,legitimate,0,legitimate,0.252304,0.747696,True,TN,2,1,-1,1,-1,1,1,-1,0,0,-1
3230,61188438427968,train_oof,1,phishing,1,phishing,0.979791,0.020209,True,TP,3,-1,1,-1,-1,0,-1,1,-1,1,1
3232,180729535579387,train_oof,0,legitimate,0,legitimate,0.196702,0.803298,True,TN,1,1,-1,1,-1,0,1,-1,1,1,-1
3233,165022614842712,train_oof,0,legitimate,0,legitimate,0.29386,0.70614,True,TN,3,1,-1,1,-1,0,1,-1,0,1,-1
3234,145650159033731,train_oof,0,legitimate,0,legitimate,0.132798,0.867202,True,TN,3,1,-1,1,-1,0,1,1,0,1,-1
3235,166319849214420,train_oof,1,phishing,0,legitimate,0.186836,0.813164,False,FN,1,1,-1,1,-1,1,1,1,0,1,-1
3236,38653190134831,train_oof,0,legitimate,0,legitimate,0.027327,0.972673,True,TN,4,1,-1,1,1,0,1,1,0,-1,-1
3237,253467892953321,train_oof,1,phishing,0,legitimate,0.29386,0.70614,False,FN,3,1,-1,1,-1,0,1,-1,0,1,-1
3238,11246085885789,train_oof,1,phishing,1,phishing,0.94112,0.05888,True,TP,4,1,1,-1,-1,1,1,1,-1,-1,-1
3239,107857766823929,train_oof,1,phishing,1,phishing,0.58005,0.41995,True,TP,1,1,-1,1,-1,1,1,-1,0,-1,-1
3240,261568486396091,train_oof,1,phishing,1,phishing,0.998561,0.001439,True,TP,1,-1,-1,-1,-1,0,1,-1,-1,1,-1
3241,140862636298982,train_oof,1,phishing,1,phishing,0.646613,0.353387,True,TP,5,1,-1,1,-1,-1,1,-1,1,-1,-1
3242,4537628850880,train_oof,0,legitimate,0,legitimate,0.012955,0.987045,True,TN,5,1,-1,1,1,1,1,-1,1,-1,-1
3243,185525043681784,train_oof,1,phishing,1,phishing,0.997383,0.002617,True,TP,1,1,-1,1,-1,-1,-1,-1,-1,0,-1
3246,53724972831614,train_oof,1,phishing,1,phishing,0.678846,0.321154,True,TP,5,1,-1,1,-1,-1,1,1,0,-1,-1
3247,165263776214960,train_oof,0,legitimate,0,legitimate,0.081553,0.918447,True,TN,2,1,-1,1,-1,0,1,1,0,1,-1
3250,221529680263758,train_oof,0,legitimate,0,legitimate,0.262766,0.737234,True,TN,2,1,-1,1,-1,-1,1,-1,0,1,-1
3252,51820817194534,train_oof,0,legitimate,1,phishing,0.719882,0.280118,False,FP,4,1,-1,1,-1,-1,1,1,0,-1,-1
3253,206736339108143,train_oof,0,legitimate,0,legitimate,0.006834,0.993166,True,TN,4,1,1,1,1,1,1,1,0,-1,1
3254,185525043681784,train_oof,1,phishing,1,phishing,0.997383,0.002617,True,TP,1,1,-1,1,-1,-1,-1,-1,-1,0,-1
3255,163939208279539,train_oof,0,legitimate,1,phishing,0.758443,0.241557,False,FP,1,1,-1,1,-1,-1,1,1,0,-1,-1
3256,56245142814942,train_oof,0,legitimate,0,legitimate,0.212628,0.787372,True,TN,4,1,-1,1,-1,1,1,1,0,0,-1
3257,272603054880240,train_oof,0,legitimate,0,legitimate,0.189131,0.810869,True,TN,1,-1,-1,-1,-1,-1,1,1,1,-1,-1
3260,186250784674875,train_oof,0,legitimate,0,legitimate,0.270682,0.729318,True,TN,3,1,-1,1,-1,1,1,1,0,1,-1
3261,223103336615993,train_oof,0,legitimate,0,legitimate,0.153214,0.846786,True,TN,4,1,-1,1,-1,-1,1,-1,1,1,-1
3263,209880461327348,train_oof,1,phishing,1,phishing,0.998963,0.001037,True,TP,3,1,-1,1,-1,0,-1,-1,-1,0,-1
3264,48018324340788,train_oof,1,phishing,1,phishing,0.53712,0.46288,True,TP,1,1,-1,1,-1,-1,1,1,0,0,-1
3265,40410666288866,train_oof,0,legitimate,0,legitimate,0.246086,0.753914,True,TN,4,-1,1,-1,-1,0,1,1,0,-1,1
3266,129785659705491,train_oof,1,phishing,1,phishing,0.96858,0.03142,True,TP,3,1,-1,1,-1,-1,-1,-1,-1,1,-1
3267,194439105029365,train_oof,1,phishing,0,legitimate,0.170037,0.829963,False,FN,3,-1,1,-1,-1,-1,1,1,0,-1,1
3268,56610816297559,train_oof,1,phishing,1,phishing,0.997383,0.002617,True,TP,1,1,-1,1,-1,-1,-1,-1,-1,0,-1
3269,232272285756265,train_oof,0,legitimate,0,legitimate,0.298335,0.701665,True,TN,4,1,-1,1,-1,0,1,-1,0,1,-1
3270,189273856600331,train_oof,0,legitimate,1,phishing,0.665957,0.334043,False,FP,5,1,-1,1,-1,0,1,-1,0,-1,-1
3271,5950047577669,train_oof,0,legitimate,0,legitimate,0.033811,0.966189,True,TN,1,1,1,1,-1,0,-1,1,0,0,1
3272,74261078808531,train_oof,0,legitimate,0,legitimate,0.007672,0.992328,True,TN,2,1,-1,1,1,0,1,-1,0,-1,-1
3273,278796867908601,train_oof,0,legitimate,0,legitimate,0.04276,0.95724,True,TN,5,1,1,1,-1,-1,1,1,1,1,1
3274,242857778249754,train_oof,1,phishing,1,phishing,0.987643,0.012357,True,TP,4,1,-1,1,-1,1,1,-1,-1,0,-1
3275,36153617683680,train_oof,1,phishing,1,phishing,0.998101,0.001899,True,TP,4,1,-1,1,-1,-1,1,-1,-1,0,-1
3276,263107841049376,train_oof,1,phishing,1,phishing,0.800515,0.199485,True,TP,3,1,-1,1,-1,-1,1,-1,0,-1,-1
3277,96895500154910,train_oof,1,phishing,1,phishing,0.9992,0.0008,True,TP,3,1,-1,1,-1,-1,1,-1,-1,-1,-1
3278,120819561064458,train_oof,0,legitimate,0,legitimate,0.031013,0.968987,True,TN,5,1,-1,1,-1,1,1,-1,1,0,-1
3280,269784362356651,train_oof,1,phishing,1,phishing,0.948149,0.051851,True,TP,1,1,1,1,-1,0,1,1,-1,1,1
3281,78770632770969,train_oof,1,phishing,1,phishing,0.998384,0.001616,True,TP,3,1,-1,1,-1,0,1,-1,-1,-1,-1
3283,272779661511716,train_oof,0,legitimate,0,legitimate,0.406399,0.593601,True,TN,2,1,-1,1,-1,0,1,-1,0,0,-1
3284,258733459822517,train_oof,1,phishing,1,phishing,0.990574,0.009426,True,TP,1,1,-1,1,-1,1,1,-1,-1,0,-1
3285,203009614798371,train_oof,0,legitimate,0,legitimate,0.00052,0.99948,True,TN,4,1,1,1,1,1,1,1,1,0,1
3286,89246718299625,train_oof,1,phishing,1,phishing,0.996931,0.003069,True,TP,4,-1,-1,-1,-1,0,-1,-1,-1,1,-1
3288,159231538981787,train_oof,1,phishing,1,phishing,0.997219,0.002781,True,TP,1,1,-1,1,-1,0,1,-1,-1,-1,-1
3289,72910463609934,train_oof,0,legitimate,0,legitimate,0.177399,0.822601,True,TN,3,1,-1,1,-1,1,-1,1,0,1,-1
3290,103051301771923,train_oof,0,legitimate,0,legitimate,0.187228,0.812772,True,TN,5,1,-1,1,-1,-1,1,1,1,0,-1
3291,1959149834071,train_oof,0,legitimate,0,legitimate,0.068166,0.931834,True,TN,2,1,-1,1,-1,0,1,1,1,0,-1
3292,15606686114861,train_oof,0,legitimate,1,phishing,0.678846,0.321154,False,FP,5,1,-1,1,-1,-1,1,1,0,-1,-1
3294,202206208404094,train_oof,0,legitimate,0,legitimate,0.270682,0.729318,True,TN,3,1,-1,1,-1,1,1,1,0,1,-1
3295,120826544082194,train_oof,0,legitimate,0,legitimate,0.235943,0.764057,True,TN,3,1,-1,1,-1,1,-1,1,0,-1,-1
3296,170470810986605,train_oof,0,legitimate,0,legitimate,0.035202,0.964798,True,TN,4,1,-1,1,1,-1,1,1,0,-1,-1
3297,201981397185755,train_oof,1,phishing,1,phishing,0.800886,0.199114,True,TP,4,1,-1,1,-1,-1,1,-1,0,-1,-1
3298,175474184700776,train_oof,1,phishing,1,phishing,0.949703,0.050297,True,TP,4,1,-1,1,-1,-1,1,1,-1,0,-1
3300,196158595999304,train_oof,1,phishing,1,phishing,0.990247,0.009753,True,TP,3,1,-1,1,-1,-1,1,1,-1,-1,-1
3301,228145417982579,train_oof,0,legitimate,0,legitimate,0.159467,0.840533,True,TN,1,1,-1,1,-1,-1,1,1,0,1,-1
3304,258342811046977,train_oof,1,phishing,1,phishing,0.997383,0.002617,True,TP,1,1,-1,1,-1,-1,-1,-1,-1,0,-1
3305,196612421058686,train_oof,1,phishing,1,phishing,0.986591,0.013409,True,TP,5,1,-1,1,-1,-1,1,1,-1,-1,-1
3306,96556523451829,train_oof,0,legitimate,1,phishing,0.800515,0.199485,False,FP,3,1,-1,1,-1,-1,1,-1,0,-1,-1
3307,44967159588298,train_oof,1,phishing,1,phishing,0.982217,0.017783,True,TP,2,-1,1,-1,-1,0,1,1,-1,1,1
3308,70245888090593,train_oof,1,phishing,1,phishing,0.941787,0.058213,True,TP,1,1,-1,1,-1,-1,1,1,-1,0,-1
3309,14955219724721,train_oof,0,legitimate,0,legitimate,0.172764,0.827236,True,TN,4,1,-1,1,-1,0,1,-1,1,1,-1
3310,95673833443583,train_oof,0,legitimate,1,phishing,0.586441,0.413559,False,FP,2,1,-1,1,-1,-1,1,-1,0,0,-1
3311,255628301086455,train_oof,1,phishing,1,phishing,0.992217,0.007783,True,TP,4,1,-1,1,-1,0,1,1,-1,1,-1
3312,4140683528218,train_oof,1,phishing,1,phishing,0.946223,0.053777,True,TP,5,1,-1,1,-1,-1,1,1,-1,0,-1
3313,177559935262671,train_oof,0,legitimate,0,legitimate,0.049122,0.950878,True,TN,1,1,1,1,-1,0,1,1,0,0,1
3314,214621055579283,train_oof,1,phishing,1,phishing,0.996958,0.003042,True,TP,1,-1,-1,-1,-1,-1,-1,-1,-1,1,-1
3315,25589422353485,train_oof,1,phishing,1,phishing,0.99742,0.00258,True,TP,3,1,-1,1,-1,0,1,1,-1,0,-1
3316,230388816085579,train_oof,0,legitimate,0,legitimate,0.01935,0.98065,True,TN,3,1,-1,1,1,-1,1,1,0,-1,-1
3317,46156346541285,train_oof,0,legitimate,0,legitimate,0.002114,0.997886,True,TN,3,1,-1,1,1,1,-1,1,1,0,-1
3318,249738814519212,train_oof,0,legitimate,0,legitimate,0.182922,0.817078,True,TN,5,1,-1,1,-1,-1,1,1,0,1,-1
3319,271650727864120,train_oof,1,phishing,1,phishing,0.799991,0.200009,True,TP,1,1,-1,1,-1,-1,1,-1,0,-1,-1
3320,180729535579387,train_oof,0,legitimate,0,legitimate,0.196702,0.803298,True,TN,1,1,-1,1,-1,0,1,-1,1,1,-1
3321,102170114128584,train_oof,0,legitimate,0,legitimate,0.084552,0.915448,True,TN,2,-1,1,-1,-1,-1,1,1,1,0,1
3323,220909738711119,train_oof,0,legitimate,0,legitimate,0.000438,0.999562,True,TN,2,1,-1,1,1,-1,1,1,1,1,-1
3324,193022357278134,train_oof,0,legitimate,0,legitimate,0.347088,0.652912,True,TN,1,1,-1,1,-1,0,1,-1,0,0,-1
3325,251834989581916,train_oof,0,legitimate,0,legitimate,0.031013,0.968987,True,TN,5,1,-1,1,-1,1,1,-1,1,0,-1
3327,234752930683690,train_oof,1,phishing,0,legitimate,0.408108,0.591892,False,FN,3,1,-1,1,-1,0,1,-1,0,0,-1
3328,164996709247405,train_oof,1,phishing,1,phishing,0.61656,0.38344,True,TP,2,1,-1,1,-1,0,1,-1,0,-1,-1
3329,170058238826251,train_oof,0,legitimate,0,legitimate,0.115175,0.884825,True,TN,3,-1,1,-1,-1,-1,1,1,1,-1,1
3330,48423560327338,train_oof,1,phishing,1,phishing,0.998694,0.001306,True,TP,2,1,-1,1,-1,0,1,-1,-1,0,-1
3331,92208466412000,train_oof,0,legitimate,0,legitimate,0.23676,0.76324,True,TN,1,-1,-1,-1,-1,-1,1,1,0,-1,-1
3332,36389520962394,train_oof,1,phishing,1,phishing,0.991641,0.008359,True,TP,5,1,1,1,-1,-1,1,1,-1,-1,1
3333,236740312700186,train_oof,0,legitimate,0,legitimate,0.210332,0.789668,True,TN,4,1,1,1,-1,-1,1,1,0,0,1
3334,33632479643440,train_oof,0,legitimate,0,legitimate,0.244798,0.755202,True,TN,3,1,-1,1,-1,1,1,1,0,0,-1
3335,201319249969706,train_oof,1,phishing,1,phishing,0.654194,0.345806,True,TP,3,1,-1,1,-1,0,1,-1,0,-1,-1
3338,271011808123246,train_oof,1,phishing,1,phishing,0.976247,0.023753,True,TP,4,-1,-1,-1,-1,0,1,1,-1,1,-1
3339,87619173885676,train_oof,0,legitimate,0,legitimate,0.082261,0.917739,True,TN,1,1,1,1,-1,-1,-1,1,0,0,1
3340,83181608023828,train_oof,0,legitimate,0,legitimate,0.010109,0.989891,True,TN,2,1,-1,1,-1,1,1,1,1,0,-1
3341,172511642557386,train_oof,0,legitimate,0,legitimate,0.070424,0.929576,True,TN,1,-1,-1,-1,-1,1,1,1,0,0,-1
3342,257521339169919,train_oof,1,phishing,1,phishing,0.825405,0.174595,True,TP,2,1,-1,1,-1,-1,1,-1,0,-1,-1
3344,188564306874655,train_oof,1,phishing,1,phishing,0.99786,0.00214,True,TP,3,-1,-1,-1,-1,0,-1,-1,-1,1,-1
3345,217974323429166,train_oof,1,phishing,0,legitimate,0.095102,0.904898,False,FN,3,1,-1,1,-1,-1,1,1,0,1,-1
3346,260407473919436,train_oof,0,legitimate,0,legitimate,0.003003,0.996997,True,TN,4,1,-1,1,-1,1,1,1,1,1,-1
3347,21897902208269,train_oof,1,phishing,1,phishing,0.999577,0.000423,True,TP,2,1,-1,1,-1,-1,1,-1,-1,-1,-1
3348,232151202383544,train_oof,0,legitimate,0,legitimate,0.122581,0.877419,True,TN,3,1,-1,1,-1,0,-1,1,0,1,-1
3349,261770564528320,train_oof,0,legitimate,0,legitimate,0.28966,0.71034,True,TN,5,1,1,1,-1,-1,1,1,0,1,1
3350,260076037240575,train_oof,0,legitimate,0,legitimate,0.118059,0.881941,True,TN,5,1,-1,1,-1,0,1,1,0,1,-1
3351,245203759851421,train_oof,1,phishing,1,phishing,0.996088,0.003912,True,TP,4,1,0,1,-1,-1,-1,-1,-1,0,-1
3352,23114839470703,train_oof,0,legitimate,0,legitimate,0.07103,0.92897,True,TN,5,-1,-1,-1,-1,1,1,1,1,-1,-1
3353,19071252989215,train_oof,1,phishing,1,phishing,0.972621,0.027379,True,TP,1,1,1,1,-1,0,-1,1,-1,0,1
3354,123482779996726,train_oof,0,legitimate,0,legitimate,0.117413,0.882587,True,TN,5,1,-1,1,-1,1,1,1,1,-1,-1
3355,146088607168823,train_oof,0,legitimate,0,legitimate,0.014484,0.985516,True,TN,3,1,-1,1,1,1,-1,1,0,0,-1
3356,244126160492820,train_oof,0,legitimate,0,legitimate,0.045472,0.954528,True,TN,2,1,1,1,-1,0,-1,1,0,0,1
3357,17144019808062,train_oof,1,phishing,0,legitimate,0.451409,0.548591,False,FN,2,1,-1,1,-1,-1,1,1,0,0,-1
3358,25855553627920,train_oof,0,legitimate,0,legitimate,0.0,1.0,True,TN,2,1,-1,1,1,1,1,1,1,0,-1
3360,37313912525184,train_oof,0,legitimate,0,legitimate,0.005682,0.994318,True,TN,1,1,-1,1,1,0,1,1,0,0,-1
3361,113290618535857,train_oof,0,legitimate,0,legitimate,0.451409,0.548591,True,TN,2,1,-1,1,-1,-1,1,1,0,0,-1
3362,260776377434580,train_oof,1,phishing,1,phishing,0.758443,0.241557,True,TP,1,1,-1,1,-1,-1,1,1,0,-1,-1
3363,56720849097063,train_oof,1,phishing,1,phishing,0.988756,0.011244,True,TP,1,1,-1,1,-1,-1,1,1,-1,-1,-1
3364,35604841829677,train_oof,0,legitimate,1,phishing,0.586441,0.413559,False,FP,2,1,-1,1,-1,-1,1,-1,0,0,-1
3365,69558698965921,train_oof,0,legitimate,0,legitimate,0.466414,0.533586,True,TN,1,1,-1,1,-1,1,1,1,0,-1,-1
3366,224138475246204,train_oof,1,phishing,1,phishing,0.800515,0.199485,True,TP,3,1,-1,1,-1,-1,1,-1,0,-1,-1
3367,35440756677324,train_oof,0,legitimate,0,legitimate,0.001992,0.998008,True,TN,1,1,-1,1,1,-1,1,-1,1,1,-1
3368,236740312700186,train_oof,0,legitimate,0,legitimate,0.210332,0.789668,True,TN,4,1,1,1,-1,-1,1,1,0,0,1
3369,81929969695481,train_oof,0,legitimate,0,legitimate,0.005483,0.994517,True,TN,2,1,-1,1,1,-1,1,-1,1,1,-1
3371,47909060713988,train_oof,0,legitimate,0,legitimate,0.001946,0.998054,True,TN,2,1,-1,1,1,1,1,1,0,0,-1
3372,78422330735793,train_oof,1,phishing,0,legitimate,0.246374,0.753626,False,FN,2,-1,1,-1,-1,1,1,1,0,-1,1
3376,277356241865071,train_oof,0,legitimate,0,legitimate,0.466414,0.533586,True,TN,1,1,-1,1,-1,1,1,1,0,-1,-1
3377,136888791896894,train_oof,0,legitimate,1,phishing,0.799991,0.200009,False,FP,1,1,-1,1,-1,-1,1,-1,0,-1,-1
3378,125769315272261,train_oof,0,legitimate,0,legitimate,0.108767,0.891233,True,TN,2,-1,-1,-1,-1,1,1,-1,0,1,-1
3379,129746084494347,train_oof,1,phishing,0,legitimate,0.317305,0.682695,False,FN,3,1,-1,1,-1,0,1,-1,1,-1,-1
3380,146951441728078,train_oof,0,legitimate,0,legitimate,0.003814,0.996186,True,TN,2,1,1,1,1,-1,-1,1,1,-1,1
3381,72421924194631,train_oof,1,phishing,1,phishing,0.800515,0.199485,True,TP,3,1,-1,1,-1,-1,1,-1,0,-1,-1
3382,230154392154780,train_oof,0,legitimate,0,legitimate,0.159519,0.840481,True,TN,1,-1,1,-1,-1,-1,1,1,1,-1,1
3383,64769748565186,train_oof,0,legitimate,0,legitimate,0.270682,0.729318,True,TN,3,1,-1,1,-1,1,1,1,0,1,-1
3384,271000665781881,train_oof,1,phishing,1,phishing,0.991215,0.008785,True,TP,4,1,-1,1,-1,-1,-1,1,-1,0,-1
3386,240826878049558,train_oof,1,phishing,0,legitimate,0.206913,0.793087,False,FN,2,1,-1,1,-1,1,1,1,0,1,-1
3388,85506858040510,train_oof,1,phishing,0,legitimate,0.451383,0.548617,False,FN,4,1,-1,1,-1,-1,1,1,0,0,-1
3389,153038894174802,train_oof,0,legitimate,0,legitimate,0.001462,0.998538,True,TN,5,1,-1,1,1,0,-1,-1,1,1,-1
3390,169874101725680,train_oof,0,legitimate,0,legitimate,0.000853,0.999147,True,TN,5,1,1,1,1,1,-1,1,1,1,1
3391,188520242929200,train_oof,0,legitimate,0,legitimate,0.301704,0.698296,True,TN,2,1,-1,1,-1,1,1,-1,0,1,-1
3392,278403592133921,train_oof,1,phishing,1,phishing,0.981454,0.018546,True,TP,5,1,-1,1,-1,0,-1,1,-1,-1,-1
3393,154130890173267,train_oof,0,legitimate,0,legitimate,0.259419,0.740581,True,TN,3,1,-1,1,-1,1,1,-1,0,0,-1
3394,12557397934636,train_oof,1,phishing,1,phishing,0.578337,0.421663,True,TP,4,1,-1,1,-1,1,1,-1,0,-1,-1
3395,69994033014406,train_oof,0,legitimate,0,legitimate,0.30121,0.69879,True,TN,5,1,-1,1,-1,0,1,-1,0,1,-1
3396,234744068489839,train_oof,0,legitimate,0,legitimate,0.118059,0.881941,True,TN,5,1,-1,1,-1,0,1,1,0,1,-1
3397,173758541332222,train_oof,0,legitimate,0,legitimate,0.035011,0.964989,True,TN,1,1,-1,1,-1,-1,1,1,1,1,-1
3398,212655565604735,train_oof,0,legitimate,0,legitimate,0.163043,0.836957,True,TN,3,1,-1,1,-1,-1,1,1,1,0,-1
3399,12241782814786,train_oof,0,legitimate,0,legitimate,0.02385,0.97615,True,TN,1,1,-1,1,1,0,1,-1,1,-1,-1
3400,211901222885736,train_oof,1,phishing,1,phishing,0.976707,0.023293,True,TP,4,1,1,1,-1,0,-1,1,-1,1,1
3401,147511693507316,train_oof,1,phishing,1,phishing,0.995511,0.004489,True,TP,5,1,-1,1,-1,0,1,1,-1,0,-1
3402,221373336095889,train_oof,0,legitimate,0,legitimate,0.195778,0.804222,True,TN,4,1,-1,1,-1,1,1,1,0,1,-1
3403,164584393920632,train_oof,0,legitimate,0,legitimate,0.045472,0.954528,True,TN,2,1,1,1,-1,0,-1,1,0,0,1
3404,80139973681932,train_oof,1,phishing,1,phishing,0.673601,0.326399,True,TP,4,1,-1,1,-1,0,1,-1,0,-1,-1
3405,115194727539728,train_oof,0,legitimate,0,legitimate,0.040878,0.959122,True,TN,3,1,1,1,-1,0,1,1,0,0,1
3406,59430241316387,train_oof,0,legitimate,0,legitimate,0.293391,0.706609,True,TN,2,1,-1,1,-1,0,-1,1,0,-1,-1
3407,169951124869340,train_oof,0,legitimate,0,legitimate,0.464662,0.535338,True,TN,3,1,-1,1,-1,-1,1,1,0,0,-1
3408,252657480442137,train_oof,0,legitimate,0,legitimate,0.009893,0.990107,True,TN,5,1,-1,1,-1,1,1,1,1,0,-1
3409,56148421070949,train_oof,0,legitimate,1,phishing,0.800886,0.199114,False,FP,4,1,-1,1,-1,-1,1,-1,0,-1,-1
3410,141806333305434,train_oof,0,legitimate,0,legitimate,0.112818,0.887182,True,TN,3,-1,-1,-1,-1,0,1,1,0,1,-1
3411,171605231576734,train_oof,1,phishing,1,phishing,0.996931,0.003069,True,TP,4,-1,-1,-1,-1,0,-1,-1,-1,1,-1
3412,31459557488273,train_oof,1,phishing,1,phishing,0.993078,0.006922,True,TP,5,1,1,1,-1,0,1,1,-1,0,1
3413,158967653881130,train_oof,0,legitimate,0,legitimate,0.331794,0.668206,True,TN,1,1,-1,1,-1,-1,-1,1,1,-1,-1
3414,252680601977632,train_oof,1,phishing,1,phishing,0.61656,0.38344,True,TP,2,1,-1,1,-1,0,1,-1,0,-1,-1
3416,199783706340085,train_oof,0,legitimate,0,legitimate,0.072743,0.927257,True,TN,5,1,-1,1,-1,-1,-1,1,0,1,-1
3417,192718619091663,train_oof,0,legitimate,0,legitimate,0.066857,0.933143,True,TN,5,1,1,1,-1,1,1,1,0,0,1
3419,130256722769011,train_oof,1,phishing,1,phishing,0.993389,0.006611,True,TP,2,1,-1,1,-1,1,1,-1,-1,0,-1
3420,155337226572269,train_oof,0,legitimate,0,legitimate,0.006369,0.993631,True,TN,5,-1,-1,-1,1,-1,1,1,1,-1,-1
3422,72773205524662,train_oof,1,phishing,1,phishing,0.53712,0.46288,True,TP,1,1,-1,1,-1,-1,1,1,0,0,-1
3423,119968496662048,train_oof,1,phishing,1,phishing,0.986591,0.013409,True,TP,5,1,-1,1,-1,-1,1,1,-1,-1,-1
3425,167434252133829,train_oof,1,phishing,1,phishing,0.678846,0.321154,True,TP,5,1,-1,1,-1,-1,1,1,0,-1,-1
3428,220360511301816,train_oof,0,legitimate,0,legitimate,0.046783,0.953217,True,TN,2,-1,-1,-1,-1,-1,1,1,1,0,-1
3429,105769633739399,train_oof,1,phishing,1,phishing,0.99841,0.00159,True,TP,3,1,-1,1,-1,-1,1,-1,-1,0,-1
3430,204370707294556,train_oof,1,phishing,0,legitimate,0.311202,0.688798,False,FN,5,1,-1,-1,-1,1,1,1,0,-1,-1
3431,103710942102591,train_oof,1,phishing,1,phishing,0.937638,0.062362,True,TP,3,-1,1,-1,-1,-1,1,1,-1,-1,1
3432,25589422353485,train_oof,1,phishing,1,phishing,0.99742,0.00258,True,TP,3,1,-1,1,-1,0,1,1,-1,0,-1
3433,75324552249529,train_oof,0,legitimate,0,legitimate,0.07869,0.92131,True,TN,4,1,1,1,-1,-1,1,1,1,0,1
3434,272167342081556,train_oof,0,legitimate,0,legitimate,0.005378,0.994622,True,TN,4,1,-1,1,1,0,1,1,0,0,-1
3436,25658884321558,train_oof,1,phishing,1,phishing,0.989023,0.010977,True,TP,2,1,1,1,-1,0,1,1,-1,-1,1
3437,208270047326683,train_oof,0,legitimate,0,legitimate,0.309924,0.690076,True,TN,5,-1,-1,-1,-1,0,1,-1,1,-1,-1
3438,98758163743672,train_oof,1,phishing,1,phishing,0.959508,0.040492,True,TP,3,1,-1,-1,-1,0,1,-1,-1,0,-1
3439,160755451419968,train_oof,1,phishing,1,phishing,0.949742,0.050258,True,TP,3,1,-1,1,-1,0,-1,1,-1,1,-1
3440,186583371588694,train_oof,0,legitimate,0,legitimate,0.042698,0.957302,True,TN,1,-1,-1,-1,-1,-1,1,1,0,0,-1
3441,149496728670699,train_oof,0,legitimate,0,legitimate,0.00428,0.99572,True,TN,1,1,1,1,-1,1,-1,1,0,0,1
3442,244601197364317,train_oof,1,phishing,1,phishing,0.997925,0.002075,True,TP,3,1,-1,1,-1,-1,-1,-1,-1,0,-1
3443,25589422353485,train_oof,1,phishing,1,phishing,0.99742,0.00258,True,TP,3,1,-1,1,-1,0,1,1,-1,0,-1
3445,276061931044441,train_oof,1,phishing,1,phishing,0.99884,0.00116,True,TP,5,1,-1,1,-1,-1,1,-1,-1,-1,-1
3446,56245142814942,train_oof,0,legitimate,0,legitimate,0.212628,0.787372,True,TN,4,1,-1,1,-1,1,1,1,0,0,-1
3448,162895151856908,train_oof,0,legitimate,1,phishing,0.665957,0.334043,False,FP,5,1,-1,1,-1,0,1,-1,0,-1,-1
3449,272779661511716,train_oof,0,legitimate,0,legitimate,0.406399,0.593601,True,TN,2,1,-1,1,-1,0,1,-1,0,0,-1
3450,156782700597983,train_oof,0,legitimate,0,legitimate,0.015647,0.984353,True,TN,5,1,-1,1,1,1,-1,1,0,-1,-1
3452,202206208404094,train_oof,0,legitimate,0,legitimate,0.270682,0.729318,True,TN,3,1,-1,1,-1,1,1,1,0,1,-1
3453,146857911123681,train_oof,0,legitimate,0,legitimate,0.138128,0.861872,True,TN,1,1,1,1,-1,0,1,1,1,0,1
3454,173550498117334,train_oof,1,phishing,1,phishing,0.800515,0.199485,True,TP,3,1,-1,1,-1,-1,1,-1,0,-1,-1
3455,122045852124301,train_oof,0,legitimate,0,legitimate,0.370992,0.629008,True,TN,5,1,-1,1,-1,0,1,1,0,0,-1
3456,254645903133580,train_oof,1,phishing,1,phishing,0.992375,0.007625,True,TP,4,1,-1,1,-1,0,1,1,-1,0,-1
3457,277027577270282,train_oof,0,legitimate,0,legitimate,0.168408,0.831592,True,TN,3,1,1,1,-1,-1,1,-1,1,0,1
3459,243805896009739,train_oof,1,phishing,1,phishing,0.992709,0.007291,True,TP,5,1,1,1,-1,0,1,1,-1,-1,1
3460,173300361447618,train_oof,1,phishing,1,phishing,0.945702,0.054298,True,TP,3,1,-1,1,-1,-1,1,1,-1,0,-1
3461,220624427692080,train_oof,0,legitimate,0,legitimate,0.298335,0.701665,True,TN,4,1,-1,1,-1,0,1,-1,0,1,-1
3463,212326470563703,train_oof,1,phishing,1,phishing,0.99742,0.00258,True,TP,3,1,-1,1,-1,0,1,1,-1,0,-1
3464,95775880490420,train_oof,0,legitimate,0,legitimate,0.024319,0.975681,True,TN,4,1,-1,1,1,0,-1,-1,1,-1,-1
3465,256537953938070,train_oof,0,legitimate,1,phishing,0.669292,0.330708,False,FP,3,1,-1,1,-1,1,1,-1,0,-1,-1
3467,108717484068976,train_oof,1,phishing,1,phishing,0.951714,0.048286,True,TP,2,1,-1,1,-1,-1,1,1,-1,1,-1
3469,164926817965871,train_oof,0,legitimate,0,legitimate,0.214115,0.785885,True,TN,5,1,-1,1,-1,1,1,1,0,0,-1
3470,262917729218472,train_oof,1,phishing,0,legitimate,0.212628,0.787372,False,FN,4,1,-1,1,-1,1,1,1,0,0,-1
3471,10296154248340,train_oof,0,legitimate,0,legitimate,0.432345,0.567655,True,TN,5,1,-1,1,-1,0,1,-1,0,0,-1
3472,83873150594287,train_oof,0,legitimate,0,legitimate,0.027369,0.972631,True,TN,2,1,1,1,-1,-1,1,1,1,1,1
3473,275596169157543,train_oof,0,legitimate,0,legitimate,0.325018,0.674982,True,TN,2,1,-1,1,-1,0,1,1,0,0,-1
3474,273138543164537,train_oof,0,legitimate,0,legitimate,0.004413,0.995587,True,TN,2,1,-1,1,-1,1,1,1,1,1,-1
3476,227259056211402,train_oof,1,phishing,1,phishing,0.995772,0.004228,True,TP,2,-1,-1,-1,-1,0,1,-1,-1,1,-1
3477,41070980860339,train_oof,1,phishing,0,legitimate,0.19832,0.80168,False,FN,1,1,-1,1,-1,1,-1,-1,0,1,-1
3478,116582565465556,train_oof,0,legitimate,0,legitimate,0.15142,0.84858,True,TN,1,1,-1,1,-1,1,1,1,0,0,-1
3479,190409292746832,train_oof,0,legitimate,0,legitimate,7e-06,0.999993,True,TN,4,1,-1,1,1,1,1,1,1,1,-1
3480,252571744964667,train_oof,1,phishing,1,phishing,0.990988,0.009012,True,TP,2,1,1,-1,-1,0,1,-1,-1,-1,-1
3481,22300340055593,train_oof,1,phishing,1,phishing,0.99183,0.00817,True,TP,3,1,-1,1,-1,1,1,-1,-1,-1,-1
3483,214282809549405,train_oof,0,legitimate,0,legitimate,0.179693,0.820307,True,TN,1,1,-1,1,-1,1,-1,1,0,-1,-1
3484,157629559480333,train_oof,1,phishing,1,phishing,0.999312,0.000688,True,TP,4,1,-1,1,-1,-1,1,-1,-1,-1,-1
3485,6600879455457,train_oof,1,phishing,1,phishing,0.996327,0.003673,True,TP,5,1,0,1,-1,-1,-1,-1,-1,0,-1
3486,162895151856908,train_oof,0,legitimate,1,phishing,0.665957,0.334043,False,FP,5,1,-1,1,-1,0,1,-1,0,-1,-1
3487,169249335573505,train_oof,0,legitimate,0,legitimate,0.006872,0.993128,True,TN,4,1,-1,1,1,-1,-1,1,1,0,-1
3488,68856380544828,train_oof,1,phishing,1,phishing,0.992375,0.007625,True,TP,4,1,-1,1,-1,0,1,1,-1,0,-1
3489,42929273379283,train_oof,1,phishing,1,phishing,0.993757,0.006243,True,TP,2,1,-1,1,-1,0,-1,1,-1,0,-1
3491,237293575957163,train_oof,1,phishing,1,phishing,0.999312,0.000688,True,TP,4,1,-1,1,-1,-1,1,-1,-1,-1,-1
3492,278228993896894,train_oof,1,phishing,1,phishing,0.999076,0.000924,True,TP,2,1,-1,1,-1,-1,1,-1,-1,0,-1
3493,132638995660380,train_oof,0,legitimate,0,legitimate,0.014086,0.985914,True,TN,1,-1,-1,-1,1,-1,1,1,1,-1,-1
3495,25708037165586,train_oof,1,phishing,1,phishing,0.997383,0.002617,True,TP,1,1,-1,1,-1,-1,-1,-1,-1,0,-1
3496,224909549075151,train_oof,1,phishing,1,phishing,0.943809,0.056191,True,TP,5,1,1,1,-1,-1,-1,1,-1,-1,1
3497,234744068489839,train_oof,0,legitimate,0,legitimate,0.118059,0.881941,True,TN,5,1,-1,1,-1,0,1,1,0,1,-1
3498,145650159033731,train_oof,0,legitimate,0,legitimate,0.132798,0.867202,True,TN,3,1,-1,1,-1,0,1,1,0,1,-1
3499,210738623839423,train_oof,0,legitimate,0,legitimate,0.000782,0.999218,True,TN,3,1,1,1,1,1,-1,1,1,1,1
3500,275812626858489,train_oof,1,phishing,1,phishing,0.905946,0.094054,True,TP,1,-1,1,-1,-1,1,1,1,-1,1,1
3503,19198387286238,train_oof,1,phishing,1,phishing,0.99884,0.00116,True,TP,5,1,-1,1,-1,-1,1,-1,-1,-1,-1
3504,240329222867026,train_oof,1,phishing,1,phishing,0.799991,0.200009,True,TP,1,1,-1,1,-1,-1,1,-1,0,-1,-1
3505,236134078835880,train_oof,1,phishing,1,phishing,0.643159,0.356841,True,TP,2,1,-1,1,-1,0,1,1,0,-1,-1
3506,177710473282856,train_oof,0,legitimate,0,legitimate,0.460925,0.539075,True,TN,3,1,-1,1,-1,1,1,1,0,-1,-1
3507,281226834232041,train_oof,0,legitimate,1,phishing,0.756748,0.243252,False,FP,1,1,-1,1,-1,0,1,1,0,-1,-1
3508,165249645942405,train_oof,0,legitimate,1,phishing,0.654194,0.345806,False,FP,3,1,-1,1,-1,0,1,-1,0,-1,-1
3509,227862650355450,train_oof,0,legitimate,0,legitimate,0.001001,0.998999,True,TN,5,-1,-1,-1,1,0,1,1,1,1,-1
3510,35984158305524,train_oof,1,phishing,1,phishing,0.997383,0.002617,True,TP,1,1,-1,1,-1,-1,-1,-1,-1,0,-1
3511,145874862602990,train_oof,1,phishing,1,phishing,0.972381,0.027619,True,TP,2,1,1,1,-1,0,-1,1,-1,0,1
3512,256118796507071,train_oof,0,legitimate,0,legitimate,0.126173,0.873827,True,TN,1,-1,0,-1,-1,1,1,1,0,0,-1
3513,192784376768242,train_oof,1,phishing,1,phishing,0.994601,0.005399,True,TP,1,1,-1,1,-1,0,1,1,-1,0,-1
3514,175484913084751,train_oof,1,phishing,0,legitimate,0.451409,0.548591,False,FN,2,1,-1,1,-1,-1,1,1,0,0,-1
3515,217107675256649,train_oof,1,phishing,1,phishing,0.991399,0.008601,True,TP,2,1,-1,1,-1,0,-1,-1,-1,-1,-1
3516,7647195511287,train_oof,0,legitimate,0,legitimate,0.002439,0.997561,True,TN,1,-1,-1,-1,1,1,1,-1,0,0,-1
3517,127615483512605,train_oof,1,phishing,1,phishing,0.997383,0.002617,True,TP,1,1,-1,1,-1,-1,-1,-1,-1,0,-1
3518,171397743022401,train_oof,1,phishing,1,phishing,0.586441,0.413559,True,TP,2,1,-1,1,-1,-1,1,-1,0,0,-1
3519,13477133043633,train_oof,0,legitimate,0,legitimate,0.294377,0.705623,True,TN,3,1,-1,1,-1,-1,-1,1,0,-1,-1
3520,216228823859451,train_oof,0,legitimate,1,phishing,0.503784,0.496216,False,FP,1,1,-1,1,-1,-1,-1,1,0,0,-1
3521,251308762313207,train_oof,1,phishing,1,phishing,0.800886,0.199114,True,TP,4,1,-1,1,-1,-1,1,-1,0,-1,-1
3522,52287563547833,train_oof,0,legitimate,0,legitimate,0.325018,0.674982,True,TN,2,1,-1,1,-1,0,1,1,0,0,-1
3523,190322432519263,train_oof,1,phishing,1,phishing,0.98539,0.01461,True,TP,3,1,1,1,-1,-1,1,-1,-1,0,1
3524,228758154795184,train_oof,0,legitimate,0,legitimate,0.001572,0.998428,True,TN,5,1,1,1,1,-1,1,1,0,0,1
3526,31808582811091,train_oof,0,legitimate,1,phishing,0.758443,0.241557,False,FP,1,1,-1,1,-1,-1,1,1,0,-1,-1
3527,163939208279539,train_oof,1,phishing,1,phishing,0.758443,0.241557,True,TP,1,1,-1,1,-1,-1,1,1,0,-1,-1
3528,37713878648697,train_oof,0,legitimate,0,legitimate,0.15154,0.84846,True,TN,1,1,-1,1,-1,-1,1,-1,1,1,-1
3530,236908160010981,train_oof,1,phishing,1,phishing,0.993078,0.006922,True,TP,5,1,1,1,-1,0,1,1,-1,0,1
3531,227862650355450,train_oof,0,legitimate,0,legitimate,0.001001,0.998999,True,TN,5,-1,-1,-1,1,0,1,1,1,1,-1
3532,100721964809391,train_oof,1,phishing,1,phishing,0.996088,0.003912,True,TP,4,1,0,1,-1,-1,-1,-1,-1,0,-1
3533,241943547315282,train_oof,1,phishing,1,phishing,0.998561,0.001439,True,TP,1,-1,-1,-1,-1,0,1,-1,-1,1,-1
3534,204855214785050,train_oof,0,legitimate,0,legitimate,0.06482,0.93518,True,TN,2,1,1,1,-1,0,1,1,0,0,1
3536,98880486374436,train_oof,1,phishing,1,phishing,0.995707,0.004293,True,TP,1,1,-1,1,-1,0,1,-1,-1,0,-1
3537,203089580765685,train_oof,0,legitimate,1,phishing,0.652538,0.347462,False,FP,5,1,-1,1,-1,1,1,-1,0,-1,-1
3539,319067913836,train_oof,0,legitimate,0,legitimate,0.031952,0.968048,True,TN,4,-1,-1,-1,-1,1,1,1,0,0,-1
3540,268264555802515,train_oof,1,phishing,1,phishing,0.997944,0.002056,True,TP,2,1,-1,1,-1,0,1,-1,-1,-1,-1
3541,21897902208269,train_oof,1,phishing,1,phishing,0.999577,0.000423,True,TP,2,1,-1,1,-1,-1,1,-1,-1,-1,-1
3544,84889889215601,train_oof,1,phishing,1,phishing,0.996056,0.003944,True,TP,3,1,1,1,-1,-1,1,1,-1,-1,1
3545,12241782814786,train_oof,0,legitimate,0,legitimate,0.02385,0.97615,True,TN,1,1,-1,1,1,0,1,-1,1,-1,-1
3546,186910165330597,train_oof,0,legitimate,0,legitimate,0.040323,0.959677,True,TN,2,1,-1,1,-1,1,1,-1,1,1,-1
3547,83525070164108,train_oof,0,legitimate,0,legitimate,0.163043,0.836957,True,TN,3,1,-1,1,-1,-1,1,1,1,0,-1
3548,94829230874367,train_oof,1,phishing,1,phishing,0.998561,0.001439,True,TP,1,-1,-1,-1,-1,0,1,-1,-1,1,-1
3549,48940030672183,train_oof,1,phishing,1,phishing,0.99362,0.00638,True,TP,1,1,1,1,-1,0,1,1,-1,0,1
3550,97452065506474,train_oof,0,legitimate,0,legitimate,0.214115,0.785885,True,TN,5,1,-1,1,-1,1,1,1,0,0,-1
3552,7138127195689,train_oof,1,phishing,1,phishing,0.996933,0.003067,True,TP,5,1,-1,1,-1,-1,-1,-1,-1,0,-1
3553,228510068276497,train_oof,1,phishing,1,phishing,0.998101,0.001899,True,TP,4,1,-1,1,-1,-1,1,-1,-1,0,-1
3554,200619610125355,train_oof,0,legitimate,0,legitimate,0.408108,0.591892,True,TN,3,1,-1,1,-1,0,1,-1,0,0,-1
3555,222307423625670,train_oof,0,legitimate,0,legitimate,0.071643,0.928357,True,TN,5,-1,-1,-1,-1,0,1,-1,1,0,-1
3556,248229250498873,train_oof,0,legitimate,0,legitimate,0.006297,0.993703,True,TN,3,1,1,1,-1,1,-1,1,1,0,1
3558,103489205510352,train_oof,0,legitimate,0,legitimate,0.200293,0.799707,True,TN,3,1,1,1,-1,-1,1,1,0,1,1
3559,248444435556250,train_oof,0,legitimate,0,legitimate,0.236957,0.763043,True,TN,1,-1,1,-1,-1,1,1,1,0,-1,1
3560,255787317833017,train_oof,0,legitimate,0,legitimate,0.035202,0.964798,True,TN,4,1,-1,1,1,-1,1,1,0,-1,-1
3561,58523818423634,train_oof,1,phishing,1,phishing,0.643159,0.356841,True,TP,2,1,-1,1,-1,0,1,1,0,-1,-1
3562,53674420710861,train_oof,1,phishing,1,phishing,0.977643,0.022357,True,TP,4,1,0,-1,-1,-1,1,-1,-1,0,-1
3563,196789478935609,train_oof,1,phishing,1,phishing,0.987001,0.012999,True,TP,2,1,-1,1,-1,0,1,1,-1,1,-1
3564,122355779445913,train_oof,0,legitimate,0,legitimate,0.106775,0.893225,True,TN,2,1,-1,1,-1,0,-1,-1,1,1,-1
3565,116582565465556,train_oof,0,legitimate,0,legitimate,0.15142,0.84858,True,TN,1,1,-1,1,-1,1,1,1,0,0,-1
3567,1517643756241,train_oof,0,legitimate,0,legitimate,0.00939,0.99061,True,TN,2,1,-1,1,1,-1,1,-1,0,1,-1
3569,214621055579283,train_oof,1,phishing,1,phishing,0.996958,0.003042,True,TP,1,-1,-1,-1,-1,-1,-1,-1,-1,1,-1
3570,202141804945351,train_oof,0,legitimate,0,legitimate,0.014219,0.985781,True,TN,5,-1,1,-1,1,0,1,1,1,1,1
3572,145650159033731,train_oof,0,legitimate,0,legitimate,0.132798,0.867202,True,TN,3,1,-1,1,-1,0,1,1,0,1,-1
3573,70108853955761,train_oof,1,phishing,1,phishing,0.998101,0.001899,True,TP,4,1,-1,1,-1,-1,1,-1,-1,0,-1
3574,32964344373214,train_oof,0,legitimate,0,legitimate,0.181297,0.818703,True,TN,4,1,-1,1,-1,1,1,1,1,-1,-1
3575,217065374200705,train_oof,1,phishing,1,phishing,0.994679,0.005321,True,TP,2,1,-1,1,-1,0,1,1,-1,0,-1
3576,57214635973808,train_oof,1,phishing,0,legitimate,0.306088,0.693912,False,FN,5,1,1,1,-1,0,1,-1,0,-1,1
3577,181266645426917,train_oof,0,legitimate,0,legitimate,0.035705,0.964295,True,TN,3,1,1,1,-1,-1,1,1,1,1,1
3578,128403021020134,train_oof,0,legitimate,0,legitimate,0.00096,0.99904,True,TN,1,1,-1,1,1,-1,1,1,1,1,-1
3579,1959149834071,train_oof,0,legitimate,0,legitimate,0.068166,0.931834,True,TN,2,1,-1,1,-1,0,1,1,1,0,-1
3580,43241488349087,train_oof,1,phishing,1,phishing,0.994679,0.005321,True,TP,2,1,-1,1,-1,0,1,1,-1,0,-1
3581,194299903384107,train_oof,1,phishing,1,phishing,0.99805,0.00195,True,TP,4,1,-1,1,-1,0,1,-1,-1,0,-1
3582,88371872064270,train_oof,1,phishing,1,phishing,0.99805,0.00195,True,TP,4,1,-1,1,-1,0,1,-1,-1,0,-1
3583,139224429948755,train_oof,0,legitimate,1,phishing,0.708167,0.291833,False,FP,2,1,-1,1,-1,-1,1,-1,1,-1,-1
3584,136747399509746,train_oof,1,phishing,0,legitimate,0.432337,0.567663,False,FN,4,1,-1,1,-1,1,1,1,0,-1,-1
3586,180962699415046,train_oof,1,phishing,1,phishing,0.86264,0.13736,True,TP,3,1,0,1,-1,-1,1,-1,0,-1,-1
3587,222272817729771,train_oof,0,legitimate,1,phishing,0.53712,0.46288,False,FP,1,1,-1,1,-1,-1,1,1,0,0,-1
3588,273134098491637,train_oof,1,phishing,1,phishing,0.990084,0.009916,True,TP,2,1,-1,1,-1,0,-1,-1,-1,1,-1
3589,231076322216005,train_oof,0,legitimate,0,legitimate,0.308932,0.691068,True,TN,2,1,-1,1,-1,0,1,-1,0,1,-1
3590,194299903384107,train_oof,1,phishing,1,phishing,0.99805,0.00195,True,TP,4,1,-1,1,-1,0,1,-1,-1,0,-1
3591,87667459162774,train_oof,0,legitimate,0,legitimate,0.376627,0.623373,True,TN,2,1,-1,1,-1,1,-1,-1,0,1,-1
3593,110627662283974,train_oof,1,phishing,0,legitimate,0.057323,0.942677,False,FN,1,1,1,1,-1,-1,-1,1,0,1,1
3594,129686357395745,train_oof,1,phishing,0,legitimate,0.325018,0.674982,False,FN,2,1,-1,1,-1,0,1,1,0,0,-1
3596,83736678123633,train_oof,1,phishing,1,phishing,0.99514,0.00486,True,TP,4,-1,-1,-1,-1,0,1,-1,-1,1,-1
3597,122625589881527,train_oof,0,legitimate,0,legitimate,0.125671,0.874329,True,TN,5,-1,1,-1,-1,-1,1,1,1,-1,1
3598,219069423189233,train_oof,1,phishing,1,phishing,0.996678,0.003322,True,TP,3,1,-1,1,-1,0,1,-1,-1,0,-1
3599,119146015806087,train_oof,0,legitimate,0,legitimate,0.065492,0.934508,True,TN,4,1,1,1,-1,0,1,1,0,1,1
3600,250974203773430,train_oof,0,legitimate,0,legitimate,0.042817,0.957183,True,TN,4,1,1,1,-1,1,-1,-1,0,0,1
3601,266541084150763,train_oof,0,legitimate,0,legitimate,0.195054,0.804946,True,TN,4,1,-1,1,-1,1,1,-1,0,0,-1
3603,95532913603964,train_oof,1,phishing,1,phishing,0.995079,0.004921,True,TP,3,1,-1,1,-1,0,-1,1,-1,0,-1
3604,170058238826251,train_oof,0,legitimate,0,legitimate,0.115175,0.884825,True,TN,3,-1,1,-1,-1,-1,1,1,1,-1,1
3605,174399983231027,train_oof,0,legitimate,0,legitimate,0.000187,0.999813,True,TN,1,-1,-1,-1,1,1,1,1,1,0,-1
3607,64769748565186,train_oof,0,legitimate,0,legitimate,0.270682,0.729318,True,TN,3,1,-1,1,-1,1,1,1,0,1,-1
3608,56271702278165,train_oof,0,legitimate,1,phishing,0.992696,0.007304,False,FP,2,1,-1,1,-1,-1,1,1,-1,0,-1
3609,115859944656981,train_oof,0,legitimate,0,legitimate,0.016353,0.983647,True,TN,3,1,1,1,1,1,-1,-1,0,-1,1
3610,251817802180651,train_oof,0,legitimate,0,legitimate,0.432337,0.567663,True,TN,4,1,-1,1,-1,1,1,1,0,-1,-1
3611,108478080781258,train_oof,1,phishing,1,phishing,0.991215,0.008785,True,TP,4,1,-1,1,-1,-1,-1,1,-1,0,-1
3612,32436960238556,train_oof,1,phishing,0,legitimate,0.464662,0.535338,False,FN,3,1,-1,1,-1,-1,1,1,0,0,-1
3613,251817802180651,train_oof,0,legitimate,0,legitimate,0.432337,0.567663,True,TN,4,1,-1,1,-1,1,1,1,0,-1,-1
3614,185651824966135,train_oof,1,phishing,1,phishing,0.997934,0.002066,True,TP,4,1,-1,1,-1,0,1,1,-1,-1,-1
3615,272456750246572,train_oof,0,legitimate,0,legitimate,0.206913,0.793087,True,TN,2,1,-1,1,-1,1,1,1,0,1,-1
3617,147109559068708,train_oof,1,phishing,1,phishing,0.997934,0.002066,True,TP,4,1,-1,1,-1,0,1,1,-1,-1,-1
3618,241664081968522,train_oof,0,legitimate,0,legitimate,0.025693,0.974307,True,TN,2,1,-1,1,-1,-1,1,1,1,1,-1
3619,222272817729771,train_oof,0,legitimate,1,phishing,0.53712,0.46288,False,FP,1,1,-1,1,-1,-1,1,1,0,0,-1
3621,268536650730771,train_oof,1,phishing,1,phishing,0.99805,0.00195,True,TP,4,1,-1,1,-1,0,1,-1,-1,0,-1
3622,78974087167683,train_oof,1,phishing,1,phishing,0.971387,0.028613,True,TP,5,1,-1,1,-1,-1,-1,1,-1,0,-1
3623,260407473919436,train_oof,0,legitimate,0,legitimate,0.003003,0.996997,True,TN,4,1,-1,1,-1,1,1,1,1,1,-1
3624,44816242066725,train_oof,1,phishing,0,legitimate,0.024683,0.975317,False,FN,5,1,1,1,-1,-1,1,1,0,0,1
3625,25658884321558,train_oof,1,phishing,1,phishing,0.989023,0.010977,True,TP,2,1,1,1,-1,0,1,1,-1,-1,1
3626,47752498411571,train_oof,0,legitimate,0,legitimate,0.194154,0.805846,True,TN,2,-1,-1,-1,-1,1,1,1,0,-1,-1
3627,234031656444700,train_oof,0,legitimate,0,legitimate,0.00046,0.99954,True,TN,1,1,-1,1,1,0,1,1,1,1,-1
3628,70831380501083,train_oof,0,legitimate,0,legitimate,0.129123,0.870877,True,TN,2,1,-1,1,-1,1,-1,1,1,-1,-1
3629,239746971741568,train_oof,0,legitimate,0,legitimate,0.068591,0.931409,True,TN,1,-1,-1,-1,-1,-1,1,1,0,1,-1
3630,101165813005840,train_oof,1,phishing,1,phishing,0.652162,0.347838,True,TP,1,1,-1,1,-1,0,1,-1,0,-1,-1
3631,101326155824494,train_oof,1,phishing,1,phishing,0.655341,0.344659,True,TP,2,1,-1,1,-1,-1,1,1,0,-1,-1
3632,163209228781784,train_oof,1,phishing,1,phishing,0.643159,0.356841,True,TP,2,1,-1,1,-1,0,1,1,0,-1,-1
3633,222480587422789,train_oof,1,phishing,1,phishing,0.997934,0.002066,True,TP,4,1,-1,1,-1,0,1,1,-1,-1,-1
3634,166758717978990,train_oof,0,legitimate,0,legitimate,0.179851,0.820149,True,TN,3,1,-1,1,-1,-1,-1,1,1,-1,-1
3635,261564116137749,train_oof,1,phishing,1,phishing,0.996426,0.003574,True,TP,3,1,1,1,-1,0,1,1,-1,0,1
3637,150421207667596,train_oof,0,legitimate,0,legitimate,0.001396,0.998604,True,TN,3,-1,-1,-1,1,-1,1,1,1,1,-1
3640,64769748565186,train_oof,0,legitimate,0,legitimate,0.270682,0.729318,True,TN,3,1,-1,1,-1,1,1,1,0,1,-1
3641,125710956175943,train_oof,1,phishing,1,phishing,0.997219,0.002781,True,TP,1,1,-1,1,-1,0,1,-1,-1,-1,-1
3642,24872384442963,train_oof,0,legitimate,1,phishing,0.529606,0.470394,False,FP,4,1,-1,1,-1,-1,1,-1,0,0,-1
3645,252834041299982,train_oof,0,legitimate,0,legitimate,0.317478,0.682522,True,TN,5,1,1,1,-1,1,1,1,0,1,1
3646,278977419029372,train_oof,1,phishing,1,phishing,0.521058,0.478942,True,TP,1,1,-1,1,-1,-1,1,-1,0,0,-1
3647,229671045595384,train_oof,1,phishing,1,phishing,0.999106,0.000894,True,TP,5,1,-1,1,-1,0,1,-1,-1,-1,-1
3648,184703783240912,train_oof,0,legitimate,0,legitimate,0.054324,0.945676,True,TN,1,1,1,1,-1,0,1,1,1,1,1
3649,189939738968231,train_oof,1,phishing,0,legitimate,0.222805,0.777195,False,FN,1,1,-1,1,-1,-1,-1,1,0,-1,-1
3650,261873513217492,train_oof,0,legitimate,0,legitimate,0.068096,0.931904,True,TN,5,-1,-1,-1,-1,0,1,1,0,0,-1
3652,217715725801712,train_oof,0,legitimate,0,legitimate,0.010844,0.989156,True,TN,1,1,1,1,1,1,1,1,0,1,1
3653,89271786372353,train_oof,1,phishing,1,phishing,0.997441,0.002559,True,TP,5,1,-1,1,-1,0,1,1,-1,-1,-1
3654,64630692778559,train_oof,0,legitimate,0,legitimate,0.167392,0.832608,True,TN,1,1,-1,1,-1,1,1,-1,0,1,-1
3655,163600880901516,train_oof,1,phishing,1,phishing,0.95989,0.04011,True,TP,4,1,-1,1,-1,1,1,-1,-1,1,-1
3658,64411570125516,train_oof,0,legitimate,0,legitimate,0.003709,0.996291,True,TN,3,-1,-1,-1,1,0,1,1,0,0,-1
3659,108032215942148,train_oof,0,legitimate,0,legitimate,0.06482,0.93518,True,TN,2,1,1,1,-1,0,1,1,0,0,1
3660,152533549313916,train_oof,0,legitimate,0,legitimate,0.068591,0.931409,True,TN,1,-1,-1,-1,-1,-1,1,1,0,1,-1
3661,100833278914739,train_oof,0,legitimate,0,legitimate,0.214115,0.785885,True,TN,5,1,-1,1,-1,1,1,1,0,0,-1
3662,143832247397184,train_oof,1,phishing,1,phishing,0.997441,0.002559,True,TP,5,1,-1,1,-1,0,1,1,-1,-1,-1
3663,142793911949868,train_oof,1,phishing,1,phishing,0.655341,0.344659,True,TP,2,1,-1,1,-1,-1,1,1,0,-1,-1
3664,212950618882581,train_oof,0,legitimate,0,legitimate,0.247261,0.752739,True,TN,1,-1,-1,-1,-1,1,1,1,0,-1,-1
3665,272744919790221,train_oof,0,legitimate,0,legitimate,0.016626,0.983374,True,TN,3,1,-1,1,1,0,1,1,1,-1,-1
3666,143219247161069,train_oof,0,legitimate,0,legitimate,0.327907,0.672093,True,TN,3,1,-1,1,-1,1,1,-1,0,1,-1
3667,186620934792476,train_oof,1,phishing,1,phishing,0.995747,0.004253,True,TP,4,1,-1,1,-1,0,1,-1,-1,1,-1
3668,222495266229423,train_oof,1,phishing,1,phishing,0.9992,0.0008,True,TP,3,1,-1,1,-1,-1,1,-1,-1,-1,-1
3669,68856380544828,train_oof,1,phishing,1,phishing,0.992375,0.007625,True,TP,4,1,-1,1,-1,0,1,1,-1,0,-1
3670,13477133043633,train_oof,0,legitimate,0,legitimate,0.294377,0.705623,True,TN,3,1,-1,1,-1,-1,-1,1,0,-1,-1
3671,224180390217346,train_oof,0,legitimate,1,phishing,0.701071,0.298929,False,FP,4,1,-1,1,-1,0,1,1,0,-1,-1
3672,70778526749387,train_oof,0,legitimate,0,legitimate,0.339,0.661,True,TN,5,1,1,1,-1,-1,-1,1,0,1,1
3673,185468573243165,train_oof,0,legitimate,0,legitimate,0.460925,0.539075,True,TN,3,1,-1,1,-1,1,1,1,0,-1,-1
3674,176844110686213,train_oof,1,phishing,1,phishing,0.999076,0.000924,True,TP,2,1,-1,1,-1,-1,1,-1,-1,0,-1
3675,116582565465556,train_oof,0,legitimate,0,legitimate,0.15142,0.84858,True,TN,1,1,-1,1,-1,1,1,1,0,0,-1
3676,263107841049376,train_oof,1,phishing,1,phishing,0.800515,0.199485,True,TP,3,1,-1,1,-1,-1,1,-1,0,-1,-1
3678,250826961103615,train_oof,1,phishing,1,phishing,0.995176,0.004824,True,TP,2,1,1,1,-1,-1,1,1,-1,-1,1
3680,228708606274816,train_oof,0,legitimate,1,phishing,0.53712,0.46288,False,FP,1,1,-1,1,-1,-1,1,1,0,0,-1
3681,142229725061025,train_oof,0,legitimate,0,legitimate,0.064782,0.935218,True,TN,4,1,-1,1,-1,0,1,1,1,0,-1
3682,199154403119161,train_oof,1,phishing,1,phishing,0.992696,0.007304,True,TP,2,1,-1,1,-1,-1,1,1,-1,0,-1
3685,50719105844156,train_oof,1,phishing,1,phishing,0.999577,0.000423,True,TP,2,1,-1,1,-1,-1,1,-1,-1,-1,-1
3686,214582424330024,train_oof,1,phishing,1,phishing,0.678846,0.321154,True,TP,5,1,-1,1,-1,-1,1,1,0,-1,-1
3687,75824278975318,train_oof,0,legitimate,0,legitimate,0.291892,0.708108,True,TN,3,1,-1,1,-1,1,-1,-1,0,0,-1
3688,192718619091663,train_oof,0,legitimate,0,legitimate,0.066857,0.933143,True,TN,5,1,1,1,-1,1,1,1,0,0,1
3689,232272285756265,train_oof,0,legitimate,0,legitimate,0.298335,0.701665,True,TN,4,1,-1,1,-1,0,1,-1,0,1,-1
3691,85506858040510,train_oof,1,phishing,0,legitimate,0.451383,0.548617,False,FN,4,1,-1,1,-1,-1,1,1,0,0,-1
3693,91906988439531,train_oof,0,legitimate,0,legitimate,0.067013,0.932987,True,TN,2,-1,-1,-1,-1,-1,1,1,0,1,-1
3694,270850416085685,train_oof,0,legitimate,0,legitimate,0.451383,0.548617,True,TN,4,1,-1,1,-1,-1,1,1,0,0,-1
3695,221505906371501,train_oof,1,phishing,1,phishing,0.800515,0.199485,True,TP,3,1,-1,1,-1,-1,1,-1,0,-1,-1
3697,200278661738560,train_oof,1,phishing,0,legitimate,0.15142,0.84858,False,FN,1,1,-1,1,-1,1,1,1,0,0,-1
3698,85506858040510,train_oof,1,phishing,0,legitimate,0.451383,0.548617,False,FN,4,1,-1,1,-1,-1,1,1,0,0,-1
3699,37782357329742,train_oof,1,phishing,1,phishing,0.997219,0.002781,True,TP,1,1,-1,1,-1,0,1,-1,-1,-1,-1
3700,251666274357008,train_oof,0,legitimate,0,legitimate,0.408108,0.591892,True,TN,3,1,-1,1,-1,0,1,-1,0,0,-1
3701,8468206900988,train_oof,1,phishing,0,legitimate,0.464662,0.535338,False,FN,3,1,-1,1,-1,-1,1,1,0,0,-1
3702,198996420511980,train_oof,1,phishing,1,phishing,0.53712,0.46288,True,TP,1,1,-1,1,-1,-1,1,1,0,0,-1
3703,75824278975318,train_oof,0,legitimate,0,legitimate,0.291892,0.708108,True,TN,3,1,-1,1,-1,1,-1,-1,0,0,-1
3704,28068960881990,train_oof,1,phishing,1,phishing,0.998041,0.001959,True,TP,3,1,-1,1,-1,-1,-1,-1,-1,-1,-1
3705,90111128579822,train_oof,0,legitimate,0,legitimate,0.00166,0.99834,True,TN,2,-1,-1,-1,1,-1,1,1,0,0,-1
3706,5263842482901,train_oof,1,phishing,1,phishing,0.996426,0.003574,True,TP,3,1,1,1,-1,0,1,1,-1,0,1
3707,104909662282998,train_oof,0,legitimate,0,legitimate,0.188709,0.811291,True,TN,2,1,1,1,-1,-1,1,1,0,1,1
3708,102568264356578,train_oof,1,phishing,1,phishing,0.998504,0.001496,True,TP,2,1,-1,1,-1,0,-1,-1,-1,0,-1
3709,144822043679456,train_oof,1,phishing,1,phishing,0.98539,0.01461,True,TP,3,1,1,1,-1,-1,1,-1,-1,0,1
3711,58982141861075,train_oof,1,phishing,1,phishing,0.993078,0.006922,True,TP,5,1,1,1,-1,0,1,1,-1,0,1
3713,153096349271423,train_oof,0,legitimate,0,legitimate,0.098923,0.901077,True,TN,4,1,-1,1,-1,-1,-1,-1,1,1,-1
3715,122278746220759,train_oof,1,phishing,1,phishing,0.996426,0.003574,True,TP,3,1,1,1,-1,0,1,1,-1,0,1
3717,108037895748955,train_oof,0,legitimate,0,legitimate,0.000141,0.999859,True,TN,1,1,-1,1,1,1,1,-1,1,1,-1
3719,259547730602575,train_oof,1,phishing,0,legitimate,0.43634,0.56366,False,FN,5,1,-1,1,-1,0,-1,-1,0,0,-1
3721,208270047326683,train_oof,0,legitimate,0,legitimate,0.309924,0.690076,True,TN,5,-1,-1,-1,-1,0,1,-1,1,-1,-1
3722,75322369492628,train_oof,0,legitimate,0,legitimate,0.010146,0.989854,True,TN,3,1,1,1,1,0,1,1,1,0,1
3723,19390089239551,train_oof,1,phishing,1,phishing,0.998677,0.001323,True,TP,5,-1,-1,-1,-1,0,-1,-1,-1,1,-1
3724,264075998778572,train_oof,0,legitimate,0,legitimate,0.005213,0.994787,True,TN,1,1,1,1,1,-1,1,1,0,0,1
3725,1614351818847,train_oof,0,legitimate,0,legitimate,0.008311,0.991689,True,TN,4,-1,-1,-1,1,1,1,1,0,-1,-1
3727,199783706340085,train_oof,0,legitimate,0,legitimate,0.072743,0.927257,True,TN,5,1,-1,1,-1,-1,-1,1,0,1,-1
3728,42929273379283,train_oof,1,phishing,1,phishing,0.993757,0.006243,True,TP,2,1,-1,1,-1,0,-1,1,-1,0,-1
3729,221722426697998,train_oof,0,legitimate,0,legitimate,0.047123,0.952877,True,TN,3,1,-1,1,-1,0,1,1,1,0,-1
3730,222272817729771,train_oof,0,legitimate,1,phishing,0.53712,0.46288,False,FP,1,1,-1,1,-1,-1,1,1,0,0,-1
3731,3168803743420,train_oof,0,legitimate,1,phishing,0.503784,0.496216,False,FP,1,1,-1,1,-1,-1,-1,1,0,0,-1
3733,271011808123246,train_oof,1,phishing,1,phishing,0.976247,0.023753,True,TP,4,-1,-1,-1,-1,0,1,1,-1,1,-1
3734,192718619091663,train_oof,0,legitimate,0,legitimate,0.066857,0.933143,True,TN,5,1,1,1,-1,1,1,1,0,0,1
3735,139677636957343,train_oof,1,phishing,1,phishing,0.996691,0.003309,True,TP,2,1,-1,1,-1,0,1,-1,-1,1,-1
3736,266495152245320,train_oof,1,phishing,0,legitimate,0.451409,0.548591,False,FN,2,1,-1,1,-1,-1,1,1,0,0,-1
3737,258007234101555,train_oof,0,legitimate,0,legitimate,0.228118,0.771882,True,TN,5,-1,-1,-1,-1,-1,1,1,0,-1,-1
3738,42070409657910,train_oof,0,legitimate,0,legitimate,0.010113,0.989887,True,TN,5,1,1,1,-1,1,-1,1,0,0,1
3739,272926256143095,train_oof,0,legitimate,0,legitimate,0.014484,0.985516,True,TN,3,1,-1,1,1,1,-1,1,0,0,-1
3740,33845766860066,train_oof,1,phishing,1,phishing,0.667275,0.332725,True,TP,5,1,0,1,-1,-1,1,1,0,-1,-1
3741,190322432519263,train_oof,1,phishing,1,phishing,0.98539,0.01461,True,TP,3,1,1,1,-1,-1,1,-1,-1,0,1
3742,165491335644701,train_oof,0,legitimate,0,legitimate,0.059242,0.940758,True,TN,5,1,1,1,-1,0,-1,1,0,0,1
3743,146631278110708,train_oof,1,phishing,1,phishing,0.99841,0.00159,True,TP,3,1,-1,1,-1,-1,1,-1,-1,0,-1
3745,187904362767209,train_oof,1,phishing,1,phishing,0.825405,0.174595,True,TP,2,1,-1,1,-1,-1,1,-1,0,-1,-1
3746,48956573182950,train_oof,0,legitimate,0,legitimate,0.005011,0.994989,True,TN,5,1,-1,1,1,0,1,1,0,0,-1
3749,106112546748125,train_oof,1,phishing,1,phishing,0.971209,0.028791,True,TP,2,-1,-1,-1,-1,-1,-1,1,-1,1,-1
3750,252231055613484,train_oof,0,legitimate,0,legitimate,0.025071,0.974929,True,TN,3,1,1,1,-1,1,1,1,1,-1,1
3751,186435466641691,train_oof,0,legitimate,0,legitimate,0.069522,0.930478,True,TN,1,-1,-1,-1,-1,1,1,-1,0,1,-1
3752,81076016000307,train_oof,0,legitimate,0,legitimate,0.179128,0.820872,True,TN,5,1,-1,1,-1,1,-1,1,0,-1,-1
3753,214603409049640,train_oof,1,phishing,1,phishing,0.521058,0.478942,True,TP,1,1,-1,1,-1,-1,1,-1,0,0,-1
3754,153179241409783,train_oof,1,phishing,1,phishing,0.99514,0.00486,True,TP,4,-1,-1,-1,-1,0,1,-1,-1,1,-1
3755,157661531831514,train_oof,0,legitimate,0,legitimate,0.054594,0.945406,True,TN,5,1,1,1,-1,-1,-1,1,0,-1,1
3756,277356241865071,train_oof,0,legitimate,0,legitimate,0.466414,0.533586,True,TN,1,1,-1,1,-1,1,1,1,0,-1,-1
3757,17040981443169,train_oof,0,legitimate,0,legitimate,0.007763,0.992237,True,TN,5,1,-1,1,-1,1,-1,1,1,1,-1
3758,8206431665567,train_oof,0,legitimate,0,legitimate,0.287736,0.712264,True,TN,3,-1,-1,-1,-1,0,1,1,0,-1,-1
3759,218322822672287,train_oof,0,legitimate,1,phishing,0.53712,0.46288,False,FP,1,1,-1,1,-1,-1,1,1,0,0,-1
3760,186861174159482,train_oof,0,legitimate,0,legitimate,0.053634,0.946366,True,TN,2,1,1,1,-1,1,1,1,0,-1,1
3761,185971254411394,train_oof,0,legitimate,0,legitimate,0.326518,0.673482,True,TN,1,1,1,1,1,-1,1,1,-1,0,1
3764,111665459761913,train_oof,0,legitimate,0,legitimate,0.272261,0.727739,True,TN,3,1,1,1,-1,-1,-1,1,0,1,1
3765,252231055613484,train_oof,0,legitimate,0,legitimate,0.025071,0.974929,True,TN,3,1,1,1,-1,1,1,1,1,-1,1
3766,173056376330550,train_oof,0,legitimate,0,legitimate,0.28966,0.71034,True,TN,5,1,1,1,-1,-1,1,1,0,1,1
3768,222231400045279,train_oof,1,phishing,0,legitimate,0.114067,0.885933,False,FN,1,1,-1,1,-1,1,1,-1,0,0,-1
3769,32964344373214,train_oof,0,legitimate,0,legitimate,0.181297,0.818703,True,TN,4,1,-1,1,-1,1,1,1,1,-1,-1
3770,175559418176850,train_oof,1,phishing,1,phishing,0.994679,0.005321,True,TP,2,1,-1,1,-1,0,1,1,-1,0,-1
3771,174564137772509,train_oof,0,legitimate,0,legitimate,0.034703,0.965297,True,TN,1,1,1,1,-1,1,-1,1,0,1,1
3772,238127588546557,train_oof,1,phishing,1,phishing,0.758443,0.241557,True,TP,1,1,-1,1,-1,-1,1,1,0,-1,-1
3773,169146699453686,train_oof,0,legitimate,0,legitimate,0.025279,0.974721,True,TN,4,-1,-1,-1,-1,-1,1,1,1,1,-1
3774,258491705696598,train_oof,1,phishing,1,phishing,0.822009,0.177991,True,TP,5,1,-1,1,-1,-1,1,-1,0,-1,-1
3775,217589197595329,train_oof,0,legitimate,0,legitimate,0.460925,0.539075,True,TN,3,1,-1,1,-1,1,1,1,0,-1,-1
3777,56245142814942,train_oof,0,legitimate,0,legitimate,0.212628,0.787372,True,TN,4,1,-1,1,-1,1,1,1,0,0,-1
3778,44326346147861,train_oof,1,phishing,1,phishing,0.822009,0.177991,True,TP,5,1,-1,1,-1,-1,1,-1,0,-1,-1
3779,196763938333333,train_oof,1,phishing,0,legitimate,0.400457,0.599543,False,FN,5,1,-1,1,-1,1,1,1,0,-1,-1
3780,202967051954628,train_oof,1,phishing,1,phishing,0.978443,0.021557,True,TP,4,1,1,1,-1,0,1,-1,-1,-1,1
3781,74868415533195,train_oof,1,phishing,0,legitimate,0.195778,0.804222,False,FN,4,1,-1,1,-1,1,1,1,0,1,-1
3782,124674292273686,train_oof,0,legitimate,1,phishing,0.673601,0.326399,False,FP,4,1,-1,1,-1,0,1,-1,0,-1,-1
3783,136888791896894,train_oof,0,legitimate,1,phishing,0.799991,0.200009,False,FP,1,1,-1,1,-1,-1,1,-1,0,-1,-1
3784,197777286803053,train_oof,1,phishing,0,legitimate,0.329106,0.670894,False,FN,3,1,-1,1,-1,-1,1,1,1,-1,-1
3785,138591097460696,train_oof,1,phishing,1,phishing,0.988756,0.011244,True,TP,1,1,-1,1,-1,-1,1,1,-1,-1,-1
3786,31230462872797,train_oof,1,phishing,1,phishing,0.99841,0.00159,True,TP,3,1,-1,1,-1,-1,1,-1,-1,0,-1
3787,248030670852848,train_oof,1,phishing,1,phishing,0.578337,0.421663,True,TP,4,1,-1,1,-1,1,1,-1,0,-1,-1
3788,256537953938070,train_oof,0,legitimate,1,phishing,0.669292,0.330708,False,FP,3,1,-1,1,-1,1,1,-1,0,-1,-1
3789,186045323122063,train_oof,0,legitimate,1,phishing,0.724541,0.275459,False,FP,3,1,-1,1,-1,-1,1,1,0,-1,-1
3790,269784362356651,train_oof,1,phishing,1,phishing,0.948149,0.051851,True,TP,1,1,1,1,-1,0,1,1,-1,1,1
3791,210998461425762,train_oof,1,phishing,1,phishing,0.989554,0.010446,True,TP,5,1,1,1,-1,0,1,-1,-1,0,1
3792,228229847278552,train_oof,1,phishing,1,phishing,0.997358,0.002642,True,TP,3,1,-1,1,-1,0,1,-1,-1,1,-1
3793,196612421058686,train_oof,1,phishing,1,phishing,0.986591,0.013409,True,TP,5,1,-1,1,-1,-1,1,1,-1,-1,-1
3794,186620934792476,train_oof,1,phishing,1,phishing,0.995747,0.004253,True,TP,4,1,-1,1,-1,0,1,-1,-1,1,-1
3795,36389520962394,train_oof,1,phishing,1,phishing,0.991641,0.008359,True,TP,5,1,1,1,-1,-1,1,1,-1,-1,1
3796,95673833443583,train_oof,0,legitimate,1,phishing,0.586441,0.413559,False,FP,2,1,-1,1,-1,-1,1,-1,0,0,-1
3797,113947877294331,train_oof,0,legitimate,0,legitimate,0.031536,0.968464,True,TN,4,1,1,1,-1,-1,1,1,1,1,1
3799,98428652545029,train_oof,1,phishing,1,phishing,0.983385,0.016615,True,TP,1,1,-1,1,-1,0,1,1,-1,1,-1
3801,232529294890573,train_oof,1,phishing,1,phishing,0.941787,0.058213,True,TP,1,1,-1,1,-1,-1,1,1,-1,0,-1
3803,221505906371501,train_oof,1,phishing,1,phishing,0.800515,0.199485,True,TP,3,1,-1,1,-1,-1,1,-1,0,-1,-1
3804,202630186214207,train_oof,1,phishing,1,phishing,0.99884,0.00116,True,TP,5,1,-1,1,-1,-1,1,-1,-1,-1,-1
3805,268569774023478,train_oof,0,legitimate,0,legitimate,0.107353,0.892647,True,TN,3,1,-1,1,-1,-1,1,-1,1,1,-1
3806,13752893331115,train_oof,0,legitimate,0,legitimate,0.30068,0.69932,True,TN,3,1,-1,1,-1,-1,1,-1,0,1,-1
3807,69489358559440,train_oof,0,legitimate,0,legitimate,0.260852,0.739148,True,TN,2,1,1,1,-1,0,1,1,0,-1,1
3808,276061931044441,train_oof,1,phishing,1,phishing,0.99884,0.00116,True,TP,5,1,-1,1,-1,-1,1,-1,-1,-1,-1
3809,6689709813858,train_oof,0,legitimate,0,legitimate,0.210332,0.789668,True,TN,4,1,1,1,-1,-1,1,1,0,0,1
3810,227259056211402,train_oof,1,phishing,1,phishing,0.995772,0.004228,True,TP,2,-1,-1,-1,-1,0,1,-1,-1,1,-1
3812,43610472424657,train_oof,1,phishing,1,phishing,0.997046,0.002954,True,TP,1,1,-1,1,-1,0,1,1,-1,-1,-1
3813,102186962375732,train_oof,0,legitimate,0,legitimate,1.9e-05,0.999981,True,TN,4,1,-1,1,1,1,1,1,1,0,-1
3814,61303896417291,train_oof,1,phishing,1,phishing,0.521213,0.478787,True,TP,1,1,-1,1,-1,-1,-1,-1,0,0,-1
3815,90417401487512,train_oof,1,phishing,0,legitimate,0.487318,0.512682,False,FN,5,1,-1,1,-1,-1,1,1,0,0,-1
3816,1485319163661,train_oof,1,phishing,1,phishing,0.999312,0.000688,True,TP,4,1,-1,1,-1,-1,1,-1,-1,-1,-1
3817,213097884165775,train_oof,0,legitimate,0,legitimate,0.016626,0.983374,True,TN,3,1,-1,1,1,0,1,1,1,-1,-1
3818,217231340510817,train_oof,0,legitimate,0,legitimate,0.214115,0.785885,True,TN,5,1,-1,1,-1,1,1,1,0,0,-1
3819,254880285272584,train_oof,0,legitimate,0,legitimate,0.305893,0.694107,True,TN,4,1,-1,1,-1,0,1,1,0,0,-1
3820,1959149834071,train_oof,0,legitimate,0,legitimate,0.068166,0.931834,True,TN,2,1,-1,1,-1,0,1,1,1,0,-1
3821,164996709247405,train_oof,1,phishing,1,phishing,0.61656,0.38344,True,TP,2,1,-1,1,-1,0,1,-1,0,-1,-1
3824,25855553627920,train_oof,0,legitimate,0,legitimate,0.0,1.0,True,TN,2,1,-1,1,1,1,1,1,1,0,-1
3825,107419401141531,train_oof,0,legitimate,0,legitimate,0.056098,0.943902,True,TN,5,1,-1,1,-1,0,1,1,1,0,-1
3826,233580160170953,train_oof,1,phishing,1,phishing,0.758443,0.241557,True,TP,1,1,-1,1,-1,-1,1,1,0,-1,-1
3827,252415280405169,train_oof,1,phishing,1,phishing,0.991399,0.008601,True,TP,2,1,-1,1,-1,0,-1,-1,-1,-1,-1
3828,115194727539728,train_oof,0,legitimate,0,legitimate,0.040878,0.959122,True,TN,3,1,1,1,-1,0,1,1,0,0,1
3829,186910165330597,train_oof,0,legitimate,0,legitimate,0.040323,0.959677,True,TN,2,1,-1,1,-1,1,1,-1,1,1,-1
3830,167859454710571,train_oof,0,legitimate,1,phishing,0.711065,0.288935,False,FP,3,1,-1,1,-1,0,1,1,0,-1,-1
3831,165022614842712,train_oof,0,legitimate,0,legitimate,0.29386,0.70614,True,TN,3,1,-1,1,-1,0,1,-1,0,1,-1
3832,104945829210262,train_oof,1,phishing,1,phishing,0.993672,0.006328,True,TP,5,1,-1,1,-1,0,-1,-1,-1,-1,-1
3833,9083692190648,train_oof,1,phishing,1,phishing,0.800886,0.199114,True,TP,4,1,-1,1,-1,-1,1,-1,0,-1,-1
3834,158982660602944,train_oof,0,legitimate,0,legitimate,0.021368,0.978632,True,TN,2,1,-1,1,-1,1,1,-1,1,0,-1
3835,200623586712928,train_oof,1,phishing,1,phishing,0.995079,0.004921,True,TP,3,1,-1,1,-1,0,-1,1,-1,0,-1
3837,84420696279330,train_oof,1,phishing,1,phishing,0.684331,0.315669,True,TP,5,1,-1,1,-1,0,1,1,0,-1,-1
3838,149052674588072,train_oof,1,phishing,0,legitimate,0.232883,0.767117,False,FN,2,1,-1,1,-1,-1,-1,1,0,-1,-1
3839,82829069492669,train_oof,1,phishing,1,phishing,0.912514,0.087486,True,TP,2,1,-1,1,-1,0,-1,1,-1,1,-1
3841,191982607517428,train_oof,0,legitimate,0,legitimate,0.001687,0.998313,True,TN,3,1,-1,1,1,1,1,1,0,0,-1
3842,250474221580460,train_oof,0,legitimate,0,legitimate,0.181297,0.818703,True,TN,4,1,-1,1,-1,1,1,1,1,-1,-1
3843,109536511313286,train_oof,0,legitimate,0,legitimate,0.021904,0.978096,True,TN,1,1,1,1,-1,1,-1,-1,0,0,1
3844,108037895748955,train_oof,0,legitimate,0,legitimate,0.000141,0.999859,True,TN,1,1,-1,1,1,1,1,-1,1,1,-1
3845,233982030932326,train_oof,0,legitimate,0,legitimate,0.142437,0.857563,True,TN,1,1,-1,1,-1,1,-1,1,0,1,-1
3846,112715933182545,train_oof,0,legitimate,0,legitimate,0.123082,0.876918,True,TN,4,1,1,1,-1,0,1,1,0,-1,1
3849,48210565761704,train_oof,0,legitimate,0,legitimate,0.024683,0.975317,True,TN,5,1,1,1,-1,-1,1,1,0,0,1
3850,139153126512731,train_oof,1,phishing,1,phishing,0.994115,0.005885,True,TP,3,1,1,1,-1,0,1,-1,-1,0,1
3851,266902090232703,train_oof,0,legitimate,0,legitimate,0.029672,0.970328,True,TN,5,1,-1,1,-1,1,-1,-1,1,0,-1
3852,192030699329388,train_oof,1,phishing,1,phishing,0.825405,0.174595,True,TP,2,1,-1,1,-1,-1,1,-1,0,-1,-1
3853,234744068489839,train_oof,0,legitimate,0,legitimate,0.118059,0.881941,True,TN,5,1,-1,1,-1,0,1,1,0,1,-1
3854,261873513217492,train_oof,0,legitimate,0,legitimate,0.068096,0.931904,True,TN,5,-1,-1,-1,-1,0,1,1,0,0,-1
3855,107070148611143,train_oof,1,phishing,1,phishing,0.979519,0.020481,True,TP,1,-1,-1,-1,-1,0,1,1,-1,1,-1
3856,1485319163661,train_oof,1,phishing,1,phishing,0.999312,0.000688,True,TP,4,1,-1,1,-1,-1,1,-1,-1,-1,-1
3857,115415907743960,train_oof,1,phishing,1,phishing,0.719882,0.280118,True,TP,4,1,-1,1,-1,-1,1,1,0,-1,-1
3858,177272809563329,train_oof,1,phishing,1,phishing,0.998963,0.001037,True,TP,3,1,-1,1,-1,0,-1,-1,-1,0,-1
3859,214282809549405,train_oof,0,legitimate,0,legitimate,0.179693,0.820307,True,TN,1,1,-1,1,-1,1,-1,1,0,-1,-1
3861,25589422353485,train_oof,1,phishing,1,phishing,0.99742,0.00258,True,TP,3,1,-1,1,-1,0,1,1,-1,0,-1
3862,44646305209202,train_oof,0,legitimate,0,legitimate,0.030936,0.969064,True,TN,1,-1,-1,-1,-1,0,1,1,1,0,-1
3863,193469953377112,train_oof,0,legitimate,0,legitimate,0.140293,0.859707,True,TN,4,1,-1,1,-1,-1,-1,-1,1,0,-1
3864,165263776214960,train_oof,0,legitimate,0,legitimate,0.081553,0.918447,True,TN,2,1,-1,1,-1,0,1,1,0,1,-1
3865,231076322216005,train_oof,0,legitimate,0,legitimate,0.308932,0.691068,True,TN,2,1,-1,1,-1,0,1,-1,0,1,-1
3866,38009916879747,train_oof,1,phishing,1,phishing,0.988756,0.011244,True,TP,1,1,-1,1,-1,-1,1,1,-1,-1,-1
3867,10296154248340,train_oof,0,legitimate,0,legitimate,0.432345,0.567655,True,TN,5,1,-1,1,-1,0,1,-1,0,0,-1
3868,12557397934636,train_oof,1,phishing,1,phishing,0.578337,0.421663,True,TP,4,1,-1,1,-1,1,1,-1,0,-1,-1
3869,203672290790506,train_oof,0,legitimate,0,legitimate,0.002486,0.997514,True,TN,1,1,-1,1,1,-1,-1,1,1,1,-1
3870,27286377176769,train_oof,1,phishing,1,phishing,0.92482,0.07518,True,TP,3,1,1,1,-1,-1,-1,1,-1,-1,1
3873,225099854684787,train_oof,1,phishing,1,phishing,0.997133,0.002867,True,TP,1,1,-1,1,-1,-1,1,-1,-1,0,-1
3874,116307050891363,train_oof,0,legitimate,0,legitimate,0.031013,0.968987,True,TN,5,1,-1,1,-1,1,1,-1,1,0,-1
3875,211139788896495,train_oof,0,legitimate,0,legitimate,0.014604,0.985396,True,TN,1,1,-1,1,-1,1,1,-1,1,0,-1
3876,101326155824494,train_oof,1,phishing,1,phishing,0.655341,0.344659,True,TP,2,1,-1,1,-1,-1,1,1,0,-1,-1
3877,222272817729771,train_oof,0,legitimate,1,phishing,0.53712,0.46288,False,FP,1,1,-1,1,-1,-1,1,1,0,0,-1
3878,121562673911892,train_oof,1,phishing,1,phishing,0.825405,0.174595,True,TP,2,1,-1,1,-1,-1,1,-1,0,-1,-1
3879,234031656444700,train_oof,0,legitimate,0,legitimate,0.00046,0.99954,True,TN,1,1,-1,1,1,0,1,1,1,1,-1
3880,76352098298221,train_oof,1,phishing,1,phishing,0.997441,0.002559,True,TP,5,1,-1,1,-1,0,1,1,-1,-1,-1
3881,146401866297111,train_oof,0,legitimate,0,legitimate,0.003363,0.996637,True,TN,3,1,-1,1,1,-1,-1,-1,1,0,-1
3882,4901170859628,train_oof,1,phishing,1,phishing,0.949703,0.050297,True,TP,4,1,-1,1,-1,-1,1,1,-1,0,-1
3884,43154037696435,train_oof,0,legitimate,0,legitimate,0.081553,0.918447,True,TN,2,1,-1,1,-1,0,1,1,0,1,-1
3885,221722426697998,train_oof,0,legitimate,0,legitimate,0.047123,0.952877,True,TN,3,1,-1,1,-1,0,1,1,1,0,-1
3886,130602857891890,train_oof,0,legitimate,0,legitimate,0.008824,0.991176,True,TN,1,1,1,1,1,0,1,1,1,-1,1
3887,100606933957636,train_oof,0,legitimate,0,legitimate,0.308932,0.691068,True,TN,2,1,-1,1,-1,0,1,-1,0,1,-1
3889,278546548538116,train_oof,0,legitimate,0,legitimate,0.374259,0.625741,True,TN,5,1,-1,1,-1,-1,1,-1,0,1,-1
3891,249626650184614,train_oof,1,phishing,1,phishing,0.956615,0.043385,True,TP,1,1,1,1,-1,-1,-1,1,-1,0,1
3892,52236739903081,train_oof,0,legitimate,0,legitimate,0.009893,0.990107,True,TN,5,1,-1,1,-1,1,1,1,1,0,-1
3893,44222143274929,train_oof,0,legitimate,0,legitimate,0.078806,0.921194,True,TN,4,1,-1,1,-1,1,-1,1,0,-1,-1
3894,35440756677324,train_oof,0,legitimate,0,legitimate,0.001992,0.998008,True,TN,1,1,-1,1,1,-1,1,-1,1,1,-1
3895,110212544814866,train_oof,0,legitimate,0,legitimate,0.200547,0.799453,True,TN,5,-1,1,-1,-1,0,1,1,0,0,1
3896,83980150083953,train_oof,0,legitimate,0,legitimate,3.2e-05,0.999968,True,TN,1,1,-1,1,1,1,1,-1,1,0,-1
3898,246097524390705,train_oof,1,phishing,1,phishing,0.987913,0.012087,True,TP,4,1,-1,1,-1,1,1,-1,-1,-1,-1
3899,249738814519212,train_oof,0,legitimate,0,legitimate,0.182922,0.817078,True,TN,5,1,-1,1,-1,-1,1,1,0,1,-1
3900,240066286381312,train_oof,1,phishing,1,phishing,0.993389,0.006611,True,TP,2,1,-1,1,-1,1,1,-1,-1,0,-1
3901,232151202383544,train_oof,0,legitimate,0,legitimate,0.122581,0.877419,True,TN,3,1,-1,1,-1,0,-1,1,0,1,-1
3902,164926817965871,train_oof,0,legitimate,0,legitimate,0.214115,0.785885,True,TN,5,1,-1,1,-1,1,1,1,0,0,-1
3904,276282171262812,train_oof,0,legitimate,0,legitimate,0.347088,0.652912,True,TN,1,1,-1,1,-1,0,1,-1,0,0,-1
3905,233668607714781,train_oof,0,legitimate,0,legitimate,0.159467,0.840533,True,TN,1,1,-1,1,-1,-1,1,1,0,1,-1
3906,280116223591381,train_oof,1,phishing,1,phishing,0.967021,0.032979,True,TP,3,-1,-1,-1,-1,-1,-1,1,-1,1,-1
3907,214603409049640,train_oof,1,phishing,1,phishing,0.521058,0.478942,True,TP,1,1,-1,1,-1,-1,1,-1,0,0,-1
3908,36389520962394,train_oof,1,phishing,1,phishing,0.991641,0.008359,True,TP,5,1,1,1,-1,-1,1,1,-1,-1,1
3909,119453430723436,train_oof,0,legitimate,0,legitimate,0.031466,0.968534,True,TN,5,1,-1,1,-1,1,1,-1,1,1,-1
3911,11118332588827,train_oof,0,legitimate,0,legitimate,0.004801,0.995199,True,TN,1,1,-1,1,-1,1,1,1,1,0,-1
3912,7518966795966,train_oof,0,legitimate,0,legitimate,0.131675,0.868325,True,TN,1,1,-1,1,-1,1,-1,1,1,-1,-1
3914,222272817729771,train_oof,0,legitimate,1,phishing,0.53712,0.46288,False,FP,1,1,-1,1,-1,-1,1,1,0,0,-1
3915,67003908841534,train_oof,1,phishing,0,legitimate,0.13588,0.86412,False,FN,2,-1,1,-1,-1,1,1,1,0,0,1
3917,38353729549476,train_oof,0,legitimate,0,legitimate,0.139007,0.860993,True,TN,2,1,-1,1,-1,-1,1,-1,1,1,-1
3918,202630186214207,train_oof,1,phishing,1,phishing,0.99884,0.00116,True,TP,5,1,-1,1,-1,-1,1,-1,-1,-1,-1
3919,232119811623410,train_oof,0,legitimate,0,legitimate,0.034513,0.965487,True,TN,4,-1,-1,-1,-1,-1,1,1,0,0,-1
3922,142229725061025,train_oof,0,legitimate,0,legitimate,0.064782,0.935218,True,TN,4,1,-1,1,-1,0,1,1,1,0,-1
3924,87988586582472,train_oof,1,phishing,1,phishing,0.678846,0.321154,True,TP,5,1,-1,1,-1,-1,1,1,0,-1,-1
3925,180763682981620,train_oof,0,legitimate,0,legitimate,0.006308,0.993692,True,TN,2,1,1,1,1,-1,1,1,0,0,1
3927,67883959209338,train_oof,0,legitimate,0,legitimate,0.006433,0.993567,True,TN,3,1,-1,1,1,-1,1,1,0,0,-1
3928,190562178869987,train_oof,1,phishing,1,phishing,0.991114,0.008886,True,TP,4,1,-1,1,-1,-1,1,1,-1,-1,-1
3929,222979113447144,train_oof,1,phishing,1,phishing,0.993588,0.006412,True,TP,2,1,1,1,-1,0,1,1,-1,0,1
3930,46444385670026,train_oof,0,legitimate,0,legitimate,0.000942,0.999058,True,TN,5,-1,-1,-1,1,1,1,1,0,0,-1
3931,240415336868951,train_oof,0,legitimate,0,legitimate,0.008533,0.991467,True,TN,5,1,-1,1,1,-1,1,1,0,1,-1
3933,169604495178844,train_oof,1,phishing,0,legitimate,0.487318,0.512682,False,FN,5,1,-1,1,-1,-1,1,1,0,0,-1
3934,175484913084751,train_oof,1,phishing,0,legitimate,0.451409,0.548591,False,FN,2,1,-1,1,-1,-1,1,1,0,0,-1
3936,27280603199551,train_oof,0,legitimate,0,legitimate,0.195778,0.804222,True,TN,4,1,-1,1,-1,1,1,1,0,1,-1
3937,98758163743672,train_oof,1,phishing,1,phishing,0.959508,0.040492,True,TP,3,1,-1,-1,-1,0,1,-1,-1,0,-1
3938,74744138150230,train_oof,1,phishing,1,phishing,0.981476,0.018524,True,TP,5,1,1,1,-1,-1,1,-1,-1,0,1
3939,268569774023478,train_oof,0,legitimate,0,legitimate,0.107353,0.892647,True,TN,3,1,-1,1,-1,-1,1,-1,1,1,-1
3940,266455335518017,train_oof,1,phishing,1,phishing,0.76924,0.23076,True,TP,4,1,-1,1,-1,-1,1,-1,1,-1,-1
3942,35125030605682,train_oof,1,phishing,1,phishing,0.945702,0.054298,True,TP,3,1,-1,1,-1,-1,1,1,-1,0,-1
3943,222794886806536,train_oof,1,phishing,1,phishing,0.991114,0.008886,True,TP,4,1,-1,1,-1,-1,1,1,-1,-1,-1
3944,107841614409967,train_oof,1,phishing,1,phishing,0.948728,0.051272,True,TP,1,1,-1,1,-1,-1,-1,-1,-1,1,-1
3946,194129346837835,train_oof,0,legitimate,0,legitimate,0.487318,0.512682,True,TN,5,1,-1,1,-1,-1,1,1,0,0,-1
3947,240444112548604,train_oof,0,legitimate,0,legitimate,0.252304,0.747696,True,TN,2,1,-1,1,-1,1,1,-1,0,0,-1
3948,237403709922775,train_oof,0,legitimate,0,legitimate,0.298335,0.701665,True,TN,4,1,-1,1,-1,0,1,-1,0,1,-1
3951,117210197118854,train_oof,0,legitimate,0,legitimate,0.128086,0.871914,True,TN,4,1,-1,1,-1,0,1,-1,1,0,-1
3952,43652933248808,train_oof,1,phishing,1,phishing,0.825405,0.174595,True,TP,2,1,-1,1,-1,-1,1,-1,0,-1,-1
3953,137717328835846,train_oof,0,legitimate,0,legitimate,0.021955,0.978045,True,TN,2,1,1,1,1,0,1,1,0,-1,1
3956,279588259688271,train_oof,0,legitimate,0,legitimate,0.128086,0.871914,True,TN,4,1,-1,1,-1,0,1,-1,1,0,-1
3957,151555222549883,train_oof,0,legitimate,0,legitimate,0.046783,0.953217,True,TN,2,-1,-1,-1,-1,-1,1,1,1,0,-1
3959,205067003915294,train_oof,0,legitimate,0,legitimate,0.042799,0.957201,True,TN,4,1,-1,1,-1,-1,1,1,1,1,-1
3960,38746463355755,train_oof,0,legitimate,0,legitimate,0.334029,0.665971,True,TN,5,1,-1,1,-1,0,-1,1,1,-1,-1
3961,242199617333000,train_oof,1,phishing,0,legitimate,0.406399,0.593601,False,FN,2,1,-1,1,-1,0,1,-1,0,0,-1
3962,21925958258849,train_oof,1,phishing,1,phishing,0.991114,0.008886,True,TP,4,1,-1,1,-1,-1,1,1,-1,-1,-1
3963,186045323122063,train_oof,1,phishing,1,phishing,0.724541,0.275459,True,TP,3,1,-1,1,-1,-1,1,1,0,-1,-1
3964,212294320413410,train_oof,1,phishing,1,phishing,0.999106,0.000894,True,TP,5,1,-1,1,-1,0,1,-1,-1,-1,-1
3965,217399072242031,train_oof,0,legitimate,0,legitimate,0.102252,0.897748,True,TN,3,1,1,1,-1,-1,1,1,1,0,1
3966,199154403119161,train_oof,1,phishing,1,phishing,0.992696,0.007304,True,TP,2,1,-1,1,-1,-1,1,1,-1,0,-1
3968,9908587013651,train_oof,0,legitimate,0,legitimate,0.027017,0.972983,True,TN,4,1,-1,1,-1,0,1,1,1,1,-1
3969,118060287098649,train_oof,0,legitimate,0,legitimate,0.034513,0.965487,True,TN,4,-1,-1,-1,-1,-1,1,1,0,0,-1
3970,17328452149405,train_oof,1,phishing,1,phishing,0.997383,0.002617,True,TP,1,1,-1,1,-1,-1,-1,-1,-1,0,-1
3971,176804669310155,train_oof,0,legitimate,0,legitimate,0.043853,0.956147,True,TN,1,1,-1,1,1,-1,-1,-1,1,-1,-1
3972,244888873369033,train_oof,1,phishing,0,legitimate,0.451383,0.548617,False,FN,4,1,-1,1,-1,-1,1,1,0,0,-1
3973,152942378284343,train_oof,1,phishing,1,phishing,0.990932,0.009068,True,TP,1,1,1,1,-1,0,1,-1,-1,0,1
3975,225959453503298,train_oof,1,phishing,1,phishing,0.99742,0.00258,True,TP,3,1,-1,1,-1,0,1,1,-1,0,-1
3976,171621789019397,train_oof,1,phishing,0,legitimate,0.078806,0.921194,False,FN,4,1,-1,1,-1,1,-1,1,0,-1,-1
3977,217065374200705,train_oof,1,phishing,1,phishing,0.994679,0.005321,True,TP,2,1,-1,1,-1,0,1,1,-1,0,-1
3978,267708739679478,train_oof,1,phishing,1,phishing,0.991215,0.008785,True,TP,4,1,-1,1,-1,-1,-1,1,-1,0,-1
3979,276592674381227,train_oof,1,phishing,1,phishing,0.993757,0.006243,True,TP,2,1,-1,1,-1,0,-1,1,-1,0,-1
3980,121692642171571,train_oof,1,phishing,1,phishing,0.994679,0.005321,True,TP,2,1,-1,1,-1,0,1,1,-1,0,-1
3981,8468206900988,train_oof,1,phishing,0,legitimate,0.464662,0.535338,False,FN,3,1,-1,1,-1,-1,1,1,0,0,-1
3982,13222331037414,train_oof,0,legitimate,1,phishing,0.589537,0.410463,False,FP,3,1,-1,1,-1,-1,1,-1,0,0,-1
3983,107785853517292,train_oof,0,legitimate,0,legitimate,0.007619,0.992381,True,TN,4,1,-1,1,-1,1,-1,1,1,1,-1
3984,19030167655009,train_oof,0,legitimate,1,phishing,0.521058,0.478942,False,FP,1,1,-1,1,-1,-1,1,-1,0,0,-1
3985,141784193886446,train_oof,0,legitimate,0,legitimate,0.112593,0.887407,True,TN,5,1,-1,1,-1,-1,-1,-1,1,1,-1
3986,52236739903081,train_oof,0,legitimate,0,legitimate,0.009893,0.990107,True,TN,5,1,-1,1,-1,1,1,1,1,0,-1
3987,35900190501729,train_oof,1,phishing,1,phishing,0.967021,0.032979,True,TP,3,-1,-1,-1,-1,-1,-1,1,-1,1,-1
3988,105025210938251,train_oof,0,legitimate,0,legitimate,0.252304,0.747696,True,TN,2,1,-1,1,-1,1,1,-1,0,0,-1
3989,37996813649198,train_oof,1,phishing,0,legitimate,0.347088,0.652912,False,FN,1,1,-1,1,-1,0,1,-1,0,0,-1
3990,229700921371289,train_oof,0,legitimate,0,legitimate,0.232883,0.767117,True,TN,2,1,-1,1,-1,-1,-1,1,0,-1,-1
3991,33632479643440,train_oof,0,legitimate,0,legitimate,0.244798,0.755202,True,TN,3,1,-1,1,-1,1,1,1,0,0,-1
3992,112151821906301,train_oof,1,phishing,1,phishing,0.987913,0.012087,True,TP,4,1,-1,1,-1,1,1,-1,-1,-1,-1
3993,244296496732059,train_oof,0,legitimate,0,legitimate,0.448565,0.551435,True,TN,4,1,-1,1,-1,-1,1,1,1,-1,-1
3994,204046494344779,train_oof,0,legitimate,0,legitimate,0.339473,0.660527,True,TN,4,-1,-1,-1,-1,-1,1,-1,0,-1,-1
3996,257713174398257,train_oof,0,legitimate,0,legitimate,0.432345,0.567655,True,TN,5,1,-1,1,-1,0,1,-1,0,0,-1
3997,67461609543235,train_oof,1,phishing,1,phishing,0.984931,0.015069,True,TP,2,-1,-1,-1,-1,-1,1,-1,-1,1,-1
3998,271850315372555,train_oof,0,legitimate,0,legitimate,0.078682,0.921318,True,TN,3,1,1,1,-1,0,-1,1,1,-1,1
3999,81895790572070,train_oof,1,phishing,1,phishing,0.993912,0.006088,True,TP,1,1,1,1,-1,-1,1,1,-1,-1,1
4000,251536668777840,train_oof,0,legitimate,0,legitimate,0.261025,0.738975,True,TN,4,-1,1,-1,-1,-1,1,1,0,-1,1
4001,148994908120250,train_oof,1,phishing,0,legitimate,0.188709,0.811291,False,FN,2,1,1,1,-1,-1,1,1,0,1,1
4002,138547214328790,train_oof,0,legitimate,0,legitimate,0.214115,0.785885,True,TN,5,1,-1,1,-1,1,1,1,0,0,-1
4005,48731106886064,train_oof,1,phishing,1,phishing,0.995707,0.004293,True,TP,1,1,-1,1,-1,0,1,-1,-1,0,-1
4006,273138543164537,train_oof,0,legitimate,0,legitimate,0.004413,0.995587,True,TN,2,1,-1,1,-1,1,1,1,1,1,-1
4007,250815004271621,train_oof,1,phishing,1,phishing,0.997219,0.002781,True,TP,1,1,-1,1,-1,0,1,-1,-1,-1,-1
4008,89674738769751,train_oof,1,phishing,1,phishing,0.998101,0.001899,True,TP,4,1,-1,1,-1,-1,1,-1,-1,0,-1
4009,267802931647167,train_oof,1,phishing,0,legitimate,0.186836,0.813164,False,FN,1,1,-1,1,-1,1,1,1,0,1,-1
4011,229705184100203,train_oof,1,phishing,1,phishing,0.825405,0.174595,True,TP,2,1,-1,1,-1,-1,1,-1,0,-1,-1
4012,199154403119161,train_oof,1,phishing,1,phishing,0.992696,0.007304,True,TP,2,1,-1,1,-1,-1,1,1,-1,0,-1
4013,76301897762719,train_oof,1,phishing,1,phishing,0.999106,0.000894,True,TP,5,1,-1,1,-1,0,1,-1,-1,-1,-1
4014,118224134829055,train_oof,1,phishing,1,phishing,0.800886,0.199114,True,TP,4,1,-1,1,-1,-1,1,-1,0,-1,-1
4016,76301897762719,train_oof,1,phishing,1,phishing,0.999106,0.000894,True,TP,5,1,-1,1,-1,0,1,-1,-1,-1,-1
4017,26377662789777,train_oof,1,phishing,1,phishing,0.998694,0.001306,True,TP,2,1,-1,1,-1,0,1,-1,-1,0,-1
4018,234744068489839,train_oof,0,legitimate,0,legitimate,0.118059,0.881941,True,TN,5,1,-1,1,-1,0,1,1,0,1,-1
4019,200278661738560,train_oof,0,legitimate,0,legitimate,0.15142,0.84858,True,TN,1,1,-1,1,-1,1,1,1,0,0,-1
4020,214281045635454,train_oof,0,legitimate,0,legitimate,0.054975,0.945025,True,TN,1,-1,1,-1,1,0,1,1,0,-1,1
4021,112148860133530,train_oof,1,phishing,1,phishing,0.995273,0.004727,True,TP,1,1,-1,1,-1,0,1,-1,-1,1,-1
4022,47123246727076,train_oof,0,legitimate,0,legitimate,0.464662,0.535338,True,TN,3,1,-1,1,-1,-1,1,1,0,0,-1
4024,58001944461148,train_oof,1,phishing,1,phishing,0.996231,0.003769,True,TP,4,1,-1,1,-1,-1,-1,-1,-1,-1,-1
4025,231320072857168,train_oof,1,phishing,1,phishing,0.9992,0.0008,True,TP,3,1,-1,1,-1,-1,1,-1,-1,-1,-1
4028,129180224065365,train_oof,1,phishing,1,phishing,0.997925,0.002075,True,TP,3,1,-1,1,-1,-1,-1,-1,-1,0,-1
4029,114607137612016,train_oof,1,phishing,1,phishing,0.99884,0.00116,True,TP,5,1,-1,1,-1,-1,1,-1,-1,-1,-1
4031,134940836017182,train_oof,1,phishing,0,legitimate,0.240924,0.759076,False,FN,4,1,-1,1,-1,-1,1,-1,0,1,-1
4032,42439965022889,train_oof,0,legitimate,0,legitimate,0.247261,0.752739,True,TN,1,-1,-1,-1,-1,1,1,1,0,-1,-1
4034,7271494302401,train_oof,1,phishing,1,phishing,0.996056,0.003944,True,TP,3,1,1,1,-1,-1,1,1,-1,-1,1
4036,193469953377112,train_oof,0,legitimate,0,legitimate,0.140293,0.859707,True,TN,4,1,-1,1,-1,-1,-1,-1,1,0,-1
4037,78971185916735,train_oof,0,legitimate,0,legitimate,0.174628,0.825372,True,TN,2,-1,-1,-1,-1,1,-1,-1,0,1,-1
4039,144007587859296,train_oof,1,phishing,1,phishing,0.999106,0.000894,True,TP,5,1,-1,1,-1,0,1,-1,-1,-1,-1
4040,80879581031071,train_oof,0,legitimate,0,legitimate,0.080368,0.919632,True,TN,4,1,0,-1,-1,1,1,1,0,0,-1
4041,78534136887757,train_oof,1,phishing,1,phishing,0.991877,0.008123,True,TP,3,1,-1,1,-1,0,-1,-1,-1,1,-1
4042,67040002664326,train_oof,1,phishing,1,phishing,0.825405,0.174595,True,TP,2,1,-1,1,-1,-1,1,-1,0,-1,-1
4043,178141775293162,train_oof,0,legitimate,0,legitimate,0.315505,0.684495,True,TN,4,1,-1,1,-1,0,-1,1,1,-1,-1
4046,230403195404786,train_oof,1,phishing,1,phishing,0.997393,0.002607,True,TP,2,1,-1,1,-1,0,1,1,-1,-1,-1
4047,186731591707396,train_oof,0,legitimate,0,legitimate,0.16727,0.83273,True,TN,4,1,-1,1,-1,-1,1,1,1,0,-1
4048,161148983626140,train_oof,1,phishing,0,legitimate,0.282543,0.717457,False,FN,4,1,-1,1,-1,-1,-1,1,0,0,-1
4049,168614137753802,train_oof,0,legitimate,0,legitimate,0.038138,0.961862,True,TN,2,-1,-1,-1,-1,-1,1,1,1,1,-1
4050,156584377116813,train_oof,0,legitimate,1,phishing,0.503784,0.496216,False,FP,1,1,-1,1,-1,-1,-1,1,0,0,-1
4051,145650159033731,train_oof,0,legitimate,0,legitimate,0.132798,0.867202,True,TN,3,1,-1,1,-1,0,1,1,0,1,-1
4052,205067003915294,train_oof,0,legitimate,0,legitimate,0.042799,0.957201,True,TN,4,1,-1,1,-1,-1,1,1,1,1,-1
4055,176331023360504,train_oof,1,phishing,1,phishing,0.986814,0.013186,True,TP,2,1,-1,1,-1,1,1,1,-1,0,-1
4056,209251685992967,train_oof,0,legitimate,0,legitimate,0.194416,0.805584,True,TN,2,1,-1,1,-1,-1,1,1,0,1,-1
4057,92020774662414,train_oof,0,legitimate,1,phishing,0.673601,0.326399,False,FP,4,1,-1,1,-1,0,1,-1,0,-1,-1
4058,15730385704622,train_oof,0,legitimate,0,legitimate,0.000743,0.999257,True,TN,1,1,-1,1,1,0,1,1,1,0,-1
4059,46207552233173,train_oof,1,phishing,0,legitimate,0.379817,0.620183,False,FN,2,1,-1,1,-1,1,1,1,0,-1,-1
4060,246516336997578,train_oof,0,legitimate,0,legitimate,0.005878,0.994122,True,TN,2,1,-1,1,1,-1,1,-1,1,0,-1
4061,192718619091663,train_oof,0,legitimate,0,legitimate,0.066857,0.933143,True,TN,5,1,1,1,-1,1,1,1,0,0,1
4064,100056541583851,train_oof,0,legitimate,0,legitimate,0.018032,0.981968,True,TN,1,1,1,1,1,0,1,1,0,-1,1
4065,217399072242031,train_oof,0,legitimate,0,legitimate,0.102252,0.897748,True,TN,3,1,1,1,-1,-1,1,1,1,0,1
4066,156926495586523,train_oof,0,legitimate,0,legitimate,0.010073,0.989927,True,TN,2,1,1,1,-1,1,-1,1,1,-1,1
4067,8206431665567,train_oof,0,legitimate,0,legitimate,0.287736,0.712264,True,TN,3,-1,-1,-1,-1,0,1,1,0,-1,-1
4068,222740213071151,train_oof,0,legitimate,0,legitimate,0.059296,0.940704,True,TN,5,-1,1,-1,1,1,1,1,0,1,1
4069,109463730511443,train_oof,0,legitimate,0,legitimate,0.069871,0.930129,True,TN,1,-1,1,-1,1,1,1,1,0,0,1
4070,190507561925625,train_oof,1,phishing,1,phishing,0.989554,0.010446,True,TP,5,1,1,1,-1,0,1,-1,-1,0,1
4071,248444435556250,train_oof,0,legitimate,0,legitimate,0.236957,0.763043,True,TN,1,-1,1,-1,-1,1,1,1,0,-1,1
4072,197080553592152,train_oof,1,phishing,1,phishing,0.997944,0.002056,True,TP,2,1,-1,1,-1,0,1,-1,-1,-1,-1
4073,235800724627269,train_oof,1,phishing,1,phishing,0.997925,0.002075,True,TP,3,1,-1,1,-1,-1,-1,-1,-1,0,-1
4074,232151202383544,train_oof,0,legitimate,0,legitimate,0.122581,0.877419,True,TN,3,1,-1,1,-1,0,-1,1,0,1,-1
4075,35604841829677,train_oof,0,legitimate,1,phishing,0.586441,0.413559,False,FP,2,1,-1,1,-1,-1,1,-1,0,0,-1
4076,134092340756279,train_oof,1,phishing,1,phishing,0.800886,0.199114,True,TP,4,1,-1,1,-1,-1,1,-1,0,-1,-1
4077,63759019724572,train_oof,1,phishing,1,phishing,0.799991,0.200009,True,TP,1,1,-1,1,-1,-1,1,-1,0,-1,-1
4078,54453415797105,train_oof,1,phishing,1,phishing,0.99718,0.00282,True,TP,4,1,-1,1,-1,0,-1,-1,-1,0,-1
4079,156328819672092,train_oof,0,legitimate,0,legitimate,0.195778,0.804222,True,TN,4,1,-1,1,-1,1,1,1,0,1,-1
4080,75588448750388,train_oof,1,phishing,1,phishing,0.684331,0.315669,True,TP,5,1,-1,1,-1,0,1,1,0,-1,-1
4081,160004865310625,train_oof,1,phishing,1,phishing,0.997005,0.002995,True,TP,3,-1,-1,-1,-1,0,1,-1,-1,1,-1
4082,228708606274816,train_oof,0,legitimate,1,phishing,0.53712,0.46288,False,FP,1,1,-1,1,-1,-1,1,1,0,0,-1
4083,327901679921,train_oof,0,legitimate,0,legitimate,0.194416,0.805584,True,TN,2,1,-1,1,-1,-1,1,1,0,1,-1
4084,267802931647167,train_oof,1,phishing,0,legitimate,0.186836,0.813164,False,FN,1,1,-1,1,-1,1,1,1,0,1,-1
4085,75487345195053,train_oof,1,phishing,1,phishing,0.992709,0.007291,True,TP,5,1,1,1,-1,0,1,1,-1,-1,1
4086,234894571640399,train_oof,0,legitimate,0,legitimate,0.156762,0.843238,True,TN,3,1,-1,1,-1,1,1,1,1,-1,-1
4087,265402243252434,train_oof,1,phishing,0,legitimate,0.043115,0.956885,False,FN,5,1,-1,1,-1,1,-1,1,0,0,-1
4088,276036175075662,train_oof,0,legitimate,1,phishing,0.643159,0.356841,False,FP,2,1,-1,1,-1,0,1,1,0,-1,-1
4089,124957366888746,train_oof,1,phishing,1,phishing,0.997358,0.002642,True,TP,3,1,-1,1,-1,0,1,-1,-1,1,-1
4090,85642381134640,train_oof,0,legitimate,0,legitimate,0.195885,0.804115,True,TN,3,1,-1,1,-1,0,-1,1,0,0,-1
4091,224180390217346,train_oof,1,phishing,1,phishing,0.701071,0.298929,True,TP,4,1,-1,1,-1,0,1,1,0,-1,-1
4092,25822714954200,train_oof,0,legitimate,1,phishing,0.800515,0.199485,False,FP,3,1,-1,1,-1,-1,1,-1,0,-1,-1
4093,221703479794310,train_oof,1,phishing,1,phishing,0.822009,0.177991,True,TP,5,1,-1,1,-1,-1,1,-1,0,-1,-1
4094,192248326658071,train_oof,1,phishing,1,phishing,0.708167,0.291833,True,TP,2,1,-1,1,-1,-1,1,-1,1,-1,-1
4095,159231538981787,train_oof,1,phishing,1,phishing,0.997219,0.002781,True,TP,1,1,-1,1,-1,0,1,-1,-1,-1,-1
4097,272028112656374,train_oof,0,legitimate,0,legitimate,0.232883,0.767117,True,TN,2,1,-1,1,-1,-1,-1,1,0,-1,-1
4098,177667563306617,train_oof,0,legitimate,0,legitimate,0.02261,0.97739,True,TN,2,1,-1,1,1,1,1,1,0,-1,-1
4099,160637372756690,train_oof,0,legitimate,0,legitimate,0.186836,0.813164,True,TN,1,1,-1,1,-1,1,1,1,0,1,-1
4101,37001099700747,train_oof,0,legitimate,0,legitimate,0.014604,0.985396,True,TN,1,1,-1,1,-1,1,1,-1,1,0,-1
4102,150538475276970,train_oof,0,legitimate,1,phishing,0.719882,0.280118,False,FP,4,1,-1,1,-1,-1,1,1,0,-1,-1
4104,261873513217492,train_oof,0,legitimate,0,legitimate,0.068096,0.931904,True,TN,5,-1,-1,-1,-1,0,1,1,0,0,-1
4105,231663563539923,train_oof,1,phishing,1,phishing,0.99776,0.00224,True,TP,1,1,-1,1,-1,-1,1,-1,-1,-1,-1
4106,94225656433130,train_oof,1,phishing,1,phishing,0.992375,0.007625,True,TP,4,1,-1,1,-1,0,1,1,-1,0,-1
4107,210302711468717,train_oof,0,legitimate,0,legitimate,0.005353,0.994647,True,TN,3,1,-1,1,-1,1,1,1,1,1,-1
4108,27280603199551,train_oof,0,legitimate,0,legitimate,0.195778,0.804222,True,TN,4,1,-1,1,-1,1,1,1,0,1,-1
4109,148538945942139,train_oof,0,legitimate,0,legitimate,0.19832,0.80168,True,TN,1,1,-1,1,-1,1,-1,-1,0,1,-1
4110,240600538468486,train_oof,0,legitimate,0,legitimate,0.004852,0.995148,True,TN,2,1,-1,1,1,-1,1,1,0,0,-1
4111,46175573290773,train_oof,0,legitimate,0,legitimate,0.005378,0.994622,True,TN,4,1,-1,1,1,0,1,1,0,0,-1
4112,205263102734088,train_oof,0,legitimate,0,legitimate,0.166122,0.833878,True,TN,5,1,-1,1,-1,0,-1,1,0,0,-1
4113,179338303422682,train_oof,1,phishing,1,phishing,0.997331,0.002669,True,TP,3,1,-1,1,-1,0,1,1,-1,-1,-1
4114,64411570125516,train_oof,0,legitimate,0,legitimate,0.003709,0.996291,True,TN,3,-1,-1,-1,1,0,1,1,0,0,-1
4115,161080226706529,train_oof,1,phishing,1,phishing,0.998963,0.001037,True,TP,3,1,-1,1,-1,0,-1,-1,-1,0,-1
4116,14213853612096,train_oof,0,legitimate,0,legitimate,0.225196,0.774804,True,TN,2,1,1,1,-1,-1,1,1,0,0,1
4117,137482524445062,train_oof,0,legitimate,0,legitimate,0.246374,0.753626,True,TN,2,-1,1,-1,-1,1,1,1,0,-1,1
4118,223516288499826,train_oof,0,legitimate,0,legitimate,0.062365,0.937635,True,TN,5,1,1,1,-1,0,-1,1,0,-1,1
4119,180763682981620,train_oof,0,legitimate,0,legitimate,0.006308,0.993692,True,TN,2,1,1,1,1,-1,1,1,0,0,1
4120,232930756335283,train_oof,0,legitimate,0,legitimate,0.379128,0.620872,True,TN,4,1,1,1,-1,0,1,-1,0,0,-1
4121,14472621759361,train_oof,0,legitimate,0,legitimate,0.000931,0.999069,True,TN,5,-1,-1,-1,1,1,1,1,1,1,-1
4122,115415907743960,train_oof,1,phishing,1,phishing,0.719882,0.280118,True,TP,4,1,-1,1,-1,-1,1,1,0,-1,-1
4123,119968496662048,train_oof,1,phishing,1,phishing,0.986591,0.013409,True,TP,5,1,-1,1,-1,-1,1,1,-1,-1,-1
4124,257521339169919,train_oof,0,legitimate,1,phishing,0.825405,0.174595,False,FP,2,1,-1,1,-1,-1,1,-1,0,-1,-1
4125,209966077121280,train_oof,1,phishing,1,phishing,0.999076,0.000924,True,TP,2,1,-1,1,-1,-1,1,-1,-1,0,-1
4126,218906408424373,train_oof,1,phishing,1,phishing,0.961959,0.038041,True,TP,5,1,1,1,-1,-1,-1,-1,-1,0,1
4127,84730890213714,train_oof,1,phishing,1,phishing,0.993588,0.006412,True,TP,2,1,1,1,-1,0,1,1,-1,0,1
4129,197663003313425,train_oof,0,legitimate,1,phishing,0.58005,0.41995,False,FP,1,1,-1,1,-1,1,1,-1,0,-1,-1
4130,239457194575655,train_oof,1,phishing,1,phishing,0.643159,0.356841,True,TP,2,1,-1,1,-1,0,1,1,0,-1,-1
4132,153614888057942,train_oof,0,legitimate,0,legitimate,0.009893,0.990107,True,TN,5,1,-1,1,-1,1,1,1,1,0,-1
4133,55511923658238,train_oof,0,legitimate,1,phishing,0.758443,0.241557,False,FP,1,1,-1,1,-1,-1,1,1,0,-1,-1
4135,223844303392620,train_oof,0,legitimate,0,legitimate,0.129578,0.870422,True,TN,2,1,-1,1,-1,-1,1,1,1,0,-1
4136,259914754708903,train_oof,1,phishing,1,phishing,0.529606,0.470394,True,TP,4,1,-1,1,-1,-1,1,-1,0,0,-1
4137,225138807947360,train_oof,1,phishing,1,phishing,0.995707,0.004293,True,TP,1,1,-1,1,-1,0,1,-1,-1,0,-1
4138,153758449237882,train_oof,0,legitimate,0,legitimate,0.034647,0.965353,True,TN,1,-1,-1,-1,-1,-1,1,1,1,1,-1
4139,84245138387193,train_oof,0,legitimate,1,phishing,0.719882,0.280118,False,FP,4,1,-1,1,-1,-1,1,1,0,-1,-1
4140,243496888620779,train_oof,0,legitimate,0,legitimate,0.06654,0.93346,True,TN,2,1,-1,1,-1,-1,-1,1,0,1,-1
4141,118060287098649,train_oof,0,legitimate,0,legitimate,0.034513,0.965487,True,TN,4,-1,-1,-1,-1,-1,1,1,0,0,-1
4142,156510597383357,train_oof,0,legitimate,0,legitimate,0.073905,0.926095,True,TN,3,-1,-1,-1,-1,1,1,-1,0,0,-1
4143,176804669310155,train_oof,0,legitimate,0,legitimate,0.043853,0.956147,True,TN,1,1,-1,1,1,-1,-1,-1,1,-1,-1
4144,222272817729771,train_oof,0,legitimate,1,phishing,0.53712,0.46288,False,FP,1,1,-1,1,-1,-1,1,1,0,0,-1
4145,103710942102591,train_oof,1,phishing,1,phishing,0.937638,0.062362,True,TP,3,-1,1,-1,-1,-1,1,1,-1,-1,1
4146,175221064269549,train_oof,1,phishing,0,legitimate,0.163043,0.836957,False,FN,3,1,-1,1,-1,-1,1,1,1,0,-1
4147,78770632770969,train_oof,1,phishing,1,phishing,0.998384,0.001616,True,TP,3,1,-1,1,-1,0,1,-1,-1,-1,-1
4148,78189109366261,train_oof,1,phishing,1,phishing,0.995047,0.004953,True,TP,4,-1,-1,-1,-1,-1,-1,-1,-1,1,-1
4151,36153617683680,train_oof,1,phishing,1,phishing,0.998101,0.001899,True,TP,4,1,-1,1,-1,-1,1,-1,-1,0,-1
4153,184007829377084,train_oof,0,legitimate,0,legitimate,0.378975,0.621025,True,TN,5,1,-1,1,-1,-1,-1,1,0,0,-1
4154,83414474732913,train_oof,1,phishing,1,phishing,0.800886,0.199114,True,TP,4,1,-1,1,-1,-1,1,-1,0,-1,-1
4158,166887571374981,train_oof,0,legitimate,0,legitimate,0.02478,0.97522,True,TN,5,1,-1,1,1,0,1,-1,0,0,-1
4160,260407473919436,train_oof,0,legitimate,0,legitimate,0.003003,0.996997,True,TN,4,1,-1,1,-1,1,1,1,1,1,-1
4161,145238212261053,train_oof,0,legitimate,0,legitimate,0.259419,0.740581,True,TN,3,1,-1,1,-1,1,1,-1,0,0,-1
4162,259547730602575,train_oof,1,phishing,0,legitimate,0.43634,0.56366,False,FN,5,1,-1,1,-1,0,-1,-1,0,0,-1
4163,72534428625729,train_oof,1,phishing,1,phishing,0.799991,0.200009,True,TP,1,1,-1,1,-1,-1,1,-1,0,-1,-1
4164,11358853330944,train_oof,0,legitimate,0,legitimate,0.235943,0.764057,True,TN,3,1,-1,1,-1,1,-1,1,0,-1,-1
4165,195336112706119,train_oof,1,phishing,1,phishing,0.988756,0.011244,True,TP,1,1,-1,1,-1,-1,1,1,-1,-1,-1
4166,24827799531734,train_oof,0,legitimate,0,legitimate,0.232429,0.767571,True,TN,2,1,-1,1,-1,1,1,1,0,0,-1
4168,84928280217011,train_oof,1,phishing,1,phishing,0.99776,0.00224,True,TP,1,1,-1,1,-1,-1,1,-1,-1,-1,-1
4169,128984299635317,train_oof,0,legitimate,0,legitimate,0.003847,0.996153,True,TN,1,1,-1,1,-1,1,1,1,1,1,-1
4170,70671831900937,train_oof,0,legitimate,0,legitimate,0.003235,0.996765,True,TN,3,1,1,1,1,-1,1,1,1,0,1
4171,159852319682241,train_oof,1,phishing,1,phishing,0.984136,0.015864,True,TP,3,1,1,1,-1,0,1,1,-1,-1,1
4172,83181608023828,train_oof,0,legitimate,0,legitimate,0.010109,0.989891,True,TN,2,1,-1,1,-1,1,1,1,1,0,-1
4173,128403021020134,train_oof,0,legitimate,0,legitimate,0.00096,0.99904,True,TN,1,1,-1,1,1,-1,1,1,1,1,-1
4174,104946660611927,train_oof,0,legitimate,0,legitimate,0.045424,0.954576,True,TN,3,1,-1,1,-1,1,-1,-1,1,0,-1
4175,67070144890196,train_oof,1,phishing,1,phishing,0.825405,0.174595,True,TP,2,1,-1,1,-1,-1,1,-1,0,-1,-1
4176,224671804295438,train_oof,1,phishing,1,phishing,0.99776,0.00224,True,TP,1,1,-1,1,-1,-1,1,-1,-1,-1,-1
4177,221373336095889,train_oof,0,legitimate,0,legitimate,0.195778,0.804222,True,TN,4,1,-1,1,-1,1,1,1,0,1,-1
4178,78189109366261,train_oof,1,phishing,1,phishing,0.995047,0.004953,True,TP,4,-1,-1,-1,-1,-1,-1,-1,-1,1,-1
4180,33840219290182,train_oof,1,phishing,1,phishing,0.995208,0.004792,True,TP,2,-1,-1,-1,-1,0,-1,1,-1,1,-1
4181,124266249656621,train_oof,0,legitimate,1,phishing,0.97487,0.02513,False,FP,4,1,-1,1,-1,-1,-1,1,-1,1,-1
4182,190322432519263,train_oof,1,phishing,1,phishing,0.98539,0.01461,True,TP,3,1,1,1,-1,-1,1,-1,-1,0,1
4183,260407473919436,train_oof,0,legitimate,0,legitimate,0.003003,0.996997,True,TN,4,1,-1,1,-1,1,1,1,1,1,-1
4184,74311926592741,train_oof,0,legitimate,0,legitimate,0.042799,0.957201,True,TN,4,1,-1,1,-1,-1,1,1,1,1,-1
4185,33339853157677,train_oof,0,legitimate,0,legitimate,0.20778,0.79222,True,TN,1,1,1,1,-1,-1,1,1,0,0,1
4188,194298599723355,train_oof,1,phishing,1,phishing,0.949001,0.050999,True,TP,1,1,1,-1,-1,1,1,1,-1,-1,-1
4189,14342887980963,train_oof,0,legitimate,0,legitimate,0.163043,0.836957,True,TN,3,1,-1,1,-1,-1,1,1,1,0,-1
4190,155545522680261,train_oof,0,legitimate,1,phishing,0.652162,0.347838,False,FP,1,1,-1,1,-1,0,1,-1,0,-1,-1
4191,145874862602990,train_oof,1,phishing,1,phishing,0.972381,0.027619,True,TP,2,1,1,1,-1,0,-1,1,-1,0,1
4193,128851850654365,train_oof,1,phishing,1,phishing,0.997146,0.002854,True,TP,5,1,-1,1,-1,0,1,-1,-1,0,-1
4194,204370707294556,train_oof,1,phishing,0,legitimate,0.311202,0.688798,False,FN,5,1,-1,-1,-1,1,1,1,0,-1,-1
4195,69558698965921,train_oof,0,legitimate,0,legitimate,0.466414,0.533586,True,TN,1,1,-1,1,-1,1,1,1,0,-1,-1
4196,192718619091663,train_oof,0,legitimate,0,legitimate,0.066857,0.933143,True,TN,5,1,1,1,-1,1,1,1,0,0,1
4198,83832579227651,train_oof,0,legitimate,0,legitimate,0.005613,0.994387,True,TN,3,1,1,1,-1,1,-1,1,0,0,1
4199,121424443441616,train_oof,0,legitimate,1,phishing,0.724541,0.275459,False,FP,3,1,-1,1,-1,-1,1,1,0,-1,-1
4200,271000665781881,train_oof,1,phishing,1,phishing,0.991215,0.008785,True,TP,4,1,-1,1,-1,-1,-1,1,-1,0,-1
4201,4291978214006,train_oof,0,legitimate,0,legitimate,0.003847,0.996153,True,TN,1,1,-1,1,-1,1,1,1,1,1,-1
4202,234796561965900,train_oof,0,legitimate,0,legitimate,0.232429,0.767571,True,TN,2,1,-1,1,-1,1,1,1,0,0,-1
4203,42075344519940,train_oof,1,phishing,1,phishing,0.992696,0.007304,True,TP,2,1,-1,1,-1,-1,1,1,-1,0,-1
4204,212747507502792,train_oof,1,phishing,1,phishing,0.995707,0.004293,True,TP,1,1,-1,1,-1,0,1,-1,-1,0,-1
4205,123118367124157,train_oof,1,phishing,1,phishing,0.991641,0.008359,True,TP,5,1,1,1,-1,-1,1,1,-1,-1,1
4207,111966057077015,train_oof,1,phishing,0,legitimate,0.305893,0.694107,False,FN,4,1,-1,1,-1,0,1,1,0,0,-1
4208,226910940325267,train_oof,0,legitimate,0,legitimate,0.308932,0.691068,True,TN,2,1,-1,1,-1,0,1,-1,0,1,-1
4209,222495266229423,train_oof,1,phishing,1,phishing,0.9992,0.0008,True,TP,3,1,-1,1,-1,-1,1,-1,-1,-1,-1
4210,259914754708903,train_oof,1,phishing,1,phishing,0.529606,0.470394,True,TP,4,1,-1,1,-1,-1,1,-1,0,0,-1
4211,12707841761248,train_oof,0,legitimate,0,legitimate,0.020069,0.979931,True,TN,4,1,-1,1,-1,1,1,-1,1,1,-1
4212,172511642557386,train_oof,0,legitimate,0,legitimate,0.070424,0.929576,True,TN,1,-1,-1,-1,-1,1,1,1,0,0,-1
4213,98239947165968,train_oof,0,legitimate,0,legitimate,0.05243,0.94757,True,TN,4,1,1,1,-1,1,1,1,1,1,1
4214,259156620150198,train_oof,1,phishing,1,phishing,0.723591,0.276409,True,TP,4,1,-1,1,-1,-1,-1,-1,0,-1,-1
4215,275596169157543,train_oof,0,legitimate,0,legitimate,0.325018,0.674982,True,TN,2,1,-1,1,-1,0,1,1,0,0,-1
4216,252370215111791,train_oof,1,phishing,1,phishing,0.995047,0.004953,True,TP,4,-1,-1,-1,-1,-1,-1,-1,-1,1,-1
4217,132834875050455,train_oof,1,phishing,1,phishing,0.99884,0.00116,True,TP,5,1,-1,1,-1,-1,1,-1,-1,-1,-1
4218,89439560763702,train_oof,1,phishing,1,phishing,0.980423,0.019577,True,TP,1,-1,1,-1,-1,0,-1,1,-1,1,1
4219,263492643894946,train_oof,1,phishing,1,phishing,0.994679,0.005321,True,TP,2,1,-1,1,-1,0,1,1,-1,0,-1
4220,218102188295128,train_oof,1,phishing,1,phishing,0.545566,0.454434,True,TP,4,1,-1,1,-1,-1,-1,-1,0,0,-1
4221,222272817729771,train_oof,0,legitimate,1,phishing,0.53712,0.46288,False,FP,1,1,-1,1,-1,-1,1,1,0,0,-1
4222,173400894667507,train_oof,1,phishing,1,phishing,0.99884,0.00116,True,TP,5,1,-1,1,-1,-1,1,-1,-1,-1,-1
4223,95673833443583,train_oof,1,phishing,1,phishing,0.586441,0.413559,True,TP,2,1,-1,1,-1,-1,1,-1,0,0,-1
4224,57697046038404,train_oof,0,legitimate,0,legitimate,0.410616,0.589384,True,TN,5,1,-1,1,-1,0,-1,1,0,-1,-1
4225,272744919790221,train_oof,0,legitimate,0,legitimate,0.016626,0.983374,True,TN,3,1,-1,1,1,0,1,1,1,-1,-1
4226,223516288499826,train_oof,0,legitimate,0,legitimate,0.062365,0.937635,True,TN,5,1,1,1,-1,0,-1,1,0,-1,1
4227,53289349311546,train_oof,0,legitimate,0,legitimate,0.014165,0.985835,True,TN,3,1,-1,1,1,0,-1,-1,0,1,-1
4229,212747507502792,train_oof,1,phishing,1,phishing,0.995707,0.004293,True,TP,1,1,-1,1,-1,0,1,-1,-1,0,-1
4230,220813827856849,train_oof,0,legitimate,1,phishing,0.76924,0.23076,False,FP,4,1,-1,1,-1,-1,1,-1,1,-1,-1
4231,23330774331010,train_oof,1,phishing,0,legitimate,0.347088,0.652912,False,FN,1,1,-1,1,-1,0,1,-1,0,0,-1
4232,177667563306617,train_oof,0,legitimate,0,legitimate,0.02261,0.97739,True,TN,2,1,-1,1,1,1,1,1,0,-1,-1
4233,118023725836322,train_oof,1,phishing,1,phishing,0.678846,0.321154,True,TP,5,1,-1,1,-1,-1,1,1,0,-1,-1
4234,106994030708952,train_oof,0,legitimate,0,legitimate,0.001582,0.998418,True,TN,4,1,-1,1,1,-1,-1,1,1,1,-1
4235,128399334439625,train_oof,1,phishing,1,phishing,0.997441,0.002559,True,TP,5,1,-1,1,-1,0,1,1,-1,-1,-1
4236,67003908841534,train_oof,1,phishing,0,legitimate,0.13588,0.86412,False,FN,2,-1,1,-1,-1,1,1,1,0,0,1
4237,251165226898185,train_oof,1,phishing,1,phishing,0.990247,0.009753,True,TP,3,1,-1,1,-1,-1,1,1,-1,-1,-1
4238,145650159033731,train_oof,0,legitimate,0,legitimate,0.132798,0.867202,True,TN,3,1,-1,1,-1,0,1,1,0,1,-1
4239,160637372756690,train_oof,0,legitimate,0,legitimate,0.186836,0.813164,True,TN,1,1,-1,1,-1,1,1,1,0,1,-1
4240,222813595487329,train_oof,0,legitimate,0,legitimate,0.156762,0.843238,True,TN,3,1,-1,1,-1,1,1,1,1,-1,-1
4241,234744068489839,train_oof,0,legitimate,0,legitimate,0.118059,0.881941,True,TN,5,1,-1,1,-1,0,1,1,0,1,-1
4242,129957485245559,train_oof,0,legitimate,0,legitimate,0.117215,0.882785,True,TN,3,1,-1,1,-1,1,-1,-1,1,-1,-1
4243,160004865310625,train_oof,1,phishing,1,phishing,0.997005,0.002995,True,TP,3,-1,-1,-1,-1,0,1,-1,-1,1,-1
4244,228145417982579,train_oof,0,legitimate,0,legitimate,0.159467,0.840533,True,TN,1,1,-1,1,-1,-1,1,1,0,1,-1
4245,91550085923442,train_oof,0,legitimate,0,legitimate,0.009893,0.990107,True,TN,5,1,-1,1,-1,1,1,1,1,0,-1
4246,154130890173267,train_oof,0,legitimate,0,legitimate,0.259419,0.740581,True,TN,3,1,-1,1,-1,1,1,-1,0,0,-1
4247,139224429948755,train_oof,0,legitimate,1,phishing,0.708167,0.291833,False,FP,2,1,-1,1,-1,-1,1,-1,1,-1,-1
4248,24827799531734,train_oof,0,legitimate,0,legitimate,0.232429,0.767571,True,TN,2,1,-1,1,-1,1,1,1,0,0,-1
4251,42392789916721,train_oof,0,legitimate,1,phishing,0.589537,0.410463,False,FP,3,1,-1,1,-1,-1,1,-1,0,0,-1
4252,129746084494347,train_oof,1,phishing,0,legitimate,0.317305,0.682695,False,FN,3,1,-1,1,-1,0,1,-1,1,-1,-1
4253,4537628850880,train_oof,0,legitimate,0,legitimate,0.012955,0.987045,True,TN,5,1,-1,1,1,1,1,-1,1,-1,-1
4254,252657480442137,train_oof,0,legitimate,0,legitimate,0.009893,0.990107,True,TN,5,1,-1,1,-1,1,1,1,1,0,-1
4255,254150877405119,train_oof,1,phishing,1,phishing,0.945702,0.054298,True,TP,3,1,-1,1,-1,-1,1,1,-1,0,-1
4257,167859454710571,train_oof,0,legitimate,1,phishing,0.711065,0.288935,False,FP,3,1,-1,1,-1,0,1,1,0,-1,-1
4258,34356867763533,train_oof,0,legitimate,0,legitimate,0.408108,0.591892,True,TN,3,1,-1,1,-1,0,1,-1,0,0,-1
4259,280116223591381,train_oof,1,phishing,1,phishing,0.967021,0.032979,True,TP,3,-1,-1,-1,-1,-1,-1,1,-1,1,-1
4261,68364066612425,train_oof,0,legitimate,0,legitimate,0.01454,0.98546,True,TN,3,1,-1,1,1,0,1,-1,0,0,-1
4262,89702315148049,train_oof,1,phishing,1,phishing,0.985103,0.014897,True,TP,1,1,-1,1,-1,1,1,-1,-1,-1,-1
4263,73581631017172,train_oof,1,phishing,1,phishing,0.971387,0.028613,True,TP,5,1,-1,1,-1,-1,-1,1,-1,0,-1
4264,35867422128159,train_oof,0,legitimate,0,legitimate,0.00166,0.99834,True,TN,2,-1,-1,-1,1,-1,1,1,0,0,-1
4266,75623431117852,train_oof,0,legitimate,0,legitimate,0.015737,0.984263,True,TN,3,1,-1,1,-1,1,-1,1,1,1,-1
4268,55529484674520,train_oof,1,phishing,1,phishing,0.986177,0.013823,True,TP,5,1,-1,1,-1,1,1,-1,-1,-1,-1
4269,123762970753921,train_oof,1,phishing,1,phishing,0.724541,0.275459,True,TP,3,1,-1,1,-1,-1,1,1,0,-1,-1
4271,276236348117463,train_oof,1,phishing,1,phishing,0.99884,0.00116,True,TP,5,1,-1,1,-1,-1,1,-1,-1,-1,-1
4272,182240221377030,train_oof,0,legitimate,0,legitimate,0.081553,0.918447,True,TN,2,1,-1,1,-1,0,1,1,0,1,-1
4274,76301897762719,train_oof,1,phishing,1,phishing,0.999106,0.000894,True,TP,5,1,-1,1,-1,0,1,-1,-1,-1,-1
4275,222367002797894,train_oof,0,legitimate,0,legitimate,0.010524,0.989476,True,TN,2,-1,-1,-1,1,-1,1,-1,1,1,-1
4276,37175226631558,train_oof,1,phishing,1,phishing,0.652162,0.347838,True,TP,1,1,-1,1,-1,0,1,-1,0,-1,-1
4277,251834989581916,train_oof,0,legitimate,0,legitimate,0.031013,0.968987,True,TN,5,1,-1,1,-1,1,1,-1,1,0,-1
4278,141806333305434,train_oof,0,legitimate,0,legitimate,0.112818,0.887182,True,TN,3,-1,-1,-1,-1,0,1,1,0,1,-1
4279,104500588150911,train_oof,0,legitimate,0,legitimate,0.038841,0.961159,True,TN,5,-1,-1,-1,-1,0,1,1,1,1,-1
4280,25589422353485,train_oof,1,phishing,1,phishing,0.99742,0.00258,True,TP,3,1,-1,1,-1,0,1,1,-1,0,-1
4282,10427190633633,train_oof,0,legitimate,0,legitimate,0.487318,0.512682,True,TN,5,1,-1,1,-1,-1,1,1,0,0,-1
4283,159407060237049,train_oof,1,phishing,0,legitimate,0.079,0.921,False,FN,1,1,1,1,-1,1,1,1,0,1,1
4284,220845072647200,train_oof,1,phishing,1,phishing,0.999691,0.000309,True,TP,4,1,-1,1,-1,0,1,-1,-1,-1,-1
4285,253336818213623,train_oof,1,phishing,1,phishing,0.995707,0.004293,True,TP,1,1,-1,1,-1,0,1,-1,-1,0,-1
4287,150232652611395,train_oof,0,legitimate,0,legitimate,0.066857,0.933143,True,TN,5,1,1,1,-1,1,1,1,0,0,1
4288,107857766823929,train_oof,1,phishing,1,phishing,0.58005,0.41995,True,TP,1,1,-1,1,-1,1,1,-1,0,-1,-1
4290,65625367446038,train_oof,0,legitimate,0,legitimate,0.146455,0.853545,True,TN,2,1,1,1,-1,0,1,1,1,0,1
4291,176844110686213,train_oof,1,phishing,1,phishing,0.999076,0.000924,True,TP,2,1,-1,1,-1,-1,1,-1,-1,0,-1
4293,186583371588694,train_oof,0,legitimate,0,legitimate,0.042698,0.957302,True,TN,1,-1,-1,-1,-1,-1,1,1,0,0,-1
4294,197387128500826,train_oof,0,legitimate,0,legitimate,0.235943,0.764057,True,TN,3,1,-1,1,-1,1,-1,1,0,-1,-1
4295,93155357057315,train_oof,0,legitimate,0,legitimate,0.001597,0.998403,True,TN,2,1,-1,1,1,-1,1,1,1,0,-1
4296,234686457213454,train_oof,1,phishing,1,phishing,0.946999,0.053001,True,TP,4,-1,1,-1,-1,-1,1,1,-1,0,1
4298,66258478511583,train_oof,1,phishing,1,phishing,0.529606,0.470394,True,TP,4,1,-1,1,-1,-1,1,-1,0,0,-1
4299,257521339169919,train_oof,0,legitimate,1,phishing,0.825405,0.174595,False,FP,2,1,-1,1,-1,-1,1,-1,0,-1,-1
4300,165249645942405,train_oof,0,legitimate,1,phishing,0.654194,0.345806,False,FP,3,1,-1,1,-1,0,1,-1,0,-1,-1
4301,56245142814942,train_oof,0,legitimate,0,legitimate,0.212628,0.787372,True,TN,4,1,-1,1,-1,1,1,1,0,0,-1
4302,120826544082194,train_oof,0,legitimate,0,legitimate,0.235943,0.764057,True,TN,3,1,-1,1,-1,1,-1,1,0,-1,-1
4303,84348443181460,train_oof,1,phishing,1,phishing,0.99805,0.00195,True,TP,4,1,-1,1,-1,0,1,-1,-1,0,-1
4304,201203338106158,train_oof,1,phishing,1,phishing,0.99362,0.00638,True,TP,1,1,1,1,-1,0,1,1,-1,0,1
4307,135379329808932,train_oof,0,legitimate,0,legitimate,0.108521,0.891479,True,TN,3,-1,-1,-1,-1,-1,1,-1,0,0,-1
4308,152942378284343,train_oof,1,phishing,1,phishing,0.990932,0.009068,True,TP,1,1,1,1,-1,0,1,-1,-1,0,1
4310,233975370908420,train_oof,0,legitimate,0,legitimate,0.408108,0.591892,True,TN,3,1,-1,1,-1,0,1,-1,0,0,-1
4311,150317320939189,train_oof,0,legitimate,0,legitimate,0.195885,0.804115,True,TN,3,1,-1,1,-1,0,-1,1,0,0,-1
4314,10557166101681,train_oof,0,legitimate,0,legitimate,0.056098,0.943902,True,TN,5,1,-1,1,-1,0,1,1,1,0,-1
4315,9411594550941,train_oof,0,legitimate,0,legitimate,0.01605,0.98395,True,TN,5,1,-1,1,1,-1,-1,-1,0,1,-1
4316,18174187022456,train_oof,0,legitimate,0,legitimate,0.106553,0.893447,True,TN,5,-1,0,-1,-1,1,1,1,0,0,-1
4317,260407473919436,train_oof,0,legitimate,0,legitimate,0.003003,0.996997,True,TN,4,1,-1,1,-1,1,1,1,1,1,-1
4319,173475479016180,train_oof,0,legitimate,0,legitimate,0.252304,0.747696,True,TN,2,1,-1,1,-1,1,1,-1,0,0,-1
4320,278758766833939,train_oof,0,legitimate,0,legitimate,0.024546,0.975454,True,TN,1,1,-1,1,1,0,-1,-1,0,1,-1
4321,69558698965921,train_oof,0,legitimate,0,legitimate,0.466414,0.533586,True,TN,1,1,-1,1,-1,1,1,1,0,-1,-1
4323,254823629978959,train_oof,1,phishing,0,legitimate,0.466414,0.533586,False,FN,1,1,-1,1,-1,1,1,1,0,-1,-1
4324,96624240478627,train_oof,0,legitimate,0,legitimate,0.004956,0.995044,True,TN,4,1,-1,1,1,-1,1,-1,1,0,-1
4325,1517643756241,train_oof,0,legitimate,0,legitimate,0.00939,0.99061,True,TN,2,1,-1,1,1,-1,1,-1,0,1,-1
4326,221540986634081,train_oof,1,phishing,1,phishing,0.800886,0.199114,True,TP,4,1,-1,1,-1,-1,1,-1,0,-1,-1
4327,26377662789777,train_oof,1,phishing,1,phishing,0.998694,0.001306,True,TP,2,1,-1,1,-1,0,1,-1,-1,0,-1
4328,231663563539923,train_oof,1,phishing,1,phishing,0.99776,0.00224,True,TP,1,1,-1,1,-1,-1,1,-1,-1,-1,-1
4329,72910463609934,train_oof,0,legitimate,0,legitimate,0.177399,0.822601,True,TN,3,1,-1,1,-1,1,-1,1,0,1,-1
4330,136285439667729,train_oof,1,phishing,1,phishing,0.678846,0.321154,True,TP,5,1,-1,1,-1,-1,1,1,0,-1,-1
4331,222367002797894,train_oof,0,legitimate,0,legitimate,0.010524,0.989476,True,TN,2,-1,-1,-1,1,-1,1,-1,1,1,-1
4332,40026353921217,train_oof,0,legitimate,1,phishing,0.678846,0.321154,False,FP,5,1,-1,1,-1,-1,1,1,0,-1,-1
4333,21941725427234,train_oof,0,legitimate,0,legitimate,0.066984,0.933016,True,TN,2,1,-1,1,1,1,1,-1,0,-1,-1
4335,276036175075662,train_oof,0,legitimate,1,phishing,0.643159,0.356841,False,FP,2,1,-1,1,-1,0,1,1,0,-1,-1
4337,226910940325267,train_oof,0,legitimate,0,legitimate,0.308932,0.691068,True,TN,2,1,-1,1,-1,0,1,-1,0,1,-1
4339,144329523444518,train_oof,0,legitimate,0,legitimate,0.00272,0.99728,True,TN,4,1,-1,-1,1,-1,1,1,1,0,-1
4341,99488535263979,train_oof,1,phishing,1,phishing,0.586441,0.413559,True,TP,2,1,-1,1,-1,-1,1,-1,0,0,-1
4342,1814988800717,train_oof,1,phishing,1,phishing,0.995079,0.004921,True,TP,3,1,-1,1,-1,0,-1,1,-1,0,-1
4343,105215156759388,train_oof,0,legitimate,0,legitimate,0.045472,0.954528,True,TN,2,1,1,1,-1,0,-1,1,0,0,1
4344,70256624573090,train_oof,1,phishing,1,phishing,0.99841,0.00159,True,TP,3,1,-1,1,-1,-1,1,-1,-1,0,-1
4345,166815493344434,train_oof,1,phishing,1,phishing,0.994767,0.005233,True,TP,1,1,-1,1,-1,0,-1,1,-1,0,-1
4346,186045323122063,train_oof,0,legitimate,1,phishing,0.724541,0.275459,False,FP,3,1,-1,1,-1,-1,1,1,0,-1,-1
4347,99802296788098,train_oof,1,phishing,1,phishing,0.997842,0.002158,True,TP,5,1,-1,1,-1,-1,1,-1,-1,0,-1
4348,171397743022401,train_oof,0,legitimate,1,phishing,0.586441,0.413559,False,FP,2,1,-1,1,-1,-1,1,-1,0,0,-1
4349,203020745271748,train_oof,0,legitimate,1,phishing,0.53712,0.46288,False,FP,1,1,-1,1,-1,-1,1,1,0,0,-1
4350,250815004271621,train_oof,1,phishing,1,phishing,0.997219,0.002781,True,TP,1,1,-1,1,-1,0,1,-1,-1,-1,-1
4351,136747399509746,train_oof,1,phishing,0,legitimate,0.432337,0.567663,False,FN,4,1,-1,1,-1,1,1,1,0,-1,-1
4352,229287349055705,train_oof,1,phishing,1,phishing,0.996931,0.003069,True,TP,4,-1,-1,-1,-1,0,-1,-1,-1,1,-1
4353,45225955411088,train_oof,0,legitimate,0,legitimate,0.075991,0.924009,True,TN,2,1,-1,1,-1,0,-1,-1,1,0,-1
4354,19866486429102,train_oof,1,phishing,0,legitimate,0.451409,0.548591,False,FN,2,1,-1,1,-1,-1,1,1,0,0,-1
4355,51230808529999,train_oof,1,phishing,1,phishing,0.953127,0.046873,True,TP,5,1,-1,1,-1,0,-1,1,-1,1,-1
4356,57933009505623,train_oof,1,phishing,1,phishing,0.998694,0.001306,True,TP,2,1,-1,1,-1,0,1,-1,-1,0,-1
4357,273802077029678,train_oof,0,legitimate,0,legitimate,0.165207,0.834793,True,TN,4,-1,1,-1,-1,0,-1,-1,0,1,1
4359,277027577270282,train_oof,0,legitimate,0,legitimate,0.168408,0.831592,True,TN,3,1,1,1,-1,-1,1,-1,1,0,1
4360,17328452149405,train_oof,1,phishing,1,phishing,0.997383,0.002617,True,TP,1,1,-1,1,-1,-1,-1,-1,-1,0,-1
4363,140073091298059,train_oof,1,phishing,1,phishing,0.724541,0.275459,True,TP,3,1,-1,1,-1,-1,1,1,0,-1,-1
4364,16116224983262,train_oof,0,legitimate,0,legitimate,0.378182,0.621818,True,TN,4,1,-1,1,-1,0,1,-1,0,0,-1
4365,240600538468486,train_oof,0,legitimate,0,legitimate,0.004852,0.995148,True,TN,2,1,-1,1,1,-1,1,1,0,0,-1
4366,19286513688022,train_oof,0,legitimate,0,legitimate,0.059242,0.940758,True,TN,5,1,1,1,-1,0,-1,1,0,0,1
4367,138216807884979,train_oof,1,phishing,1,phishing,0.99776,0.00224,True,TP,1,1,-1,1,-1,-1,1,-1,-1,-1,-1
4368,160161656226587,train_oof,0,legitimate,0,legitimate,0.397364,0.602636,True,TN,1,1,-1,1,-1,0,1,1,1,-1,-1
4369,235826852613829,train_oof,1,phishing,1,phishing,0.997842,0.002158,True,TP,5,1,-1,1,-1,-1,1,-1,-1,0,-1
4370,31459557488273,train_oof,1,phishing,1,phishing,0.993078,0.006922,True,TP,5,1,1,1,-1,0,1,1,-1,0,1
4371,171397743022401,train_oof,1,phishing,1,phishing,0.586441,0.413559,True,TP,2,1,-1,1,-1,-1,1,-1,0,0,-1
4372,27280603199551,train_oof,0,legitimate,0,legitimate,0.195778,0.804222,True,TN,4,1,-1,1,-1,1,1,1,0,1,-1
4374,269040887898871,train_oof,0,legitimate,0,legitimate,0.018319,0.981681,True,TN,1,1,-1,1,1,0,1,-1,0,-1,-1
4376,268451857083669,train_oof,1,phishing,1,phishing,0.521058,0.478942,True,TP,1,1,-1,1,-1,-1,1,-1,0,0,-1
4377,224158272651134,train_oof,0,legitimate,0,legitimate,0.000743,0.999257,True,TN,1,1,-1,1,1,0,1,1,1,0,-1
4378,201606181854273,train_oof,1,phishing,0,legitimate,0.298335,0.701665,False,FN,4,1,-1,1,-1,0,1,-1,0,1,-1
4379,104129815385930,train_oof,0,legitimate,0,legitimate,0.131922,0.868078,True,TN,5,1,1,1,-1,-1,1,1,0,0,-1
4380,188069243514552,train_oof,0,legitimate,0,legitimate,0.087282,0.912718,True,TN,3,1,-1,1,-1,0,-1,-1,1,0,-1
4381,224180390217346,train_oof,0,legitimate,1,phishing,0.701071,0.298929,False,FP,4,1,-1,1,-1,0,1,1,0,-1,-1
4382,195336112706119,train_oof,1,phishing,1,phishing,0.988756,0.011244,True,TP,1,1,-1,1,-1,-1,1,1,-1,-1,-1
4383,34862551449281,train_oof,0,legitimate,0,legitimate,0.025693,0.974307,True,TN,2,1,-1,1,-1,-1,1,1,1,1,-1
4384,217974323429166,train_oof,1,phishing,0,legitimate,0.095102,0.904898,False,FN,3,1,-1,1,-1,-1,1,1,0,1,-1
4387,145650159033731,train_oof,0,legitimate,0,legitimate,0.132798,0.867202,True,TN,3,1,-1,1,-1,0,1,1,0,1,-1
4389,127302044538242,train_oof,1,phishing,1,phishing,0.998694,0.001306,True,TP,2,1,-1,1,-1,0,1,-1,-1,0,-1
4392,154066044260751,train_oof,0,legitimate,0,legitimate,0.293391,0.706609,True,TN,2,1,-1,1,-1,0,-1,1,0,-1,-1
4393,3772661840514,train_oof,0,legitimate,1,phishing,0.690607,0.309393,False,FP,2,1,-1,1,-1,-1,-1,-1,0,0,-1
4394,144329523444518,train_oof,0,legitimate,0,legitimate,0.00272,0.99728,True,TN,4,1,-1,-1,1,-1,1,1,1,0,-1
4395,162479791311601,train_oof,1,phishing,1,phishing,0.995511,0.004489,True,TP,5,1,-1,1,-1,0,1,1,-1,0,-1
4397,73320909612723,train_oof,0,legitimate,0,legitimate,0.048136,0.951864,True,TN,3,1,-1,1,-1,-1,-1,1,1,1,-1
4398,210079436122250,train_oof,0,legitimate,0,legitimate,0.214679,0.785321,True,TN,4,1,-1,1,-1,1,1,-1,1,-1,-1
4399,169522667255692,train_oof,0,legitimate,0,legitimate,0.028759,0.971241,True,TN,2,1,-1,1,1,-1,1,-1,1,-1,-1
4401,129165111148122,train_oof,0,legitimate,0,legitimate,0.000367,0.999633,True,TN,2,1,-1,1,1,0,1,1,1,1,-1
4402,150210291735475,train_oof,0,legitimate,0,legitimate,0.001519,0.998481,True,TN,1,1,-1,1,1,1,1,1,0,1,-1
4403,220624427692080,train_oof,0,legitimate,0,legitimate,0.298335,0.701665,True,TN,4,1,-1,1,-1,0,1,-1,0,1,-1
4404,156388620123683,train_oof,0,legitimate,0,legitimate,0.149481,0.850519,True,TN,2,-1,1,-1,-1,-1,1,1,0,0,1
4406,157813343230308,train_oof,0,legitimate,0,legitimate,0.334478,0.665522,True,TN,1,-1,-1,-1,-1,-1,1,-1,0,-1,-1
4407,202703218327938,train_oof,0,legitimate,0,legitimate,0.196702,0.803298,True,TN,1,1,-1,1,-1,0,1,-1,1,1,-1
4408,82979054303689,train_oof,0,legitimate,0,legitimate,0.006433,0.993567,True,TN,3,1,-1,1,1,-1,1,1,0,0,-1
4409,33840219290182,train_oof,1,phishing,1,phishing,0.995208,0.004792,True,TP,2,-1,-1,-1,-1,0,-1,1,-1,1,-1
4410,216364550749441,train_oof,0,legitimate,0,legitimate,0.000773,0.999227,True,TN,5,1,-1,1,1,0,1,1,1,0,-1
4411,74590243246455,train_oof,0,legitimate,1,phishing,0.529606,0.470394,False,FP,4,1,-1,1,-1,-1,1,-1,0,0,-1
4412,51820817194534,train_oof,1,phishing,1,phishing,0.719882,0.280118,True,TP,4,1,-1,1,-1,-1,1,1,0,-1,-1
4415,159407060237049,train_oof,1,phishing,0,legitimate,0.079,0.921,False,FN,1,1,1,1,-1,1,1,1,0,1,1
4417,234894571640399,train_oof,0,legitimate,0,legitimate,0.156762,0.843238,True,TN,3,1,-1,1,-1,1,1,1,1,-1,-1
4418,89439560763702,train_oof,1,phishing,1,phishing,0.980423,0.019577,True,TP,1,-1,1,-1,-1,0,-1,1,-1,1,1
4419,210302711468717,train_oof,0,legitimate,0,legitimate,0.005353,0.994647,True,TN,3,1,-1,1,-1,1,1,1,1,1,-1
4420,147109559068708,train_oof,1,phishing,1,phishing,0.997934,0.002066,True,TP,4,1,-1,1,-1,0,1,1,-1,-1,-1
4422,79273864318517,train_oof,0,legitimate,0,legitimate,0.005688,0.994312,True,TN,2,1,1,1,-1,1,-1,1,0,0,1
4423,126984536678288,train_oof,0,legitimate,0,legitimate,0.129578,0.870422,True,TN,2,1,-1,1,-1,-1,1,1,1,0,-1
4424,115512676583913,train_oof,1,phishing,1,phishing,0.999691,0.000309,True,TP,4,1,-1,1,-1,0,1,-1,-1,-1,-1
4425,181225496578086,train_oof,0,legitimate,0,legitimate,0.370992,0.629008,True,TN,5,1,-1,1,-1,0,1,1,0,0,-1
4426,240637319693830,train_oof,0,legitimate,0,legitimate,0.15142,0.84858,True,TN,1,1,-1,1,-1,1,1,1,0,0,-1
4427,110545090745757,train_oof,1,phishing,1,phishing,0.986159,0.013841,True,TP,3,1,-1,1,-1,1,1,1,-1,-1,-1
4428,108622784641927,train_oof,1,phishing,1,phishing,0.719882,0.280118,True,TP,4,1,-1,1,-1,-1,1,1,0,-1,-1
4429,247284096034510,train_oof,1,phishing,1,phishing,0.99742,0.00258,True,TP,3,1,-1,1,-1,0,1,1,-1,0,-1
4430,149496728670699,train_oof,0,legitimate,0,legitimate,0.00428,0.99572,True,TN,1,1,1,1,-1,1,-1,1,0,0,1
4431,125546284971173,train_oof,0,legitimate,0,legitimate,0.234547,0.765453,True,TN,3,1,1,1,-1,-1,1,1,0,0,1
4432,10316250118962,train_oof,0,legitimate,0,legitimate,0.000367,0.999633,True,TN,2,1,-1,1,1,0,1,1,1,1,-1
4435,46444385670026,train_oof,0,legitimate,0,legitimate,0.000942,0.999058,True,TN,5,-1,-1,-1,1,1,1,1,0,0,-1
4438,208651974439566,train_oof,0,legitimate,0,legitimate,0.217579,0.782421,True,TN,1,1,-1,1,-1,1,-1,-1,1,-1,-1
4439,18908471958994,train_oof,0,legitimate,0,legitimate,0.322351,0.677649,True,TN,2,-1,-1,-1,-1,1,1,-1,0,-1,-1
4440,33632479643440,train_oof,0,legitimate,0,legitimate,0.244798,0.755202,True,TN,3,1,-1,1,-1,1,1,1,0,0,-1
4441,70671831900937,train_oof,0,legitimate,0,legitimate,0.003235,0.996765,True,TN,3,1,1,1,1,-1,1,1,1,0,1
4442,47823532385823,train_oof,0,legitimate,0,legitimate,0.432345,0.567655,True,TN,5,1,-1,1,-1,0,1,-1,0,0,-1
4444,38136082227528,train_oof,0,legitimate,0,legitimate,0.011967,0.988033,True,TN,1,1,-1,1,-1,1,-1,1,1,1,-1
4445,76307595973188,train_oof,0,legitimate,0,legitimate,0.065057,0.934943,True,TN,1,1,-1,1,-1,0,-1,-1,1,0,-1
4446,210302711468717,train_oof,0,legitimate,0,legitimate,0.005353,0.994647,True,TN,3,1,-1,1,-1,1,1,1,1,1,-1
4447,35867422128159,train_oof,0,legitimate,0,legitimate,0.00166,0.99834,True,TN,2,-1,-1,-1,1,-1,1,1,0,0,-1
4448,50491474797223,train_oof,0,legitimate,0,legitimate,0.004956,0.995044,True,TN,4,1,-1,1,1,-1,1,-1,1,0,-1
4449,56720849097063,train_oof,1,phishing,1,phishing,0.988756,0.011244,True,TP,1,1,-1,1,-1,-1,1,1,-1,-1,-1
4450,139970243497281,train_oof,0,legitimate,0,legitimate,0.156005,0.843995,True,TN,4,1,-1,1,-1,-1,1,1,0,1,-1
4451,222272817729771,train_oof,0,legitimate,1,phishing,0.53712,0.46288,False,FP,1,1,-1,1,-1,-1,1,1,0,0,-1
4452,171806038053626,train_oof,0,legitimate,0,legitimate,0.078806,0.921194,True,TN,4,1,-1,1,-1,1,-1,1,0,-1,-1
4453,193309304141292,train_oof,1,phishing,1,phishing,0.992646,0.007354,True,TP,1,1,-1,1,-1,0,-1,-1,-1,-1,-1
4454,32848904193343,train_oof,0,legitimate,0,legitimate,0.132798,0.867202,True,TN,3,1,-1,1,-1,0,1,1,0,1,-1
4455,12642475070423,train_oof,0,legitimate,0,legitimate,0.018319,0.981681,True,TN,1,1,-1,1,1,0,1,-1,0,-1,-1
4456,230191719897820,train_oof,1,phishing,1,phishing,0.800886,0.199114,True,TP,4,1,-1,1,-1,-1,1,-1,0,-1,-1
4457,157025576028330,train_oof,0,legitimate,0,legitimate,0.206913,0.793087,True,TN,2,1,-1,1,-1,1,1,1,0,1,-1
4458,64709752265746,train_oof,0,legitimate,0,legitimate,0.013088,0.986912,True,TN,1,1,1,1,-1,1,1,1,0,0,1
4459,210637165956033,train_oof,0,legitimate,0,legitimate,0.131675,0.868325,True,TN,1,1,-1,1,-1,1,-1,1,1,-1,-1
4460,100149767197795,train_oof,0,legitimate,0,legitimate,0.081553,0.918447,True,TN,2,1,-1,1,-1,0,1,1,0,1,-1
4461,156584377116813,train_oof,0,legitimate,1,phishing,0.503784,0.496216,False,FP,1,1,-1,1,-1,-1,-1,1,0,0,-1
4463,89702315148049,train_oof,1,phishing,1,phishing,0.985103,0.014897,True,TP,1,1,-1,1,-1,1,1,-1,-1,-1,-1
4464,173550498117334,train_oof,1,phishing,1,phishing,0.800515,0.199485,True,TP,3,1,-1,1,-1,-1,1,-1,0,-1,-1
4466,126984536678288,train_oof,0,legitimate,0,legitimate,0.129578,0.870422,True,TN,2,1,-1,1,-1,-1,1,1,1,0,-1
4468,246889419809946,train_oof,0,legitimate,0,legitimate,0.010109,0.989891,True,TN,2,1,-1,1,-1,1,1,1,1,0,-1
4469,12707841761248,train_oof,0,legitimate,0,legitimate,0.020069,0.979931,True,TN,4,1,-1,1,-1,1,1,-1,1,1,-1
4470,1122427843610,train_oof,0,legitimate,0,legitimate,0.291066,0.708934,True,TN,4,1,-1,1,-1,1,1,-1,0,1,-1
4471,32848904193343,train_oof,0,legitimate,0,legitimate,0.132798,0.867202,True,TN,3,1,-1,1,-1,0,1,1,0,1,-1
4473,108896028734149,train_oof,1,phishing,1,phishing,0.521213,0.478787,True,TP,1,1,-1,1,-1,-1,-1,-1,0,0,-1
4475,272028112656374,train_oof,0,legitimate,0,legitimate,0.232883,0.767117,True,TN,2,1,-1,1,-1,-1,-1,1,0,-1,-1
4476,165243222445697,train_oof,0,legitimate,0,legitimate,0.001597,0.998403,True,TN,2,1,-1,1,1,-1,1,1,1,0,-1
4478,218906408424373,train_oof,1,phishing,1,phishing,0.961959,0.038041,True,TP,5,1,1,1,-1,-1,-1,-1,-1,0,1
4479,154130890173267,train_oof,0,legitimate,0,legitimate,0.259419,0.740581,True,TN,3,1,-1,1,-1,1,1,-1,0,0,-1
4480,33845766860066,train_oof,1,phishing,1,phishing,0.667275,0.332725,True,TP,5,1,0,1,-1,-1,1,1,0,-1,-1
4482,114425027661943,train_oof,0,legitimate,0,legitimate,0.003847,0.996153,True,TN,1,1,-1,1,-1,1,1,1,1,1,-1
4483,123945334070835,train_oof,0,legitimate,0,legitimate,0.303838,0.696162,True,TN,5,1,-1,1,-1,-1,-1,1,0,-1,-1
4484,81720100998219,train_oof,1,phishing,1,phishing,0.973112,0.026888,True,TP,5,1,1,1,-1,0,-1,1,-1,1,1
4485,265854261891379,train_oof,0,legitimate,1,phishing,0.56813,0.43187,False,FP,5,1,-1,1,-1,-1,1,-1,0,0,-1
4486,33730620385024,train_oof,1,phishing,1,phishing,0.99841,0.00159,True,TP,3,1,-1,1,-1,-1,1,-1,-1,0,-1
4487,120948730947234,train_oof,0,legitimate,0,legitimate,0.010963,0.989037,True,TN,2,1,1,1,1,-1,1,1,1,-1,1
4489,74590243246455,train_oof,0,legitimate,1,phishing,0.529606,0.470394,False,FP,4,1,-1,1,-1,-1,1,-1,0,0,-1
4490,49149455616722,train_oof,1,phishing,1,phishing,0.999106,0.000894,True,TP,5,1,-1,1,-1,0,1,-1,-1,-1,-1
4491,35627557805917,train_oof,1,phishing,1,phishing,0.990247,0.009753,True,TP,3,1,-1,1,-1,-1,1,1,-1,-1,-1
4492,216104683657856,train_oof,0,legitimate,0,legitimate,0.329106,0.670894,True,TN,3,1,-1,1,-1,-1,1,1,1,-1,-1
4493,112151821906301,train_oof,1,phishing,1,phishing,0.987913,0.012087,True,TP,4,1,-1,1,-1,1,1,-1,-1,-1,-1
4494,49149455616722,train_oof,1,phishing,1,phishing,0.999106,0.000894,True,TP,5,1,-1,1,-1,0,1,-1,-1,-1,-1
4495,76901666963801,train_oof,1,phishing,1,phishing,0.56813,0.43187,True,TP,5,1,-1,1,-1,-1,1,-1,0,0,-1
4496,242321453626475,train_oof,0,legitimate,0,legitimate,5.6e-05,0.999944,True,TN,5,-1,-1,-1,1,1,1,1,1,0,-1
4497,244709721610771,train_oof,0,legitimate,0,legitimate,0.105624,0.894376,True,TN,2,1,-1,1,-1,1,1,1,1,-1,-1
4498,214281045635454,train_oof,0,legitimate,0,legitimate,0.054975,0.945025,True,TN,1,-1,1,-1,1,0,1,1,0,-1,1
4499,234747255859211,train_oof,0,legitimate,0,legitimate,0.379817,0.620183,True,TN,2,1,-1,1,-1,1,1,1,0,-1,-1
4500,112315876762958,train_oof,0,legitimate,0,legitimate,0.022738,0.977262,True,TN,3,-1,-1,-1,-1,-1,1,1,1,0,-1
4503,120711640551854,train_oof,1,phishing,0,legitimate,0.236957,0.763043,False,FN,1,-1,1,-1,-1,1,1,1,0,-1,1
4505,107419401141531,train_oof,0,legitimate,0,legitimate,0.056098,0.943902,True,TN,5,1,-1,1,-1,0,1,1,1,0,-1
4510,271682454138338,train_oof,0,legitimate,0,legitimate,0.000773,0.999227,True,TN,5,1,-1,1,1,0,1,1,1,0,-1
4511,224927351634336,train_oof,1,phishing,0,legitimate,0.330186,0.669814,False,FN,3,1,-1,1,-1,0,1,1,0,0,-1
4512,98239947165968,train_oof,0,legitimate,0,legitimate,0.05243,0.94757,True,TN,4,1,1,1,-1,1,1,1,1,1,1
4513,142793911949868,train_oof,1,phishing,1,phishing,0.655341,0.344659,True,TP,2,1,-1,1,-1,-1,1,1,0,-1,-1
4514,131529000409963,train_oof,0,legitimate,0,legitimate,0.305893,0.694107,True,TN,4,1,-1,1,-1,0,1,1,0,0,-1
4515,108622784641927,train_oof,0,legitimate,1,phishing,0.719882,0.280118,False,FP,4,1,-1,1,-1,-1,1,1,0,-1,-1
4516,107070148611143,train_oof,1,phishing,1,phishing,0.979519,0.020481,True,TP,1,-1,-1,-1,-1,0,1,1,-1,1,-1
4517,208550477774012,train_oof,0,legitimate,0,legitimate,0.487318,0.512682,True,TN,5,1,-1,1,-1,-1,1,1,0,0,-1
4518,255756924456974,train_oof,0,legitimate,0,legitimate,0.156762,0.843238,True,TN,3,1,-1,1,-1,1,1,1,1,-1,-1
4519,19287778250290,train_oof,0,legitimate,1,phishing,0.654194,0.345806,False,FP,3,1,-1,1,-1,0,1,-1,0,-1,-1
4521,217107675256649,train_oof,1,phishing,1,phishing,0.991399,0.008601,True,TP,2,1,-1,1,-1,0,-1,-1,-1,-1,-1
4524,27998398357107,train_oof,0,legitimate,0,legitimate,0.00818,0.99182,True,TN,4,1,1,1,-1,1,-1,1,1,0,1
4525,219674335520752,train_oof,1,phishing,1,phishing,0.56813,0.43187,True,TP,5,1,-1,1,-1,-1,1,-1,0,0,-1
4526,226851129700527,train_oof,0,legitimate,0,legitimate,0.047537,0.952463,True,TN,2,-1,-1,-1,-1,0,1,1,1,1,-1
4527,237692984833665,train_oof,1,phishing,1,phishing,0.946223,0.053777,True,TP,5,1,-1,1,-1,-1,1,1,-1,0,-1
4528,270850416085685,train_oof,0,legitimate,0,legitimate,0.451383,0.548617,True,TN,4,1,-1,1,-1,-1,1,1,0,0,-1
4529,64769748565186,train_oof,0,legitimate,0,legitimate,0.270682,0.729318,True,TN,3,1,-1,1,-1,1,1,1,0,1,-1
4530,55511923658238,train_oof,0,legitimate,1,phishing,0.758443,0.241557,False,FP,1,1,-1,1,-1,-1,1,1,0,-1,-1
4531,217589197595329,train_oof,0,legitimate,0,legitimate,0.460925,0.539075,True,TN,3,1,-1,1,-1,1,1,1,0,-1,-1
4532,188189554700137,train_oof,1,phishing,1,phishing,0.995273,0.004727,True,TP,1,1,-1,1,-1,0,1,-1,-1,1,-1
4533,58001944461148,train_oof,1,phishing,1,phishing,0.996231,0.003769,True,TP,4,1,-1,1,-1,-1,-1,-1,-1,-1,-1
4534,114932118845256,train_oof,0,legitimate,1,phishing,0.629953,0.370047,False,FP,2,1,-1,1,-1,1,1,-1,0,-1,-1
4535,229976790128934,train_oof,1,phishing,1,phishing,0.999577,0.000423,True,TP,2,1,-1,1,-1,-1,1,-1,-1,-1,-1
4537,115194727539728,train_oof,0,legitimate,0,legitimate,0.040878,0.959122,True,TN,3,1,1,1,-1,0,1,1,0,0,1
4538,142494024628163,train_oof,0,legitimate,0,legitimate,0.043761,0.956239,True,TN,1,-1,-1,-1,-1,1,1,1,1,0,-1
4540,271000665781881,train_oof,1,phishing,1,phishing,0.991215,0.008785,True,TP,4,1,-1,1,-1,-1,-1,1,-1,0,-1
4542,90417401487512,train_oof,1,phishing,0,legitimate,0.487318,0.512682,False,FN,5,1,-1,1,-1,-1,1,1,0,0,-1
4543,217974323429166,train_oof,0,legitimate,0,legitimate,0.095102,0.904898,True,TN,3,1,-1,1,-1,-1,1,1,0,1,-1
4544,272167342081556,train_oof,0,legitimate,0,legitimate,0.005378,0.994622,True,TN,4,1,-1,1,1,0,1,1,0,0,-1
4547,225959453503298,train_oof,1,phishing,1,phishing,0.99742,0.00258,True,TP,3,1,-1,1,-1,0,1,1,-1,0,-1
4548,64293678159901,train_oof,1,phishing,1,phishing,0.99884,0.00116,True,TP,5,1,-1,1,-1,-1,1,-1,-1,-1,-1
4549,263107841049376,train_oof,1,phishing,1,phishing,0.800515,0.199485,True,TP,3,1,-1,1,-1,-1,1,-1,0,-1,-1
4550,217974323429166,train_oof,0,legitimate,0,legitimate,0.095102,0.904898,True,TN,3,1,-1,1,-1,-1,1,1,0,1,-1
4551,72303381539385,train_oof,0,legitimate,0,legitimate,0.023429,0.976571,True,TN,3,1,-1,1,-1,0,1,1,1,1,-1
4553,108172304042492,train_oof,1,phishing,1,phishing,0.985734,0.014266,True,TP,2,1,-1,1,-1,-1,-1,1,-1,0,-1
4554,55438273653851,train_oof,1,phishing,1,phishing,0.868127,0.131873,True,TP,1,1,0,1,-1,-1,1,-1,0,-1,-1
4555,259914754708903,train_oof,1,phishing,1,phishing,0.529606,0.470394,True,TP,4,1,-1,1,-1,-1,1,-1,0,0,-1
4556,210998461425762,train_oof,1,phishing,1,phishing,0.989554,0.010446,True,TP,5,1,1,1,-1,0,1,-1,-1,0,1
4557,237699215322831,train_oof,1,phishing,1,phishing,0.995608,0.004392,True,TP,3,-1,-1,-1,-1,0,-1,1,-1,1,-1
4558,123174190578482,train_oof,0,legitimate,0,legitimate,0.007474,0.992526,True,TN,5,-1,-1,-1,1,1,1,1,0,-1,-1
4559,179392212704713,train_oof,1,phishing,1,phishing,0.655341,0.344659,True,TP,2,1,-1,1,-1,-1,1,1,0,-1,-1
4560,190409292746832,train_oof,0,legitimate,0,legitimate,7e-06,0.999993,True,TN,4,1,-1,1,1,1,1,1,1,1,-1
4561,261568486396091,train_oof,1,phishing,1,phishing,0.998561,0.001439,True,TP,1,-1,-1,-1,-1,0,1,-1,-1,1,-1
4562,242857778249754,train_oof,1,phishing,1,phishing,0.987643,0.012357,True,TP,4,1,-1,1,-1,1,1,-1,-1,0,-1
4563,116622309065094,train_oof,0,legitimate,0,legitimate,0.384521,0.615479,True,TN,2,1,1,1,1,-1,1,1,-1,0,1
4565,233394044436332,train_oof,0,legitimate,1,phishing,0.608284,0.391716,False,FP,4,1,-1,1,-1,0,1,-1,1,-1,-1
4566,151527596263673,train_oof,1,phishing,0,legitimate,0.451383,0.548617,False,FN,4,1,-1,1,-1,-1,1,1,0,0,-1
4567,122625589881527,train_oof,0,legitimate,0,legitimate,0.125671,0.874329,True,TN,5,-1,1,-1,-1,-1,1,1,1,-1,1
4568,115512676583913,train_oof,1,phishing,1,phishing,0.999691,0.000309,True,TP,4,1,-1,1,-1,0,1,-1,-1,-1,-1
4569,218148397227149,train_oof,1,phishing,1,phishing,0.995047,0.004953,True,TP,4,-1,-1,-1,-1,-1,-1,-1,-1,1,-1
4571,249477520250594,train_oof,1,phishing,1,phishing,0.998677,0.001323,True,TP,5,-1,-1,-1,-1,0,-1,-1,-1,1,-1
4573,229287349055705,train_oof,1,phishing,1,phishing,0.996931,0.003069,True,TP,4,-1,-1,-1,-1,0,-1,-1,-1,1,-1
4574,38009916879747,train_oof,1,phishing,1,phishing,0.988756,0.011244,True,TP,1,1,-1,1,-1,-1,1,1,-1,-1,-1
4575,220360511301816,train_oof,0,legitimate,0,legitimate,0.046783,0.953217,True,TN,2,-1,-1,-1,-1,-1,1,1,1,0,-1
4577,191982607517428,train_oof,0,legitimate,0,legitimate,0.001687,0.998313,True,TN,3,1,-1,1,1,1,1,1,0,0,-1
4578,230061810075798,train_oof,1,phishing,1,phishing,0.987643,0.012357,True,TP,4,1,-1,1,-1,1,1,-1,-1,0,-1
4579,180154636165475,train_oof,0,legitimate,0,legitimate,0.042078,0.957922,True,TN,5,-1,1,-1,1,1,1,-1,0,1,1
4580,27166926835386,train_oof,0,legitimate,0,legitimate,0.378182,0.621818,True,TN,4,1,-1,1,-1,0,1,-1,0,0,-1
4581,72869030805753,train_oof,1,phishing,1,phishing,0.708167,0.291833,True,TP,2,1,-1,1,-1,-1,1,-1,1,-1,-1
4583,239665449775266,train_oof,1,phishing,1,phishing,0.986591,0.013409,True,TP,5,1,-1,1,-1,-1,1,1,-1,-1,-1
4584,115859944656981,train_oof,0,legitimate,0,legitimate,0.016353,0.983647,True,TN,3,1,1,1,1,1,-1,-1,0,-1,1
4586,66064651363780,train_oof,1,phishing,1,phishing,0.997331,0.002669,True,TP,3,1,-1,1,-1,0,1,1,-1,-1,-1
4587,1959149834071,train_oof,0,legitimate,0,legitimate,0.068166,0.931834,True,TN,2,1,-1,1,-1,0,1,1,1,0,-1
4588,136746383927816,train_oof,0,legitimate,0,legitimate,0.107353,0.892647,True,TN,3,1,-1,1,-1,-1,1,-1,1,1,-1
4589,265288897211858,train_oof,1,phishing,1,phishing,0.724541,0.275459,True,TP,3,1,-1,1,-1,-1,1,1,0,-1,-1
4590,233839411461858,train_oof,1,phishing,1,phishing,0.962664,0.037336,True,TP,4,-1,1,-1,-1,0,1,1,-1,0,1
4591,259180332805534,train_oof,1,phishing,1,phishing,0.920994,0.079006,True,TP,4,-1,-1,-1,-1,1,-1,-1,-1,1,-1
4592,183089934352262,train_oof,0,legitimate,0,legitimate,0.0067,0.9933,True,TN,3,1,-1,1,1,-1,1,-1,1,0,-1
4594,186045323122063,train_oof,0,legitimate,1,phishing,0.724541,0.275459,False,FP,3,1,-1,1,-1,-1,1,1,0,-1,-1
4595,23114839470703,train_oof,0,legitimate,0,legitimate,0.07103,0.92897,True,TN,5,-1,-1,-1,-1,1,1,1,1,-1,-1
4596,120506014506384,train_oof,0,legitimate,0,legitimate,0.02433,0.97567,True,TN,3,1,1,1,-1,1,-1,1,0,-1,1
4597,236079982820482,train_oof,0,legitimate,0,legitimate,0.237215,0.762785,True,TN,2,-1,-1,-1,-1,0,1,-1,1,-1,-1
4598,246883300782166,train_oof,1,phishing,1,phishing,0.941787,0.058213,True,TP,1,1,-1,1,-1,-1,1,1,-1,0,-1
4599,106482074083242,train_oof,1,phishing,1,phishing,0.822009,0.177991,True,TP,5,1,-1,1,-1,-1,1,-1,0,-1,-1
4600,145348876416225,train_oof,1,phishing,1,phishing,0.993912,0.006088,True,TP,1,1,1,1,-1,-1,1,1,-1,-1,1
4602,24827799531734,train_oof,0,legitimate,0,legitimate,0.232429,0.767571,True,TN,2,1,-1,1,-1,1,1,1,0,0,-1
4603,35597798254795,train_oof,0,legitimate,0,legitimate,0.194054,0.805946,True,TN,1,1,1,1,-1,-1,1,1,0,1,1
4604,197657750233827,train_oof,1,phishing,1,phishing,0.822009,0.177991,True,TP,5,1,-1,1,-1,-1,1,-1,0,-1,-1
4606,240066286381312,train_oof,1,phishing,1,phishing,0.993389,0.006611,True,TP,2,1,-1,1,-1,1,1,-1,-1,0,-1
4607,203020745271748,train_oof,0,legitimate,1,phishing,0.53712,0.46288,False,FP,1,1,-1,1,-1,-1,1,1,0,0,-1
4609,167507386021697,train_oof,1,phishing,0,legitimate,0.401364,0.598636,False,FN,3,1,1,-1,-1,-1,1,1,0,1,-1
4610,146422052002021,train_oof,1,phishing,1,phishing,0.941787,0.058213,True,TP,1,1,-1,1,-1,-1,1,1,-1,0,-1
4612,155502235442149,train_oof,1,phishing,1,phishing,0.999076,0.000924,True,TP,2,1,-1,1,-1,-1,1,-1,-1,0,-1
4613,125048454032594,train_oof,0,legitimate,1,phishing,0.629953,0.370047,False,FP,2,1,-1,1,-1,1,1,-1,0,-1,-1
4614,93195022711941,train_oof,0,legitimate,0,legitimate,0.194054,0.805946,True,TN,1,1,1,1,-1,-1,1,1,0,1,1
4615,184383245976225,train_oof,1,phishing,1,phishing,0.994659,0.005341,True,TP,5,1,-1,1,-1,0,-1,1,-1,0,-1
4616,47823532385823,train_oof,0,legitimate,0,legitimate,0.432345,0.567655,True,TN,5,1,-1,1,-1,0,1,-1,0,0,-1
4617,71058750698799,train_oof,0,legitimate,0,legitimate,0.114067,0.885933,True,TN,1,1,-1,1,-1,1,1,-1,0,0,-1
4618,119146015806087,train_oof,0,legitimate,0,legitimate,0.065492,0.934508,True,TN,4,1,1,1,-1,0,1,1,0,1,1
4619,443604145517,train_oof,1,phishing,1,phishing,0.997567,0.002433,True,TP,5,-1,1,-1,-1,0,1,-1,-1,1,-1
4620,240444112548604,train_oof,0,legitimate,0,legitimate,0.252304,0.747696,True,TN,2,1,-1,1,-1,1,1,-1,0,0,-1
4621,55436269133301,train_oof,1,phishing,1,phishing,0.964428,0.035572,True,TP,4,1,1,1,-1,-1,-1,1,-1,0,1
4622,35867422128159,train_oof,0,legitimate,0,legitimate,0.00166,0.99834,True,TN,2,-1,-1,-1,1,-1,1,1,0,0,-1
4623,97093229428190,train_oof,0,legitimate,0,legitimate,0.048733,0.951267,True,TN,5,1,1,1,1,1,1,1,0,1,1
4624,120819561064458,train_oof,0,legitimate,0,legitimate,0.031013,0.968987,True,TN,5,1,-1,1,-1,1,1,-1,1,0,-1
4625,186583371588694,train_oof,0,legitimate,0,legitimate,0.042698,0.957302,True,TN,1,-1,-1,-1,-1,-1,1,1,0,0,-1
4627,219674335520752,train_oof,1,phishing,1,phishing,0.56813,0.43187,True,TP,5,1,-1,1,-1,-1,1,-1,0,0,-1
4628,34410106757011,train_oof,0,legitimate,0,legitimate,0.235943,0.764057,True,TN,3,1,-1,1,-1,1,-1,1,0,-1,-1
4629,252657480442137,train_oof,0,legitimate,0,legitimate,0.009893,0.990107,True,TN,5,1,-1,1,-1,1,1,1,1,0,-1
4631,177710473282856,train_oof,0,legitimate,0,legitimate,0.460925,0.539075,True,TN,3,1,-1,1,-1,1,1,1,0,-1,-1
4632,252415280405169,train_oof,1,phishing,1,phishing,0.991399,0.008601,True,TP,2,1,-1,1,-1,0,-1,-1,-1,-1,-1
4633,184007829377084,train_oof,0,legitimate,0,legitimate,0.378975,0.621025,True,TN,5,1,-1,1,-1,-1,-1,1,0,0,-1
4635,154130890173267,train_oof,0,legitimate,0,legitimate,0.259419,0.740581,True,TN,3,1,-1,1,-1,1,1,-1,0,0,-1
4636,49274606206125,train_oof,0,legitimate,0,legitimate,0.005353,0.994647,True,TN,3,1,-1,1,-1,1,1,1,1,1,-1
4637,28479766809650,train_oof,1,phishing,1,phishing,0.643159,0.356841,True,TP,2,1,-1,1,-1,0,1,1,0,-1,-1
4638,222794886806536,train_oof,1,phishing,1,phishing,0.991114,0.008886,True,TP,4,1,-1,1,-1,-1,1,1,-1,-1,-1
4639,57697046038404,train_oof,0,legitimate,0,legitimate,0.410616,0.589384,True,TN,5,1,-1,1,-1,0,-1,1,0,-1,-1
4640,36389520962394,train_oof,1,phishing,1,phishing,0.991641,0.008359,True,TP,5,1,1,1,-1,-1,1,1,-1,-1,1
4641,155545522680261,train_oof,0,legitimate,1,phishing,0.652162,0.347838,False,FP,1,1,-1,1,-1,0,1,-1,0,-1,-1
4642,247761053376420,train_oof,0,legitimate,0,legitimate,0.121377,0.878623,True,TN,2,1,0,-1,-1,0,1,1,0,0,-1
4644,190472377439922,train_oof,1,phishing,0,legitimate,0.024683,0.975317,False,FN,5,1,1,1,-1,-1,1,1,0,0,1
4645,102971612084868,train_oof,1,phishing,1,phishing,0.999264,0.000736,True,TP,1,1,-1,1,-1,0,-1,-1,-1,0,-1
4646,220909738711119,train_oof,0,legitimate,0,legitimate,0.000438,0.999562,True,TN,2,1,-1,1,1,-1,1,1,1,1,-1
4648,56523992866093,train_oof,0,legitimate,0,legitimate,0.000493,0.999507,True,TN,4,1,1,1,1,0,1,1,0,0,1
4650,209251685992967,train_oof,0,legitimate,0,legitimate,0.194416,0.805584,True,TN,2,1,-1,1,-1,-1,1,1,0,1,-1
4651,35867422128159,train_oof,0,legitimate,0,legitimate,0.00166,0.99834,True,TN,2,-1,-1,-1,1,-1,1,1,0,0,-1
4652,13546276689503,train_oof,0,legitimate,0,legitimate,0.406399,0.593601,True,TN,2,1,-1,1,-1,0,1,-1,0,0,-1
4653,71058750698799,train_oof,0,legitimate,0,legitimate,0.114067,0.885933,True,TN,1,1,-1,1,-1,1,1,-1,0,0,-1
4654,251817802180651,train_oof,0,legitimate,0,legitimate,0.432337,0.567663,True,TN,4,1,-1,1,-1,1,1,1,0,-1,-1
4656,227959881691898,train_oof,1,phishing,1,phishing,0.995176,0.004824,True,TP,2,1,1,1,-1,-1,1,1,-1,-1,1
4657,240637319693830,train_oof,0,legitimate,0,legitimate,0.15142,0.84858,True,TN,1,1,-1,1,-1,1,1,1,0,0,-1
4658,219816725973514,train_oof,1,phishing,1,phishing,0.941951,0.058049,True,TP,5,1,1,1,-1,-1,1,1,-1,0,1
4659,27280603199551,train_oof,0,legitimate,0,legitimate,0.195778,0.804222,True,TN,4,1,-1,1,-1,1,1,1,0,1,-1
4660,44816242066725,train_oof,1,phishing,0,legitimate,0.024683,0.975317,False,FN,5,1,1,1,-1,-1,1,1,0,0,1
4661,96725134492446,train_oof,0,legitimate,0,legitimate,0.451409,0.548591,True,TN,2,1,-1,1,-1,-1,1,1,0,0,-1
4662,70778526749387,train_oof,0,legitimate,0,legitimate,0.339,0.661,True,TN,5,1,1,1,-1,-1,-1,1,0,1,1
4663,90111128579822,train_oof,0,legitimate,0,legitimate,0.00166,0.99834,True,TN,2,-1,-1,-1,1,-1,1,1,0,0,-1
4664,3856638447501,train_oof,1,phishing,1,phishing,0.96557,0.03443,True,TP,2,-1,-1,-1,-1,-1,1,1,-1,-1,-1
4665,186620934792476,train_oof,1,phishing,1,phishing,0.995747,0.004253,True,TP,4,1,-1,1,-1,0,1,-1,-1,1,-1
4666,193309304141292,train_oof,1,phishing,1,phishing,0.992646,0.007354,True,TP,1,1,-1,1,-1,0,-1,-1,-1,-1,-1
4667,187490278162865,train_oof,1,phishing,1,phishing,0.99805,0.00195,True,TP,4,1,-1,1,-1,0,1,-1,-1,0,-1
4668,169522667255692,train_oof,0,legitimate,0,legitimate,0.028759,0.971241,True,TN,2,1,-1,1,1,-1,1,-1,1,-1,-1
4669,232151202383544,train_oof,0,legitimate,0,legitimate,0.122581,0.877419,True,TN,3,1,-1,1,-1,0,-1,1,0,1,-1
4670,170209312054736,train_oof,1,phishing,1,phishing,0.99718,0.00282,True,TP,4,1,-1,1,-1,0,-1,-1,-1,0,-1
4671,88141711169728,train_oof,0,legitimate,0,legitimate,0.374259,0.625741,True,TN,5,1,-1,1,-1,-1,1,-1,0,1,-1
4673,75324552249529,train_oof,0,legitimate,0,legitimate,0.07869,0.92131,True,TN,4,1,1,1,-1,-1,1,1,1,0,1
4674,219816725973514,train_oof,1,phishing,1,phishing,0.941951,0.058049,True,TP,5,1,1,1,-1,-1,1,1,-1,0,1
4675,7233108041578,train_oof,0,legitimate,0,legitimate,0.135439,0.864561,True,TN,3,1,1,1,-1,-1,1,1,0,0,-1
4676,232930756335283,train_oof,0,legitimate,0,legitimate,0.379128,0.620872,True,TN,4,1,1,1,-1,0,1,-1,0,0,-1
4678,200964267413725,train_oof,0,legitimate,0,legitimate,0.183969,0.816031,True,TN,2,1,-1,1,-1,1,1,-1,1,-1,-1
4679,152278421402587,train_oof,1,phishing,1,phishing,0.99786,0.00214,True,TP,3,-1,-1,-1,-1,0,-1,-1,-1,1,-1
4680,236604105849242,train_oof,0,legitimate,0,legitimate,0.022194,0.977806,True,TN,4,1,1,1,-1,1,1,1,1,0,1
4681,17040981443169,train_oof,0,legitimate,0,legitimate,0.007763,0.992237,True,TN,5,1,-1,1,-1,1,-1,1,1,1,-1
4683,176198235503874,train_oof,1,phishing,1,phishing,0.998384,0.001616,True,TP,3,1,-1,1,-1,0,1,-1,-1,-1,-1
4684,219590929647353,train_oof,1,phishing,1,phishing,0.941951,0.058049,True,TP,5,1,1,1,-1,-1,1,1,-1,0,1
4685,122355779445913,train_oof,0,legitimate,0,legitimate,0.106775,0.893225,True,TN,2,1,-1,1,-1,0,-1,-1,1,1,-1
4686,153211488248219,train_oof,1,phishing,1,phishing,0.711065,0.288935,True,TP,3,1,-1,1,-1,0,1,1,0,-1,-1
4687,173408098362928,train_oof,0,legitimate,1,phishing,0.822009,0.177991,False,FP,5,1,-1,1,-1,-1,1,-1,0,-1,-1
4688,72158615176960,train_oof,1,phishing,0,legitimate,0.212628,0.787372,False,FN,4,1,-1,1,-1,1,1,1,0,0,-1
4689,99488535263979,train_oof,1,phishing,1,phishing,0.586441,0.413559,True,TP,2,1,-1,1,-1,-1,1,-1,0,0,-1
4690,43671152457827,train_oof,1,phishing,1,phishing,0.678846,0.321154,True,TP,5,1,-1,1,-1,-1,1,1,0,-1,-1
4691,198773711216776,train_oof,1,phishing,0,legitimate,0.464662,0.535338,False,FN,3,1,-1,1,-1,-1,1,1,0,0,-1
4692,4140683528218,train_oof,1,phishing,1,phishing,0.946223,0.053777,True,TP,5,1,-1,1,-1,-1,1,1,-1,0,-1
4694,106112546748125,train_oof,1,phishing,1,phishing,0.971209,0.028791,True,TP,2,-1,-1,-1,-1,-1,-1,1,-1,1,-1
4695,240652132222181,train_oof,0,legitimate,0,legitimate,0.007097,0.992903,True,TN,4,1,1,1,1,-1,1,1,0,0,1
4696,146523884623547,train_oof,1,phishing,1,phishing,0.655341,0.344659,True,TP,2,1,-1,1,-1,-1,1,1,0,-1,-1
4697,261770564528320,train_oof,0,legitimate,0,legitimate,0.28966,0.71034,True,TN,5,1,1,1,-1,-1,1,1,0,1,1
4698,244296496732059,train_oof,0,legitimate,0,legitimate,0.448565,0.551435,True,TN,4,1,-1,1,-1,-1,1,1,1,-1,-1
4699,181225496578086,train_oof,0,legitimate,0,legitimate,0.370992,0.629008,True,TN,5,1,-1,1,-1,0,1,1,0,0,-1
4700,170470810986605,train_oof,0,legitimate,0,legitimate,0.035202,0.964798,True,TN,4,1,-1,1,1,-1,1,1,0,-1,-1
4701,116167105574936,train_oof,1,phishing,1,phishing,0.988502,0.011498,True,TP,1,1,-1,1,-1,1,1,1,-1,0,-1
4702,76301897762719,train_oof,1,phishing,1,phishing,0.999106,0.000894,True,TP,5,1,-1,1,-1,0,1,-1,-1,-1,-1
4704,84928280217011,train_oof,1,phishing,1,phishing,0.99776,0.00224,True,TP,1,1,-1,1,-1,-1,1,-1,-1,-1,-1
4706,122045852124301,train_oof,0,legitimate,0,legitimate,0.370992,0.629008,True,TN,5,1,-1,1,-1,0,1,1,0,0,-1
4707,190376062363388,train_oof,0,legitimate,0,legitimate,0.297482,0.702518,True,TN,2,1,-1,1,-1,1,-1,1,0,0,-1
4708,115933150210654,train_oof,0,legitimate,0,legitimate,0.487318,0.512682,True,TN,5,1,-1,1,-1,-1,1,1,0,0,-1
4709,7658486903091,train_oof,1,phishing,1,phishing,0.521058,0.478942,True,TP,1,1,-1,1,-1,-1,1,-1,0,0,-1
4710,216904679815554,train_oof,0,legitimate,0,legitimate,0.034703,0.965297,True,TN,1,1,1,1,-1,1,-1,1,0,1,1
4711,150210291735475,train_oof,0,legitimate,0,legitimate,0.001519,0.998481,True,TN,1,1,-1,1,1,1,1,1,0,1,-1
4712,19071252989215,train_oof,1,phishing,1,phishing,0.972621,0.027379,True,TP,1,1,1,1,-1,0,-1,1,-1,0,1
4714,171240462699987,train_oof,1,phishing,1,phishing,0.800515,0.199485,True,TP,3,1,-1,1,-1,-1,1,-1,0,-1,-1
4715,72663201568602,train_oof,1,phishing,0,legitimate,0.262766,0.737234,False,FN,2,1,-1,1,-1,-1,1,-1,0,1,-1
4716,270684079569013,train_oof,1,phishing,1,phishing,0.99362,0.00638,True,TP,1,1,1,1,-1,0,1,1,-1,0,1
4717,9908587013651,train_oof,0,legitimate,0,legitimate,0.027017,0.972983,True,TN,4,1,-1,1,-1,0,1,1,1,1,-1
4720,253336818213623,train_oof,1,phishing,1,phishing,0.995707,0.004293,True,TP,1,1,-1,1,-1,0,1,-1,-1,0,-1
4723,37782357329742,train_oof,1,phishing,1,phishing,0.997219,0.002781,True,TP,1,1,-1,1,-1,0,1,-1,-1,-1,-1
4724,133707640833852,train_oof,0,legitimate,0,legitimate,0.00499,0.99501,True,TN,1,1,-1,1,1,-1,-1,1,0,1,-1
4725,26378427423202,train_oof,1,phishing,1,phishing,0.799991,0.200009,True,TP,1,1,-1,1,-1,-1,1,-1,0,-1,-1
4727,55324702012950,train_oof,0,legitimate,0,legitimate,0.010987,0.989013,True,TN,3,1,-1,1,1,1,-1,1,0,1,-1
4728,15749231434598,train_oof,0,legitimate,0,legitimate,0.112269,0.887731,True,TN,3,1,-1,1,-1,0,1,-1,1,0,-1
4729,229700921371289,train_oof,0,legitimate,0,legitimate,0.232883,0.767117,True,TN,2,1,-1,1,-1,-1,-1,1,0,-1,-1
4730,176844110686213,train_oof,1,phishing,1,phishing,0.999076,0.000924,True,TP,2,1,-1,1,-1,-1,1,-1,-1,0,-1
4731,180929105092360,train_oof,0,legitimate,0,legitimate,0.28966,0.71034,True,TN,5,1,1,1,-1,-1,1,1,0,1,1
4732,228053397798035,train_oof,1,phishing,1,phishing,0.999076,0.000924,True,TP,2,1,-1,1,-1,-1,1,-1,-1,0,-1
4733,101468249477285,train_oof,0,legitimate,0,legitimate,0.406399,0.593601,True,TN,2,1,-1,1,-1,0,1,-1,0,0,-1
4734,186250784674875,train_oof,0,legitimate,0,legitimate,0.270682,0.729318,True,TN,3,1,-1,1,-1,1,1,1,0,1,-1
4735,19030167655009,train_oof,1,phishing,1,phishing,0.521058,0.478942,True,TP,1,1,-1,1,-1,-1,1,-1,0,0,-1
4736,69514195002310,train_oof,1,phishing,0,legitimate,0.114067,0.885933,False,FN,1,1,-1,1,-1,1,1,-1,0,0,-1
4737,18482016538595,train_oof,1,phishing,1,phishing,0.646613,0.353387,True,TP,5,1,-1,1,-1,-1,1,-1,1,-1,-1
4738,24397875346880,train_oof,1,phishing,1,phishing,0.9992,0.0008,True,TP,3,1,-1,1,-1,-1,1,-1,-1,-1,-1
4739,137390914588571,train_oof,0,legitimate,0,legitimate,0.294377,0.705623,True,TN,3,1,-1,1,-1,-1,-1,1,0,-1,-1
4740,257988078826990,train_oof,1,phishing,1,phishing,0.945702,0.054298,True,TP,3,1,-1,1,-1,-1,1,1,-1,0,-1
4742,145238212261053,train_oof,0,legitimate,0,legitimate,0.259419,0.740581,True,TN,3,1,-1,1,-1,1,1,-1,0,0,-1
4743,186583371588694,train_oof,0,legitimate,0,legitimate,0.042698,0.957302,True,TN,1,-1,-1,-1,-1,-1,1,1,0,0,-1
4744,116582565465556,train_oof,0,legitimate,0,legitimate,0.15142,0.84858,True,TN,1,1,-1,1,-1,1,1,1,0,0,-1
4745,198773711216776,train_oof,1,phishing,0,legitimate,0.464662,0.535338,False,FN,3,1,-1,1,-1,-1,1,1,0,0,-1
4746,90566648281566,train_oof,1,phishing,1,phishing,0.967021,0.032979,True,TP,3,-1,-1,-1,-1,-1,-1,1,-1,1,-1
4748,80868154911754,train_oof,0,legitimate,0,legitimate,0.093235,0.906765,True,TN,1,1,-1,1,-1,-1,-1,1,0,1,-1
4749,118280103496757,train_oof,1,phishing,1,phishing,0.996931,0.003069,True,TP,4,-1,-1,-1,-1,0,-1,-1,-1,1,-1
4750,160820514637797,train_oof,0,legitimate,0,legitimate,0.211451,0.788549,True,TN,1,1,-1,1,-1,1,1,-1,1,-1,-1
4751,55529484674520,train_oof,1,phishing,1,phishing,0.986177,0.013823,True,TP,5,1,-1,1,-1,1,1,-1,-1,-1,-1
4752,276022502359479,train_oof,1,phishing,1,phishing,0.678846,0.321154,True,TP,5,1,-1,1,-1,-1,1,1,0,-1,-1
4753,235800724627269,train_oof,1,phishing,1,phishing,0.997925,0.002075,True,TP,3,1,-1,1,-1,-1,-1,-1,-1,0,-1
4754,194923479889131,train_oof,1,phishing,1,phishing,0.99776,0.00224,True,TP,1,1,-1,1,-1,-1,1,-1,-1,-1,-1
4755,1122427843610,train_oof,0,legitimate,0,legitimate,0.291066,0.708934,True,TN,4,1,-1,1,-1,1,1,-1,0,1,-1
4756,112051124819421,train_oof,1,phishing,1,phishing,0.920155,0.079845,True,TP,5,1,-1,1,-1,-1,1,1,-1,1,-1
4757,166887571374981,train_oof,0,legitimate,0,legitimate,0.02478,0.97522,True,TN,5,1,-1,1,1,0,1,-1,0,0,-1
4758,99488535263979,train_oof,1,phishing,1,phishing,0.586441,0.413559,True,TP,2,1,-1,1,-1,-1,1,-1,0,0,-1
4759,186620934792476,train_oof,1,phishing,1,phishing,0.995747,0.004253,True,TP,4,1,-1,1,-1,0,1,-1,-1,1,-1
4760,237403709922775,train_oof,0,legitimate,0,legitimate,0.298335,0.701665,True,TN,4,1,-1,1,-1,0,1,-1,0,1,-1
4761,70108853955761,train_oof,1,phishing,1,phishing,0.998101,0.001899,True,TP,4,1,-1,1,-1,-1,1,-1,-1,0,-1
4763,236553749793484,train_oof,0,legitimate,0,legitimate,0.15142,0.84858,True,TN,1,1,-1,1,-1,1,1,1,0,0,-1
4764,70256624573090,train_oof,1,phishing,1,phishing,0.99841,0.00159,True,TP,3,1,-1,1,-1,-1,1,-1,-1,0,-1
4766,51820817194534,train_oof,1,phishing,1,phishing,0.719882,0.280118,True,TP,4,1,-1,1,-1,-1,1,1,0,-1,-1
4769,216256338067249,train_oof,1,phishing,1,phishing,0.950892,0.049108,True,TP,4,1,0,1,-1,-1,1,1,-1,0,-1
4770,167876179566418,train_oof,0,legitimate,0,legitimate,0.068166,0.931834,True,TN,2,1,-1,1,-1,0,1,1,1,0,-1
4771,278546548538116,train_oof,0,legitimate,0,legitimate,0.374259,0.625741,True,TN,5,1,-1,1,-1,-1,1,-1,0,1,-1
4773,25589422353485,train_oof,1,phishing,1,phishing,0.99742,0.00258,True,TP,3,1,-1,1,-1,0,1,1,-1,0,-1
4774,46596838473259,train_oof,1,phishing,0,legitimate,0.400457,0.599543,False,FN,5,1,-1,1,-1,1,1,1,0,-1,-1
4775,125048454032594,train_oof,0,legitimate,1,phishing,0.629953,0.370047,False,FP,2,1,-1,1,-1,1,1,-1,0,-1,-1
4776,118023725836322,train_oof,1,phishing,1,phishing,0.678846,0.321154,True,TP,5,1,-1,1,-1,-1,1,1,0,-1,-1
4778,33339853157677,train_oof,0,legitimate,0,legitimate,0.20778,0.79222,True,TN,1,1,1,1,-1,-1,1,1,0,0,1
4780,125546284971173,train_oof,0,legitimate,0,legitimate,0.234547,0.765453,True,TN,3,1,1,1,-1,-1,1,1,0,0,1
4781,177710473282856,train_oof,1,phishing,0,legitimate,0.460925,0.539075,False,FN,3,1,-1,1,-1,1,1,1,0,-1,-1
4783,158967653881130,train_oof,0,legitimate,0,legitimate,0.331794,0.668206,True,TN,1,1,-1,1,-1,-1,-1,1,1,-1,-1
4785,151982445091819,train_oof,1,phishing,1,phishing,0.994679,0.005321,True,TP,2,1,-1,1,-1,0,1,1,-1,0,-1
4786,26378427423202,train_oof,1,phishing,1,phishing,0.799991,0.200009,True,TP,1,1,-1,1,-1,-1,1,-1,0,-1,-1
4787,12292260783572,train_oof,1,phishing,1,phishing,0.99718,0.00282,True,TP,4,1,-1,1,-1,0,-1,-1,-1,0,-1
4789,173056376330550,train_oof,0,legitimate,0,legitimate,0.28966,0.71034,True,TN,5,1,1,1,-1,-1,1,1,0,1,1
4790,27797711243115,train_oof,1,phishing,1,phishing,0.711065,0.288935,True,TP,3,1,-1,1,-1,0,1,1,0,-1,-1
4791,190812442056573,train_oof,0,legitimate,0,legitimate,0.030314,0.969686,True,TN,4,1,-1,1,-1,1,-1,1,1,0,-1
4792,96556523451829,train_oof,0,legitimate,1,phishing,0.800515,0.199485,False,FP,3,1,-1,1,-1,-1,1,-1,0,-1,-1
4793,8750961612704,train_oof,0,legitimate,0,legitimate,0.010073,0.989927,True,TN,2,1,1,1,-1,1,-1,1,1,-1,1
4794,84928280217011,train_oof,1,phishing,1,phishing,0.99776,0.00224,True,TP,1,1,-1,1,-1,-1,1,-1,-1,-1,-1
4796,7647195511287,train_oof,0,legitimate,0,legitimate,0.002439,0.997561,True,TN,1,-1,-1,-1,1,1,1,-1,0,0,-1
4798,187796755108668,train_oof,1,phishing,1,phishing,0.586441,0.413559,True,TP,2,1,-1,1,-1,-1,1,-1,0,0,-1
4800,222272817729771,train_oof,0,legitimate,1,phishing,0.53712,0.46288,False,FP,1,1,-1,1,-1,-1,1,1,0,0,-1
4801,183694956281311,train_oof,0,legitimate,0,legitimate,0.098915,0.901085,True,TN,5,-1,-1,-1,-1,1,1,-1,0,0,-1
4803,220578278099674,train_oof,1,phishing,1,phishing,0.995511,0.004489,True,TP,5,1,-1,1,-1,0,1,1,-1,0,-1
4804,97970327656909,train_oof,0,legitimate,0,legitimate,0.06654,0.93346,True,TN,2,1,-1,1,-1,-1,-1,1,0,1,-1
4805,264849604521799,train_oof,0,legitimate,0,legitimate,0.098749,0.901251,True,TN,2,-1,1,-1,-1,0,-1,-1,1,1,1
4806,129686357395745,train_oof,1,phishing,0,legitimate,0.325018,0.674982,False,FN,2,1,-1,1,-1,0,1,1,0,0,-1
4807,194299903384107,train_oof,1,phishing,1,phishing,0.99805,0.00195,True,TP,4,1,-1,1,-1,0,1,-1,-1,0,-1
4809,23936285379948,train_oof,0,legitimate,0,legitimate,0.317478,0.682522,True,TN,5,1,1,1,-1,1,1,1,0,1,1
4810,1614351818847,train_oof,0,legitimate,0,legitimate,0.008311,0.991689,True,TN,4,-1,-1,-1,1,1,1,1,0,-1,-1
4812,132638995660380,train_oof,0,legitimate,0,legitimate,0.014086,0.985914,True,TN,1,-1,-1,-1,1,-1,1,1,1,-1,-1
4813,236553749793484,train_oof,0,legitimate,0,legitimate,0.15142,0.84858,True,TN,1,1,-1,1,-1,1,1,1,0,0,-1
4815,250349875857382,train_oof,1,phishing,0,legitimate,0.206913,0.793087,False,FN,2,1,-1,1,-1,1,1,1,0,1,-1
4817,174783419865003,train_oof,0,legitimate,0,legitimate,0.195885,0.804115,True,TN,3,1,-1,1,-1,0,-1,1,0,0,-1
4818,125546284971173,train_oof,0,legitimate,0,legitimate,0.234547,0.765453,True,TN,3,1,1,1,-1,-1,1,1,0,0,1
4819,269670746122176,train_oof,1,phishing,1,phishing,0.996826,0.003174,True,TP,1,-1,-1,-1,-1,0,-1,1,-1,1,-1
4821,93172574512089,train_oof,0,legitimate,0,legitimate,0.013151,0.986849,True,TN,5,1,-1,1,-1,1,-1,1,1,0,-1
4822,106521709422638,train_oof,1,phishing,1,phishing,0.998456,0.001544,True,TP,2,-1,-1,-1,-1,0,-1,-1,-1,1,-1
4823,173408098362928,train_oof,0,legitimate,1,phishing,0.822009,0.177991,False,FP,5,1,-1,1,-1,-1,1,-1,0,-1,-1
4825,116307050891363,train_oof,0,legitimate,0,legitimate,0.031013,0.968987,True,TN,5,1,-1,1,-1,1,1,-1,1,0,-1
4826,181113906803775,train_oof,1,phishing,1,phishing,0.991114,0.008886,True,TP,4,1,-1,1,-1,-1,1,1,-1,-1,-1
4828,216104683657856,train_oof,0,legitimate,0,legitimate,0.329106,0.670894,True,TN,3,1,-1,1,-1,-1,1,1,1,-1,-1
4830,26378427423202,train_oof,1,phishing,1,phishing,0.799991,0.200009,True,TP,1,1,-1,1,-1,-1,1,-1,0,-1,-1
4831,229976790128934,train_oof,1,phishing,1,phishing,0.999577,0.000423,True,TP,2,1,-1,1,-1,-1,1,-1,-1,-1,-1
4832,81374063716803,train_oof,1,phishing,1,phishing,0.998456,0.001544,True,TP,2,-1,-1,-1,-1,0,-1,-1,-1,1,-1
4833,100149767197795,train_oof,0,legitimate,0,legitimate,0.081553,0.918447,True,TN,2,1,-1,1,-1,0,1,1,0,1,-1
4834,195336112706119,train_oof,1,phishing,1,phishing,0.988756,0.011244,True,TP,1,1,-1,1,-1,-1,1,1,-1,-1,-1
4836,236400034688764,train_oof,1,phishing,1,phishing,0.825405,0.174595,True,TP,2,1,-1,1,-1,-1,1,-1,0,-1,-1
4837,75923047006902,train_oof,0,legitimate,0,legitimate,0.331794,0.668206,True,TN,1,1,-1,1,-1,-1,-1,1,1,-1,-1
4838,79521340179257,train_oof,1,phishing,1,phishing,0.998101,0.001899,True,TP,4,1,-1,1,-1,-1,1,-1,-1,0,-1
4840,262294101939178,train_oof,1,phishing,1,phishing,0.997934,0.002066,True,TP,4,1,-1,1,-1,0,1,1,-1,-1,-1
4841,216256338067249,train_oof,1,phishing,1,phishing,0.950892,0.049108,True,TP,4,1,0,1,-1,-1,1,1,-1,0,-1
4842,261873513217492,train_oof,0,legitimate,0,legitimate,0.068096,0.931904,True,TN,5,-1,-1,-1,-1,0,1,1,0,0,-1
4843,165491335644701,train_oof,0,legitimate,0,legitimate,0.059242,0.940758,True,TN,5,1,1,1,-1,0,-1,1,0,0,1
4846,92208466412000,train_oof,0,legitimate,0,legitimate,0.23676,0.76324,True,TN,1,-1,-1,-1,-1,-1,1,1,0,-1,-1
4847,28089907991855,train_oof,1,phishing,1,phishing,0.996882,0.003118,True,TP,3,-1,1,-1,-1,0,1,-1,-1,1,-1
4848,165289260111985,train_oof,1,phishing,1,phishing,0.999106,0.000894,True,TP,5,1,-1,1,-1,0,1,-1,-1,-1,-1
4849,184703783240912,train_oof,0,legitimate,0,legitimate,0.054324,0.945676,True,TN,1,1,1,1,-1,0,1,1,1,1,1
4850,194129346837835,train_oof,0,legitimate,0,legitimate,0.487318,0.512682,True,TN,5,1,-1,1,-1,-1,1,1,0,0,-1
4851,128399334439625,train_oof,1,phishing,1,phishing,0.997441,0.002559,True,TP,5,1,-1,1,-1,0,1,1,-1,-1,-1
4852,96725134492446,train_oof,0,legitimate,0,legitimate,0.451409,0.548591,True,TN,2,1,-1,1,-1,-1,1,1,0,0,-1
4853,275071036488237,train_oof,0,legitimate,0,legitimate,0.08005,0.91995,True,TN,5,-1,-1,-1,-1,0,1,-1,1,1,-1
4854,19287778250290,train_oof,0,legitimate,1,phishing,0.654194,0.345806,False,FP,3,1,-1,1,-1,0,1,-1,0,-1,-1
4855,109463730511443,train_oof,0,legitimate,0,legitimate,0.069871,0.930129,True,TN,1,-1,1,-1,1,1,1,1,0,0,1
4856,197663003313425,train_oof,1,phishing,1,phishing,0.58005,0.41995,True,TP,1,1,-1,1,-1,1,1,-1,0,-1,-1
4857,189374293510849,train_oof,1,phishing,1,phishing,0.825405,0.174595,True,TP,2,1,-1,1,-1,-1,1,-1,0,-1,-1
4858,220578278099674,train_oof,1,phishing,1,phishing,0.995511,0.004489,True,TP,5,1,-1,1,-1,0,1,1,-1,0,-1
4859,11118332588827,train_oof,0,legitimate,0,legitimate,0.004801,0.995199,True,TN,1,1,-1,1,-1,1,1,1,1,0,-1
4861,188520242929200,train_oof,0,legitimate,0,legitimate,0.301704,0.698296,True,TN,2,1,-1,1,-1,1,1,-1,0,1,-1
4862,222272817729771,train_oof,0,legitimate,1,phishing,0.53712,0.46288,False,FP,1,1,-1,1,-1,-1,1,1,0,0,-1
4863,82192963753944,train_oof,1,phishing,1,phishing,0.724541,0.275459,True,TP,3,1,-1,1,-1,-1,1,1,0,-1,-1
4864,83525070164108,train_oof,0,legitimate,0,legitimate,0.163043,0.836957,True,TN,3,1,-1,1,-1,-1,1,1,1,0,-1
4865,163600880901516,train_oof,1,phishing,1,phishing,0.95989,0.04011,True,TP,4,1,-1,1,-1,1,1,-1,-1,1,-1
4866,226719101086538,train_oof,1,phishing,1,phishing,0.972753,0.027247,True,TP,2,1,1,1,-1,-1,1,1,-1,0,1
4867,277985839175075,train_oof,1,phishing,1,phishing,0.991114,0.008886,True,TP,4,1,-1,1,-1,-1,1,1,-1,-1,-1
4868,222495266229423,train_oof,1,phishing,1,phishing,0.9992,0.0008,True,TP,3,1,-1,1,-1,-1,1,-1,-1,-1,-1
4873,249903249257749,train_oof,1,phishing,1,phishing,0.998621,0.001379,True,TP,2,1,-1,1,-1,-1,-1,-1,-1,0,-1
4874,117210197118854,train_oof,0,legitimate,0,legitimate,0.128086,0.871914,True,TN,4,1,-1,1,-1,0,1,-1,1,0,-1
4875,215584948144521,train_oof,1,phishing,1,phishing,0.99841,0.00159,True,TP,3,1,-1,1,-1,-1,1,-1,-1,0,-1
4876,248567928009864,train_oof,1,phishing,1,phishing,0.58005,0.41995,True,TP,1,1,-1,1,-1,1,1,-1,0,-1,-1
4878,165536150175472,train_oof,0,legitimate,0,legitimate,0.000356,0.999644,True,TN,2,1,1,1,1,1,1,1,1,0,1
4879,147926948618540,train_oof,0,legitimate,0,legitimate,0.121377,0.878623,True,TN,2,1,0,-1,-1,0,1,1,0,0,-1
4880,96624240478627,train_oof,0,legitimate,0,legitimate,0.004956,0.995044,True,TN,4,1,-1,1,1,-1,1,-1,1,0,-1
4881,49149455616722,train_oof,1,phishing,1,phishing,0.999106,0.000894,True,TP,5,1,-1,1,-1,0,1,-1,-1,-1,-1
4882,36027522146160,train_oof,0,legitimate,0,legitimate,0.055896,0.944104,True,TN,4,1,1,1,-1,-1,-1,1,0,-1,1
4883,215809862849832,train_oof,0,legitimate,0,legitimate,0.00943,0.99057,True,TN,3,1,-1,1,-1,1,1,1,1,0,-1
4885,191071629076186,train_oof,1,phishing,1,phishing,0.629953,0.370047,True,TP,2,1,-1,1,-1,1,1,-1,0,-1,-1
4888,212655565604735,train_oof,0,legitimate,0,legitimate,0.163043,0.836957,True,TN,3,1,-1,1,-1,-1,1,1,1,0,-1
4889,234031656444700,train_oof,0,legitimate,0,legitimate,0.00046,0.99954,True,TN,1,1,-1,1,1,0,1,1,1,1,-1
4890,51938782160101,train_oof,0,legitimate,0,legitimate,0.002569,0.997431,True,TN,2,1,-1,1,1,0,1,-1,1,0,-1
4891,153748751158186,train_oof,0,legitimate,0,legitimate,0.039024,0.960976,True,TN,5,1,-1,1,-1,-1,1,1,1,1,-1
4892,260407473919436,train_oof,0,legitimate,0,legitimate,0.003003,0.996997,True,TN,4,1,-1,1,-1,1,1,1,1,1,-1
4894,231886286432177,train_oof,1,phishing,1,phishing,0.962664,0.037336,True,TP,4,-1,1,-1,-1,0,1,1,-1,0,1
4895,190855608439965,train_oof,1,phishing,1,phishing,0.985021,0.014979,True,TP,2,-1,1,-1,-1,0,-1,1,-1,1,1
4896,120948730947234,train_oof,0,legitimate,0,legitimate,0.010963,0.989037,True,TN,2,1,1,1,1,-1,1,1,1,-1,1
4897,10089903670305,train_oof,1,phishing,1,phishing,0.985103,0.014897,True,TP,1,1,-1,1,-1,1,1,-1,-1,-1,-1
4898,165536150175472,train_oof,0,legitimate,0,legitimate,0.000356,0.999644,True,TN,2,1,1,1,1,1,1,1,1,0,1
4899,190409292746832,train_oof,0,legitimate,0,legitimate,7e-06,0.999993,True,TN,4,1,-1,1,1,1,1,1,1,1,-1
4900,201863570102750,train_oof,1,phishing,0,legitimate,0.481864,0.518136,False,FN,5,1,-1,1,-1,1,-1,-1,0,-1,-1
4901,168003336876881,train_oof,0,legitimate,0,legitimate,0.001504,0.998496,True,TN,2,1,-1,1,1,1,1,1,0,1,-1
4902,220113697388121,train_oof,1,phishing,1,phishing,0.997441,0.002559,True,TP,5,1,-1,1,-1,0,1,1,-1,-1,-1
4903,44326346147861,train_oof,1,phishing,1,phishing,0.822009,0.177991,True,TP,5,1,-1,1,-1,-1,1,-1,0,-1,-1
4904,74311926592741,train_oof,0,legitimate,0,legitimate,0.042799,0.957201,True,TN,4,1,-1,1,-1,-1,1,1,1,1,-1
4905,251308762313207,train_oof,1,phishing,1,phishing,0.800886,0.199114,True,TP,4,1,-1,1,-1,-1,1,-1,0,-1,-1
4906,255419178056331,train_oof,1,phishing,1,phishing,0.981476,0.018524,True,TP,5,1,1,1,-1,-1,1,-1,-1,0,1
4908,33730620385024,train_oof,1,phishing,1,phishing,0.99841,0.00159,True,TP,3,1,-1,1,-1,-1,1,-1,-1,0,-1
4909,154680988396412,train_oof,0,legitimate,0,legitimate,0.078682,0.921318,True,TN,3,1,1,1,-1,0,-1,1,1,-1,1
4911,238772050355069,train_oof,1,phishing,1,phishing,0.99718,0.00282,True,TP,4,1,-1,1,-1,0,-1,-1,-1,0,-1
4912,182287810810826,train_oof,1,phishing,1,phishing,0.997944,0.002056,True,TP,2,1,-1,1,-1,0,1,-1,-1,-1,-1
4914,24264269404957,train_oof,0,legitimate,0,legitimate,0.129578,0.870422,True,TN,2,1,-1,1,-1,-1,1,1,1,0,-1
4916,212707617526361,train_oof,0,legitimate,0,legitimate,0.232,0.768,True,TN,5,1,-1,-1,-1,-1,1,-1,0,0,-1
4917,26282143162752,train_oof,1,phishing,0,legitimate,0.245715,0.754285,False,FN,3,1,1,1,-1,1,1,-1,0,1,-1
4918,210327648862971,train_oof,1,phishing,1,phishing,0.986177,0.013823,True,TP,5,1,-1,1,-1,1,1,-1,-1,-1,-1
4919,194603344079862,train_oof,1,phishing,1,phishing,0.9992,0.0008,True,TP,3,1,-1,1,-1,-1,1,-1,-1,-1,-1
4920,215469733969691,train_oof,1,phishing,1,phishing,0.986293,0.013707,True,TP,2,1,1,-1,-1,0,1,-1,-1,1,-1
4923,260576216640257,train_oof,0,legitimate,0,legitimate,0.166185,0.833815,True,TN,4,1,-1,-1,-1,-1,1,1,0,0,-1
4924,12354021142804,train_oof,0,legitimate,0,legitimate,0.270806,0.729194,True,TN,3,1,1,-1,-1,1,1,1,0,1,-1
4926,137635219092812,train_oof,0,legitimate,0,legitimate,0.107364,0.892636,True,TN,3,1,1,1,-1,1,1,1,0,0,-1
4927,280295083370519,train_oof,1,phishing,1,phishing,0.997219,0.002781,True,TP,1,1,-1,1,-1,0,1,-1,-1,-1,-1
4928,103916840067768,train_oof,0,legitimate,0,legitimate,0.058008,0.941992,True,TN,3,1,-1,1,-1,0,-1,1,1,1,-1
4929,195642040000361,train_oof,0,legitimate,0,legitimate,0.024456,0.975544,True,TN,3,1,-1,-1,-1,0,1,1,1,0,-1
4930,52236739903081,train_oof,0,legitimate,0,legitimate,0.009893,0.990107,True,TN,5,1,-1,1,-1,1,1,1,1,0,-1
4931,93157222058495,train_oof,1,phishing,1,phishing,0.678846,0.321154,True,TP,5,1,-1,1,-1,-1,1,1,0,-1,-1
4932,71058750698799,train_oof,0,legitimate,0,legitimate,0.114067,0.885933,True,TN,1,1,-1,1,-1,1,1,-1,0,0,-1
4933,102463551849123,train_oof,1,phishing,1,phishing,0.978305,0.021695,True,TP,1,1,-1,-1,-1,0,1,-1,-1,1,-1
4934,237692984833665,train_oof,1,phishing,1,phishing,0.946223,0.053777,True,TP,5,1,-1,1,-1,-1,1,1,-1,0,-1
4935,25971992542103,train_oof,1,phishing,1,phishing,0.669292,0.330708,True,TP,3,1,-1,1,-1,1,1,-1,0,-1,-1
4936,96218891315760,train_oof,0,legitimate,0,legitimate,0.10605,0.89395,True,TN,4,1,-1,-1,-1,-1,-1,1,1,0,-1
4937,108708357523355,train_oof,1,phishing,1,phishing,0.9992,0.0008,True,TP,3,1,-1,1,-1,-1,1,-1,-1,-1,-1
4938,102749663945626,train_oof,1,phishing,1,phishing,0.987643,0.012357,True,TP,4,1,-1,1,-1,1,1,-1,-1,0,-1
4940,163092237796469,train_oof,0,legitimate,0,legitimate,0.08862,0.91138,True,TN,5,1,-1,-1,-1,1,1,-1,0,0,-1
4941,108734485487607,train_oof,1,phishing,1,phishing,0.857172,0.142828,True,TP,5,1,-1,1,-1,1,-1,1,-1,1,-1
4942,87879075032265,train_oof,1,phishing,1,phishing,0.994679,0.005321,True,TP,2,1,-1,1,-1,0,1,1,-1,0,-1
4943,171397743022401,train_oof,0,legitimate,1,phishing,0.586441,0.413559,False,FP,2,1,-1,1,-1,-1,1,-1,0,0,-1
4944,54169711188508,train_oof,0,legitimate,0,legitimate,0.339,0.661,True,TN,5,1,1,1,-1,-1,-1,1,0,1,1
4945,20591004105567,train_oof,0,legitimate,1,phishing,0.521058,0.478942,False,FP,1,1,-1,1,-1,-1,1,-1,0,0,-1
4946,12961065014148,train_oof,0,legitimate,0,legitimate,0.155675,0.844325,True,TN,1,1,-1,-1,-1,-1,1,1,0,1,-1
4947,248567928009864,train_oof,1,phishing,1,phishing,0.58005,0.41995,True,TP,1,1,-1,1,-1,1,1,-1,0,-1,-1
4949,129235865964167,train_oof,0,legitimate,0,legitimate,0.019155,0.980845,True,TN,2,1,1,1,-1,1,1,1,1,-1,1
4950,210854522197072,train_oof,0,legitimate,0,legitimate,0.044248,0.955752,True,TN,3,1,-1,-1,-1,1,1,1,1,0,-1
4951,46881590683274,train_oof,1,phishing,1,phishing,0.997358,0.002642,True,TP,3,1,-1,1,-1,0,1,-1,-1,1,-1
4954,214139482695724,train_oof,0,legitimate,0,legitimate,0.010824,0.989176,True,TN,5,1,1,1,1,0,1,1,1,1,-1
4955,217025647357892,train_oof,1,phishing,1,phishing,0.979779,0.020221,True,TP,5,1,1,1,-1,0,-1,-1,-1,1,-1
4957,103489205510352,train_oof,0,legitimate,0,legitimate,0.200293,0.799707,True,TN,3,1,1,1,-1,-1,1,1,0,1,1
4958,96064347501800,train_oof,0,legitimate,0,legitimate,0.00432,0.99568,True,TN,1,1,1,1,1,-1,-1,1,0,-1,1
4959,17842022901731,train_oof,0,legitimate,0,legitimate,0.23384,0.76616,True,TN,2,1,0,-1,-1,-1,1,1,0,1,-1
4960,71986481942231,train_oof,0,legitimate,0,legitimate,0.331026,0.668974,True,TN,5,1,-1,-1,-1,-1,1,1,0,-1,-1
4961,172839996119487,train_oof,0,legitimate,0,legitimate,0.111527,0.888473,True,TN,1,1,-1,-1,-1,-1,-1,-1,1,1,-1
4962,56824222436660,train_oof,0,legitimate,0,legitimate,0.126537,0.873463,True,TN,5,1,-1,-1,-1,0,1,-1,0,1,-1
4963,154581484635716,train_oof,0,legitimate,0,legitimate,0.000864,0.999136,True,TN,4,1,-1,1,1,0,1,1,1,0,-1
4965,7330817827016,train_oof,0,legitimate,0,legitimate,0.00344,0.99656,True,TN,3,1,-1,1,1,-1,1,1,1,0,-1
4966,83181608023828,train_oof,0,legitimate,0,legitimate,0.010109,0.989891,True,TN,2,1,-1,1,-1,1,1,1,1,0,-1
4967,185313532103434,train_oof,0,legitimate,0,legitimate,0.133908,0.866092,True,TN,3,-1,-1,-1,-1,1,-1,-1,0,1,-1
4968,131557455044193,train_oof,1,phishing,0,legitimate,0.41462,0.58538,False,FN,4,1,-1,-1,-1,1,1,1,0,-1,-1
4969,246186901777910,train_oof,0,legitimate,0,legitimate,4.4e-05,0.999956,True,TN,1,-1,-1,-1,1,1,1,1,0,0,-1
4970,87176434415832,train_oof,0,legitimate,0,legitimate,0.03799,0.96201,True,TN,4,-1,-1,-1,-1,0,1,1,0,0,-1
4971,279537842744037,train_oof,0,legitimate,0,legitimate,0.006766,0.993234,True,TN,4,1,-1,1,1,-1,1,-1,0,1,-1
4972,41486473434543,train_oof,0,legitimate,0,legitimate,0.00285,0.99715,True,TN,2,1,1,1,1,0,1,1,0,0,1
4973,164045964405629,train_oof,1,phishing,1,phishing,0.941951,0.058049,True,TP,5,1,1,1,-1,-1,1,1,-1,0,1
4974,61641017522204,train_oof,1,phishing,1,phishing,0.987665,0.012335,True,TP,2,1,-1,1,-1,-1,1,-1,-1,1,-1
4975,278904268674713,train_oof,0,legitimate,0,legitimate,0.00137,0.99863,True,TN,5,1,1,1,1,-1,1,1,1,0,1
4976,239068479115300,train_oof,1,phishing,1,phishing,0.9992,0.0008,True,TP,3,1,-1,1,-1,-1,1,-1,-1,-1,-1
4977,212294320413410,train_oof,1,phishing,1,phishing,0.999106,0.000894,True,TP,5,1,-1,1,-1,0,1,-1,-1,-1,-1
4978,189374293510849,train_oof,1,phishing,1,phishing,0.825405,0.174595,True,TP,2,1,-1,1,-1,-1,1,-1,0,-1,-1
4979,153179241409783,train_oof,1,phishing,1,phishing,0.99514,0.00486,True,TP,4,-1,-1,-1,-1,0,1,-1,-1,1,-1
4980,10416613257906,train_oof,1,phishing,1,phishing,0.948149,0.051851,True,TP,1,1,1,1,-1,0,1,1,-1,1,1
4981,164631580477099,train_oof,1,phishing,0,legitimate,0.195778,0.804222,False,FN,4,1,-1,1,-1,1,1,1,0,1,-1
4982,226800197938174,train_oof,1,phishing,0,legitimate,0.451383,0.548617,False,FN,4,1,-1,1,-1,-1,1,1,0,0,-1
4983,224505938987258,train_oof,0,legitimate,0,legitimate,0.129578,0.870422,True,TN,2,1,-1,1,-1,-1,1,1,1,0,-1
4984,235788517058682,train_oof,0,legitimate,0,legitimate,0.06482,0.93518,True,TN,2,1,1,1,-1,0,1,1,0,0,1
4985,258401290901468,train_oof,0,legitimate,1,phishing,0.825405,0.174595,False,FP,2,1,-1,1,-1,-1,1,-1,0,-1,-1
4986,150232652611395,train_oof,0,legitimate,0,legitimate,0.066857,0.933143,True,TN,5,1,1,1,-1,1,1,1,0,0,1
4987,69489358559440,train_oof,0,legitimate,0,legitimate,0.260852,0.739148,True,TN,2,1,1,1,-1,0,1,1,0,-1,1
4988,79713635377420,train_oof,0,legitimate,0,legitimate,0.006434,0.993566,True,TN,5,1,-1,1,1,-1,1,1,0,0,-1
4989,208651974439566,train_oof,0,legitimate,0,legitimate,0.217579,0.782421,True,TN,1,1,-1,1,-1,1,-1,-1,1,-1,-1
4990,47909060713988,train_oof,0,legitimate,0,legitimate,0.001946,0.998054,True,TN,2,1,-1,1,1,1,1,1,0,0,-1
4991,252834041299982,train_oof,0,legitimate,0,legitimate,0.317478,0.682522,True,TN,5,1,1,1,-1,1,1,1,0,1,1
4993,124558123293158,train_oof,1,phishing,0,legitimate,0.130678,0.869322,False,FN,2,1,1,1,-1,1,1,1,0,1,1
4994,89702315148049,train_oof,1,phishing,1,phishing,0.985103,0.014897,True,TP,1,1,-1,1,-1,1,1,-1,-1,-1,-1
4996,73033750229959,train_oof,0,legitimate,0,legitimate,0.009795,0.990205,True,TN,5,1,-1,1,1,1,1,1,1,-1,-1
4997,210302711468717,train_oof,0,legitimate,0,legitimate,0.005353,0.994647,True,TN,3,1,-1,1,-1,1,1,1,1,1,-1
4998,44646305209202,train_oof,0,legitimate,0,legitimate,0.030936,0.969064,True,TN,1,-1,-1,-1,-1,0,1,1,1,0,-1
4999,30303354880109,train_oof,0,legitimate,0,legitimate,0.005135,0.994865,True,TN,5,1,-1,1,1,0,1,-1,1,1,-1
5000,186731591707396,train_oof,0,legitimate,0,legitimate,0.16727,0.83273,True,TN,4,1,-1,1,-1,-1,1,1,1,0,-1
5001,151653196275963,train_oof,0,legitimate,0,legitimate,0.075995,0.924005,True,TN,3,1,-1,1,-1,-1,-1,1,0,1,-1
5003,42392789916721,train_oof,0,legitimate,1,phishing,0.589537,0.410463,False,FP,3,1,-1,1,-1,-1,1,-1,0,0,-1
5005,76301897762719,train_oof,1,phishing,1,phishing,0.999106,0.000894,True,TP,5,1,-1,1,-1,0,1,-1,-1,-1,-1
5006,182593433973716,train_oof,0,legitimate,0,legitimate,0.025814,0.974186,True,TN,2,1,-1,1,1,-1,-1,-1,0,1,-1
5007,41051367518198,train_oof,1,phishing,1,phishing,0.987643,0.012357,True,TP,4,1,-1,1,-1,1,1,-1,-1,0,-1
5008,181225496578086,train_oof,0,legitimate,0,legitimate,0.370992,0.629008,True,TN,5,1,-1,1,-1,0,1,1,0,0,-1
5009,78422330735793,train_oof,0,legitimate,0,legitimate,0.246374,0.753626,True,TN,2,-1,1,-1,-1,1,1,1,0,-1,1
5010,72754144958815,train_oof,1,phishing,1,phishing,0.990239,0.009761,True,TP,4,1,-1,1,-1,1,1,1,-1,0,-1
5011,277645946331862,train_oof,1,phishing,1,phishing,0.835747,0.164253,True,TP,4,1,1,1,-1,1,1,1,-1,-1,1
5012,99732226977501,train_oof,1,phishing,1,phishing,0.99805,0.00195,True,TP,4,1,-1,1,-1,0,1,-1,-1,0,-1
5013,7076552042015,train_oof,0,legitimate,0,legitimate,0.040323,0.959677,True,TN,2,1,-1,1,-1,1,1,-1,1,1,-1
5014,252828565782666,train_oof,0,legitimate,0,legitimate,0.36085,0.63915,True,TN,4,-1,-1,-1,-1,0,1,1,0,-1,-1
5015,141505731925153,train_oof,0,legitimate,0,legitimate,0.068166,0.931834,True,TN,2,1,-1,1,-1,0,1,1,1,0,-1
5016,36573190341807,train_oof,0,legitimate,0,legitimate,0.451409,0.548591,True,TN,2,1,-1,1,-1,-1,1,1,0,0,-1
5017,204855214785050,train_oof,0,legitimate,0,legitimate,0.06482,0.93518,True,TN,2,1,1,1,-1,0,1,1,0,0,1
5019,6770797443670,train_oof,0,legitimate,0,legitimate,0.019076,0.980924,True,TN,1,1,1,-1,1,-1,1,1,0,1,1
5020,268721929604347,train_oof,0,legitimate,0,legitimate,0.002543,0.997457,True,TN,4,-1,-1,-1,1,1,1,-1,1,0,-1
5021,12427511676101,train_oof,1,phishing,1,phishing,0.655341,0.344659,True,TP,2,1,-1,1,-1,-1,1,1,0,-1,-1
5023,18490788926460,train_oof,0,legitimate,0,legitimate,0.042799,0.957201,True,TN,4,1,-1,1,-1,-1,1,1,1,1,-1
5024,180032423803076,train_oof,1,phishing,1,phishing,0.995484,0.004516,True,TP,4,-1,-1,-1,-1,0,-1,1,-1,1,-1
5025,191561876750493,train_oof,0,legitimate,0,legitimate,0.1541,0.8459,True,TN,3,-1,-1,-1,-1,0,1,-1,0,1,-1
5026,157661531831514,train_oof,0,legitimate,0,legitimate,0.054594,0.945406,True,TN,5,1,1,1,-1,-1,-1,1,0,-1,1
5027,247035806739669,train_oof,1,phishing,1,phishing,0.968516,0.031484,True,TP,3,1,-1,1,-1,-1,-1,1,-1,0,-1
5029,93195022711941,train_oof,0,legitimate,0,legitimate,0.194054,0.805946,True,TN,1,1,1,1,-1,-1,1,1,0,1,1
5031,236567311632590,train_oof,0,legitimate,0,legitimate,0.011269,0.988731,True,TN,1,1,1,1,1,-1,1,1,1,-1,1
5033,255787317833017,train_oof,0,legitimate,0,legitimate,0.035202,0.964798,True,TN,4,1,-1,1,1,-1,1,1,0,-1,-1
5034,98725156686283,train_oof,1,phishing,0,legitimate,0.129578,0.870422,False,FN,2,1,-1,1,-1,-1,1,1,1,0,-1
5035,84444531441747,train_oof,0,legitimate,0,legitimate,0.002166,0.997834,True,TN,2,1,-1,1,1,-1,-1,-1,1,1,-1
5036,132445042799984,train_oof,0,legitimate,0,legitimate,0.270682,0.729318,True,TN,3,1,-1,1,-1,1,1,1,0,1,-1
5038,120535522301148,train_oof,0,legitimate,1,phishing,0.756748,0.243252,False,FP,1,1,-1,1,-1,0,1,1,0,-1,-1
5039,190965219889009,train_oof,1,phishing,1,phishing,0.984136,0.015864,True,TP,3,1,1,1,-1,0,1,1,-1,-1,1
5040,109304537241772,train_oof,0,legitimate,1,phishing,0.822009,0.177991,False,FP,5,1,-1,1,-1,-1,1,-1,0,-1,-1
5041,146877611890923,train_oof,1,phishing,1,phishing,0.997331,0.002669,True,TP,3,1,-1,1,-1,0,1,1,-1,-1,-1
5042,6600879455457,train_oof,1,phishing,1,phishing,0.996327,0.003673,True,TP,5,1,0,1,-1,-1,-1,-1,-1,0,-1
5043,204863820555459,train_oof,1,phishing,1,phishing,0.995511,0.004489,True,TP,5,1,-1,1,-1,0,1,1,-1,0,-1
5044,64709752265746,train_oof,0,legitimate,0,legitimate,0.013088,0.986912,True,TN,1,1,1,1,-1,1,1,1,0,0,1
5045,194904271951860,train_oof,1,phishing,1,phishing,0.99776,0.00224,True,TP,1,1,-1,1,-1,-1,1,-1,-1,-1,-1
5046,42070409657910,train_oof,0,legitimate,0,legitimate,0.010113,0.989887,True,TN,5,1,1,1,-1,1,-1,1,0,0,1
5047,110212544814866,train_oof,0,legitimate,0,legitimate,0.200547,0.799453,True,TN,5,-1,1,-1,-1,0,1,1,0,0,1
5048,69513358642819,train_oof,0,legitimate,0,legitimate,0.464662,0.535338,True,TN,3,1,-1,1,-1,-1,1,1,0,0,-1
5050,256615062540196,train_oof,0,legitimate,0,legitimate,0.048654,0.951346,True,TN,1,1,1,1,-1,1,1,1,0,-1,1
5051,244296496732059,train_oof,0,legitimate,0,legitimate,0.448565,0.551435,True,TN,4,1,-1,1,-1,-1,1,1,1,-1,-1
5052,250350935890369,train_oof,1,phishing,1,phishing,0.586441,0.413559,True,TP,2,1,-1,1,-1,-1,1,-1,0,0,-1
5054,129165111148122,train_oof,0,legitimate,0,legitimate,0.000367,0.999633,True,TN,2,1,-1,1,1,0,1,1,1,1,-1
5055,231886286432177,train_oof,1,phishing,1,phishing,0.962664,0.037336,True,TP,4,-1,1,-1,-1,0,1,1,-1,0,1
5056,56245142814942,train_oof,0,legitimate,0,legitimate,0.212628,0.787372,True,TN,4,1,-1,1,-1,1,1,1,0,0,-1
5058,218294154794528,train_oof,1,phishing,1,phishing,0.998101,0.001899,True,TP,4,1,-1,1,-1,-1,1,-1,-1,0,-1
5059,220152402109798,train_oof,0,legitimate,0,legitimate,0.346339,0.653661,True,TN,4,-1,-1,-1,-1,1,1,-1,0,-1,-1
5060,64292278961075,train_oof,1,phishing,1,phishing,0.99776,0.00224,True,TP,1,1,-1,1,-1,-1,1,-1,-1,-1,-1
5061,280908495674905,train_oof,1,phishing,1,phishing,0.99776,0.00224,True,TP,1,1,-1,1,-1,-1,1,-1,-1,-1,-1
5062,236409886510665,train_oof,1,phishing,1,phishing,0.992979,0.007021,True,TP,4,1,1,1,-1,-1,1,1,-1,-1,1
5063,22409012388340,train_oof,0,legitimate,0,legitimate,1.9e-05,0.999981,True,TN,4,1,-1,1,1,1,1,1,1,0,-1
5064,145010585548842,train_oof,0,legitimate,0,legitimate,0.000942,0.999058,True,TN,5,-1,-1,-1,1,1,1,1,0,0,-1
5065,52863431321389,train_oof,0,legitimate,0,legitimate,0.007219,0.992781,True,TN,1,1,-1,1,1,-1,1,1,0,0,-1
5066,248047913071788,train_oof,0,legitimate,0,legitimate,0.132798,0.867202,True,TN,3,1,-1,1,-1,0,1,1,0,1,-1
5069,274077874861986,train_oof,1,phishing,1,phishing,0.996933,0.003067,True,TP,5,1,-1,1,-1,-1,-1,-1,-1,0,-1
5070,103964327858126,train_oof,0,legitimate,0,legitimate,0.011967,0.988033,True,TN,1,1,-1,1,-1,1,-1,1,1,1,-1
5071,147109559068708,train_oof,1,phishing,1,phishing,0.997934,0.002066,True,TP,4,1,-1,1,-1,0,1,1,-1,-1,-1
5072,38544740119419,train_oof,1,phishing,1,phishing,0.53712,0.46288,True,TP,1,1,-1,1,-1,-1,1,1,0,0,-1
5073,229475711240307,train_oof,0,legitimate,0,legitimate,0.406399,0.593601,True,TN,2,1,-1,1,-1,0,1,-1,0,0,-1
5074,217065374200705,train_oof,1,phishing,1,phishing,0.994679,0.005321,True,TP,2,1,-1,1,-1,0,1,1,-1,0,-1
5075,180668794754342,train_oof,0,legitimate,1,phishing,0.503784,0.496216,False,FP,1,1,-1,1,-1,-1,-1,1,0,0,-1
5076,187298065944582,train_oof,1,phishing,1,phishing,0.912514,0.087486,True,TP,2,1,-1,1,-1,0,-1,1,-1,1,-1
5077,258007234101555,train_oof,0,legitimate,0,legitimate,0.228118,0.771882,True,TN,5,-1,-1,-1,-1,-1,1,1,0,-1,-1
5078,153257629213787,train_oof,0,legitimate,0,legitimate,0.011234,0.988766,True,TN,5,1,1,1,-1,0,1,1,1,0,1
5079,168003336876881,train_oof,0,legitimate,0,legitimate,0.001504,0.998496,True,TN,2,1,-1,1,1,1,1,1,0,1,-1
5080,135894421622908,train_oof,0,legitimate,1,phishing,0.608284,0.391716,False,FP,4,1,-1,1,-1,0,1,-1,1,-1,-1
5081,168279461844750,train_oof,1,phishing,0,legitimate,0.198022,0.801978,False,FN,3,1,-1,1,-1,-1,-1,1,0,0,-1
5083,10301402589692,train_oof,0,legitimate,0,legitimate,0.211451,0.788549,True,TN,1,1,-1,1,-1,1,1,-1,1,-1,-1
5085,158145102321651,train_oof,1,phishing,1,phishing,0.998504,0.001496,True,TP,2,1,-1,1,-1,0,-1,-1,-1,0,-1
5086,139165108391669,train_oof,0,legitimate,0,legitimate,0.164422,0.835578,True,TN,2,-1,-1,-1,-1,-1,1,-1,0,1,-1
5087,237291022919261,train_oof,1,phishing,1,phishing,0.997146,0.002854,True,TP,5,1,-1,1,-1,0,1,-1,-1,0,-1
5090,52236739903081,train_oof,0,legitimate,0,legitimate,0.009893,0.990107,True,TN,5,1,-1,1,-1,1,1,1,1,0,-1
5091,139904118791575,train_oof,1,phishing,1,phishing,0.992375,0.007625,True,TP,4,1,-1,1,-1,0,1,1,-1,0,-1
5092,112115572509913,train_oof,0,legitimate,0,legitimate,0.227897,0.772103,True,TN,5,1,-1,1,-1,1,1,1,0,1,-1
5093,194299903384107,train_oof,1,phishing,1,phishing,0.99805,0.00195,True,TP,4,1,-1,1,-1,0,1,-1,-1,0,-1
5094,167876179566418,train_oof,0,legitimate,0,legitimate,0.068166,0.931834,True,TN,2,1,-1,1,-1,0,1,1,1,0,-1
5095,67330268128484,train_oof,0,legitimate,0,legitimate,0.214679,0.785321,True,TN,4,1,-1,1,-1,1,1,-1,1,-1,-1
5096,176844110686213,train_oof,1,phishing,1,phishing,0.999076,0.000924,True,TP,2,1,-1,1,-1,-1,1,-1,-1,0,-1
5097,157989350806615,train_oof,1,phishing,1,phishing,0.999312,0.000688,True,TP,4,1,-1,1,-1,-1,1,-1,-1,-1,-1
5098,240765257679204,train_oof,1,phishing,1,phishing,0.995273,0.004727,True,TP,1,1,-1,1,-1,0,1,-1,-1,1,-1
5099,203948533808694,train_oof,1,phishing,1,phishing,0.999076,0.000924,True,TP,2,1,-1,1,-1,-1,1,-1,-1,0,-1
5102,176763974120963,train_oof,1,phishing,1,phishing,0.994659,0.005341,True,TP,5,1,-1,1,-1,0,-1,1,-1,0,-1
5103,166290523930044,train_oof,1,phishing,1,phishing,0.990797,0.009203,True,TP,3,1,-1,1,-1,0,1,1,-1,1,-1
5104,187443297716747,train_oof,1,phishing,1,phishing,0.995707,0.004293,True,TP,1,1,-1,1,-1,0,1,-1,-1,0,-1
5105,240444112548604,train_oof,0,legitimate,0,legitimate,0.252304,0.747696,True,TN,2,1,-1,1,-1,1,1,-1,0,0,-1
5106,61188438427968,train_oof,1,phishing,1,phishing,0.979791,0.020209,True,TP,3,-1,1,-1,-1,0,-1,1,-1,1,1
5108,180729535579387,train_oof,0,legitimate,0,legitimate,0.196702,0.803298,True,TN,1,1,-1,1,-1,0,1,-1,1,1,-1
5109,165022614842712,train_oof,0,legitimate,0,legitimate,0.29386,0.70614,True,TN,3,1,-1,1,-1,0,1,-1,0,1,-1
5110,145650159033731,train_oof,0,legitimate,0,legitimate,0.132798,0.867202,True,TN,3,1,-1,1,-1,0,1,1,0,1,-1
5111,166319849214420,train_oof,1,phishing,0,legitimate,0.186836,0.813164,False,FN,1,1,-1,1,-1,1,1,1,0,1,-1
5112,38653190134831,train_oof,0,legitimate,0,legitimate,0.027327,0.972673,True,TN,4,1,-1,1,1,0,1,1,0,-1,-1
5113,253467892953321,train_oof,1,phishing,0,legitimate,0.29386,0.70614,False,FN,3,1,-1,1,-1,0,1,-1,0,1,-1
5114,11246085885789,train_oof,1,phishing,1,phishing,0.94112,0.05888,True,TP,4,1,1,-1,-1,1,1,1,-1,-1,-1
5115,107857766823929,train_oof,1,phishing,1,phishing,0.58005,0.41995,True,TP,1,1,-1,1,-1,1,1,-1,0,-1,-1
5116,261568486396091,train_oof,1,phishing,1,phishing,0.998561,0.001439,True,TP,1,-1,-1,-1,-1,0,1,-1,-1,1,-1
5117,140862636298982,train_oof,1,phishing,1,phishing,0.646613,0.353387,True,TP,5,1,-1,1,-1,-1,1,-1,1,-1,-1
5118,4537628850880,train_oof,0,legitimate,0,legitimate,0.012955,0.987045,True,TN,5,1,-1,1,1,1,1,-1,1,-1,-1
5119,185525043681784,train_oof,1,phishing,1,phishing,0.997383,0.002617,True,TP,1,1,-1,1,-1,-1,-1,-1,-1,0,-1
5122,53724972831614,train_oof,1,phishing,1,phishing,0.678846,0.321154,True,TP,5,1,-1,1,-1,-1,1,1,0,-1,-1
5123,165263776214960,train_oof,0,legitimate,0,legitimate,0.081553,0.918447,True,TN,2,1,-1,1,-1,0,1,1,0,1,-1
5126,229460025562658,train_oof,1,phishing,1,phishing,0.749795,0.250205,True,TP,2,-1,-1,1,-1,0,1,-1,1,-1,-1
5127,187711461424298,train_oof,0,legitimate,1,phishing,0.609397,0.390603,False,FP,4,-1,-1,1,-1,0,1,-1,0,-1,0
5128,181974783200926,train_oof,0,legitimate,0,legitimate,0.074511,0.925489,True,TN,1,-1,-1,1,-1,1,1,1,1,0,0
5130,6158810567460,train_oof,0,legitimate,0,legitimate,0.175491,0.824509,True,TN,4,1,-1,-1,-1,0,1,-1,0,0,-1
5131,118351285631300,train_oof,1,phishing,1,phishing,0.606534,0.393466,True,TP,2,1,1,-1,-1,0,1,-1,0,-1,-1
5133,145982128584251,train_oof,1,phishing,1,phishing,0.984582,0.015418,True,TP,2,-1,-1,-1,-1,0,1,-1,-1,-1,-1
5134,107415560278528,train_oof,1,phishing,1,phishing,0.991704,0.008296,True,TP,1,-1,1,-1,-1,0,1,-1,-1,-1,-1
5137,267107102739706,train_oof,0,legitimate,0,legitimate,0.023759,0.976241,True,TN,2,1,-1,-1,-1,1,1,1,0,0,0
5139,199092717021315,train_oof,1,phishing,1,phishing,0.99961,0.00039,True,TP,5,-1,0,1,-1,0,1,-1,-1,-1,-1
5140,90474212901218,train_oof,0,legitimate,0,legitimate,0.105519,0.894481,True,TN,2,1,1,1,-1,0,1,1,0,0,-1
5141,257626942541161,train_oof,1,phishing,1,phishing,0.974367,0.025633,True,TP,3,1,0,1,-1,0,1,-1,-1,-1,1
5142,231081967713303,train_oof,0,legitimate,0,legitimate,0.075447,0.924553,True,TN,1,1,-1,1,-1,0,-1,1,1,1,0
5143,82360320208438,train_oof,0,legitimate,0,legitimate,0.063028,0.936972,True,TN,2,1,-1,-1,-1,0,1,1,1,0,0
5144,188972765392685,train_oof,0,legitimate,0,legitimate,0.004391,0.995609,True,TN,3,1,-1,1,-1,1,1,1,1,0,0
5145,180303241707542,train_oof,1,phishing,1,phishing,0.852476,0.147524,True,TP,2,-1,-1,1,-1,0,1,1,0,-1,-1
5146,272190191934652,train_oof,0,legitimate,0,legitimate,0.129617,0.870383,True,TN,5,1,-1,1,-1,0,1,-1,0,0,1
5147,189221450457886,train_oof,1,phishing,1,phishing,0.997527,0.002473,True,TP,4,-1,0,-1,-1,0,1,-1,-1,1,-1
5148,48706394027507,train_oof,1,phishing,1,phishing,0.997441,0.002559,True,TP,5,1,-1,1,-1,0,1,1,-1,-1,-1
5149,20735335517863,train_oof,1,phishing,0,legitimate,0.221177,0.778823,False,FN,3,-1,-1,-1,-1,-1,1,-1,0,-1,-1
5150,29317647154817,train_oof,0,legitimate,0,legitimate,0.063671,0.936329,True,TN,5,1,-1,-1,-1,0,-1,1,1,0,-1
5151,74251222468948,train_oof,1,phishing,1,phishing,0.95801,0.04199,True,TP,3,1,-1,-1,-1,0,1,-1,-1,-1,1
5153,240044968649489,train_oof,0,legitimate,0,legitimate,0.338063,0.661937,True,TN,3,-1,-1,1,-1,0,-1,1,0,-1,1
5154,84155369536224,train_oof,0,legitimate,0,legitimate,0.086931,0.913069,True,TN,3,1,-1,-1,-1,1,1,-1,0,0,-1
5155,258126284114561,train_oof,1,phishing,1,phishing,0.992773,0.007227,True,TP,1,-1,1,1,-1,0,1,1,-1,1,-1
5156,186281583123302,train_oof,1,phishing,0,legitimate,0.410799,0.589201,False,FN,1,1,1,1,-1,0,1,1,1,-1,0
5157,264578271625673,train_oof,0,legitimate,1,phishing,0.607977,0.392023,False,FP,4,-1,-1,1,-1,0,1,-1,0,0,-1
5159,2738096328780,train_oof,0,legitimate,0,legitimate,0.225649,0.774351,True,TN,5,1,-1,1,-1,1,1,-1,0,0,-1
5160,30040331872091,train_oof,0,legitimate,0,legitimate,0.031946,0.968054,True,TN,4,-1,-1,-1,-1,1,1,1,0,1,-1
5161,42311551237684,train_oof,1,phishing,1,phishing,0.61656,0.38344,True,TP,2,1,-1,1,-1,0,1,-1,0,-1,-1
5162,243783755864418,train_oof,0,legitimate,0,legitimate,0.297482,0.702518,True,TN,2,1,-1,1,-1,1,-1,1,0,0,-1
5163,246932491962179,train_oof,0,legitimate,0,legitimate,0.095768,0.904232,True,TN,5,-1,1,1,-1,1,1,1,1,-1,0
5164,111910228582301,train_oof,0,legitimate,0,legitimate,0.033663,0.966337,True,TN,5,1,-1,-1,-1,1,1,1,1,0,-1
5165,54950561424408,train_oof,1,phishing,0,legitimate,0.275288,0.724712,False,FN,4,1,1,1,-1,0,1,-1,1,1,-1
5166,70868168953090,train_oof,1,phishing,0,legitimate,0.360601,0.639399,False,FN,1,-1,-1,-1,-1,0,1,-1,0,-1,-1
5168,168524343724631,train_oof,0,legitimate,0,legitimate,0.010824,0.989176,True,TN,5,1,1,1,1,0,1,1,1,1,-1
5169,75896000567028,train_oof,1,phishing,0,legitimate,0.334854,0.665146,False,FN,3,-1,1,-1,-1,0,1,-1,1,-1,-1
5170,174478042741734,train_oof,1,phishing,0,legitimate,0.426052,0.573948,False,FN,5,-1,1,-1,-1,1,-1,-1,0,-1,-1
5171,252834041299982,train_oof,0,legitimate,0,legitimate,0.317478,0.682522,True,TN,5,1,1,1,-1,1,1,1,0,1,1
5172,145663709208807,train_oof,0,legitimate,0,legitimate,0.014642,0.985358,True,TN,3,-1,1,1,1,1,-1,1,0,-1,-1
5173,154922276042670,train_oof,0,legitimate,0,legitimate,0.049978,0.950022,True,TN,5,-1,0,-1,-1,1,1,1,0,1,0
5174,97907837131838,train_oof,0,legitimate,0,legitimate,0.363091,0.636909,True,TN,2,1,-1,-1,-1,-1,1,1,0,-1,-1
5175,95102840224022,train_oof,0,legitimate,0,legitimate,0.062812,0.937188,True,TN,4,-1,-1,-1,-1,1,-1,-1,1,1,-1
5176,192396659672492,train_oof,0,legitimate,0,legitimate,0.07998,0.92002,True,TN,3,1,-1,-1,-1,-1,1,-1,0,1,1
5177,162107050587190,train_oof,0,legitimate,0,legitimate,0.01528,0.98472,True,TN,4,-1,-1,1,1,-1,1,1,1,0,-1
5178,5847147169110,train_oof,0,legitimate,0,legitimate,0.025694,0.974306,True,TN,3,1,-1,1,-1,1,1,-1,0,0,0
5179,7330817827016,train_oof,0,legitimate,0,legitimate,0.00344,0.99656,True,TN,3,1,-1,1,1,-1,1,1,1,0,-1
5181,182827294889414,train_oof,0,legitimate,0,legitimate,0.061322,0.938678,True,TN,4,1,-1,-1,-1,1,-1,-1,0,1,1
5182,73918823540712,train_oof,1,phishing,0,legitimate,0.143088,0.856912,False,FN,5,-1,-1,-1,-1,1,1,1,0,-1,0
5183,200179817567819,train_oof,0,legitimate,0,legitimate,0.00014,0.99986,True,TN,2,-1,-1,-1,1,1,1,1,0,0,-1
5184,238339508338511,train_oof,0,legitimate,0,legitimate,0.08207,0.91793,True,TN,1,-1,-1,-1,-1,0,1,1,0,0,0
5185,279537842744037,train_oof,0,legitimate,0,legitimate,0.006766,0.993234,True,TN,4,1,-1,1,1,-1,1,-1,0,1,-1
5186,72947355387708,train_oof,0,legitimate,0,legitimate,0.013754,0.986246,True,TN,3,1,1,1,1,0,1,1,0,0,0
5187,246006114893899,train_oof,1,phishing,1,phishing,0.999826,0.000174,True,TP,1,-1,-1,1,-1,0,1,-1,-1,-1,-1
5189,162752495030092,train_oof,0,legitimate,0,legitimate,0.2079,0.7921,True,TN,4,1,1,1,-1,1,1,1,0,1,-1
5192,36930934323423,train_oof,0,legitimate,0,legitimate,0.008867,0.991133,True,TN,3,-1,1,1,1,0,1,1,0,0,1
5193,151797433794820,train_oof,0,legitimate,0,legitimate,0.000777,0.999223,True,TN,1,-1,-1,-1,1,0,1,1,1,0,-1
5194,237339408819361,train_oof,0,legitimate,0,legitimate,2.4e-05,0.999976,True,TN,4,1,-1,1,1,1,-1,-1,1,0,-1
5195,180225899728103,train_oof,1,phishing,1,phishing,0.997393,0.002607,True,TP,2,1,-1,1,-1,0,1,1,-1,-1,-1
5196,140123549943965,train_oof,1,phishing,1,phishing,0.910221,0.089779,True,TP,4,-1,-1,-1,-1,1,1,1,-1,0,-1
5197,114097060878642,train_oof,1,phishing,1,phishing,0.998816,0.001184,True,TP,4,-1,-1,1,-1,0,1,1,-1,-1,-1
5198,96889085399214,train_oof,0,legitimate,0,legitimate,0.387534,0.612466,True,TN,2,-1,-1,1,-1,-1,1,-1,0,0,-1
5200,121021624427490,train_oof,0,legitimate,0,legitimate,0.215915,0.784085,True,TN,4,1,-1,1,-1,1,-1,1,0,0,-1
5201,248842386191382,train_oof,0,legitimate,0,legitimate,0.003273,0.996727,True,TN,5,1,-1,-1,1,1,1,-1,1,0,1
5203,36677758589641,train_oof,0,legitimate,1,phishing,0.825405,0.174595,False,FP,2,1,-1,1,-1,-1,1,-1,0,-1,-1
5204,96300400332561,train_oof,1,phishing,1,phishing,0.998982,0.001018,True,TP,3,-1,1,1,-1,0,1,-1,-1,-1,-1
5205,131329581424611,train_oof,0,legitimate,0,legitimate,0.028255,0.971745,True,TN,3,1,1,-1,1,1,1,1,0,0,1
5206,200577777970653,train_oof,1,phishing,0,legitimate,0.194808,0.805192,False,FN,5,-1,-1,-1,-1,0,-1,-1,0,1,-1
5207,51757607599724,train_oof,0,legitimate,0,legitimate,0.400249,0.599751,True,TN,4,1,-1,1,-1,0,1,1,0,-1,1
5209,3691096697595,train_oof,0,legitimate,0,legitimate,5.6e-05,0.999944,True,TN,5,-1,-1,-1,1,1,1,1,1,0,-1
5210,32848904193343,train_oof,0,legitimate,0,legitimate,0.132798,0.867202,True,TN,3,1,-1,1,-1,0,1,1,0,1,-1
5212,83080211474371,train_oof,0,legitimate,1,phishing,0.54756,0.45244,False,FP,3,-1,1,1,-1,0,1,1,0,-1,-1
5214,81705024977131,train_oof,0,legitimate,0,legitimate,0.183969,0.816031,True,TN,2,1,-1,1,-1,1,1,-1,1,-1,-1
5215,189493005183654,train_oof,0,legitimate,0,legitimate,0.03303,0.96697,True,TN,4,1,-1,1,-1,0,1,1,1,1,1
5216,2089563637925,train_oof,1,phishing,1,phishing,0.935858,0.064142,True,TP,3,-1,-1,1,-1,1,-1,-1,-1,1,-1
5217,254513368680467,train_oof,0,legitimate,0,legitimate,0.000493,0.999507,True,TN,4,1,1,1,1,0,1,1,0,0,1
5218,141100979052509,train_oof,0,legitimate,0,legitimate,0.056451,0.943549,True,TN,2,-1,-1,1,-1,1,-1,-1,0,1,0
5219,128445070192219,train_oof,0,legitimate,0,legitimate,0.01372,0.98628,True,TN,2,1,1,1,1,0,1,1,0,1,-1
5220,121305164308370,train_oof,1,phishing,1,phishing,0.652538,0.347462,True,TP,5,1,-1,1,-1,1,1,-1,0,-1,-1
5221,169740332222548,train_oof,1,phishing,1,phishing,0.54756,0.45244,True,TP,3,-1,1,1,-1,0,1,1,0,-1,-1
5222,110354576459602,train_oof,0,legitimate,1,phishing,0.533104,0.466896,False,FP,5,-1,1,1,-1,1,1,1,0,0,-1
5223,90862983466159,train_oof,1,phishing,1,phishing,0.802671,0.197329,True,TP,4,-1,1,1,-1,0,1,-1,0,-1,-1
5225,219533580557130,train_oof,0,legitimate,0,legitimate,0.000743,0.999257,True,TN,3,1,1,1,1,1,1,1,1,0,1
5226,278844474732310,train_oof,0,legitimate,0,legitimate,0.016078,0.983922,True,TN,1,-1,-1,1,1,0,1,-1,1,0,0
5228,268228186103669,train_oof,0,legitimate,0,legitimate,0.009886,0.990114,True,TN,5,1,-1,1,1,0,1,1,0,-1,-1
5229,172406613965520,train_oof,0,legitimate,0,legitimate,0.234731,0.765269,True,TN,1,1,-1,1,-1,1,1,-1,0,-1,0
5230,89363400155847,train_oof,0,legitimate,0,legitimate,0.003257,0.996743,True,TN,2,1,-1,1,-1,1,1,-1,1,1,1
5231,29054092043852,train_oof,1,phishing,1,phishing,0.998351,0.001649,True,TP,2,-1,-1,1,-1,0,1,1,-1,-1,-1
5232,237955848946932,train_oof,1,phishing,1,phishing,0.9989,0.0011,True,TP,1,-1,-1,1,-1,0,1,1,-1,-1,-1
5235,268106638296475,train_oof,1,phishing,1,phishing,0.999691,0.000309,True,TP,4,1,-1,1,-1,0,1,-1,-1,-1,-1
5236,138551156749333,train_oof,0,legitimate,0,legitimate,0.063943,0.936057,True,TN,3,-1,-1,-1,-1,0,1,-1,1,1,-1
5237,257678622898273,train_oof,1,phishing,1,phishing,0.97696,0.02304,True,TP,1,-1,-1,-1,-1,0,1,-1,-1,-1,-1
5238,14012747809206,train_oof,0,legitimate,0,legitimate,0.013549,0.986451,True,TN,2,-1,-1,1,1,0,1,1,1,0,-1
5239,229461186375456,train_oof,1,phishing,1,phishing,0.737985,0.262015,True,TP,1,-1,-1,1,-1,0,1,-1,1,-1,-1
5240,10250709080715,train_oof,0,legitimate,0,legitimate,0.001072,0.998928,True,TN,1,-1,-1,1,1,1,-1,1,0,1,-1
5241,66164993755465,train_oof,0,legitimate,0,legitimate,0.053866,0.946134,True,TN,2,1,1,1,-1,0,1,1,0,1,1
5242,228921246381048,train_oof,1,phishing,1,phishing,0.998677,0.001323,True,TP,5,-1,-1,-1,-1,0,-1,-1,-1,1,-1
5243,201505282908194,train_oof,1,phishing,1,phishing,0.584873,0.415127,True,TP,2,-1,-1,1,-1,0,1,1,1,-1,-1
5244,268708327914594,train_oof,0,legitimate,0,legitimate,0.011753,0.988247,True,TN,5,1,-1,1,-1,1,1,-1,0,0,1
5245,40235328895725,train_oof,0,legitimate,0,legitimate,0.428361,0.571639,True,TN,2,-1,-1,1,1,1,1,1,-1,-1,-1
5248,245771796576328,train_oof,1,phishing,1,phishing,0.668791,0.331209,True,TP,4,-1,-1,1,-1,1,-1,-1,0,-1,-1
5249,210458025109097,train_oof,0,legitimate,0,legitimate,0.216363,0.783637,True,TN,5,-1,1,1,-1,-1,1,1,0,1,1
5251,280476237564477,train_oof,0,legitimate,0,legitimate,0.075599,0.924401,True,TN,2,-1,0,-1,-1,-1,1,1,0,0,-1
5252,138435252532994,train_oof,0,legitimate,0,legitimate,0.006726,0.993274,True,TN,4,1,1,1,1,-1,1,1,1,-1,1
5253,133977493862282,train_oof,0,legitimate,1,phishing,0.757189,0.242811,False,FP,5,-1,-1,1,-1,-1,1,-1,0,-1,-1
5254,254580593567029,train_oof,1,phishing,1,phishing,0.99995,5e-05,True,TP,2,-1,-1,1,-1,0,1,-1,-1,-1,-1
5255,234162018487372,train_oof,0,legitimate,0,legitimate,0.048689,0.951311,True,TN,1,-1,-1,1,-1,1,-1,-1,0,0,0
5256,144375588204501,train_oof,0,legitimate,0,legitimate,0.135439,0.864561,True,TN,3,1,1,1,-1,-1,1,1,0,0,-1
5258,217457650466551,train_oof,1,phishing,1,phishing,0.999816,0.000184,True,TP,5,-1,-1,1,-1,0,1,-1,-1,-1,-1
5259,94875986274797,train_oof,0,legitimate,0,legitimate,0.019098,0.980902,True,TN,1,1,1,1,-1,1,-1,1,0,-1,0
5260,104423539446124,train_oof,1,phishing,1,phishing,0.998972,0.001028,True,TP,3,-1,-1,1,-1,0,1,-1,-1,0,-1
5261,235717938794024,train_oof,0,legitimate,0,legitimate,0.046472,0.953528,True,TN,4,-1,0,-1,-1,1,1,1,0,1,1
5262,232994862844466,train_oof,1,phishing,1,phishing,0.801349,0.198651,True,TP,4,-1,-1,1,-1,0,1,-1,1,-1,-1
5263,53389926549992,train_oof,1,phishing,0,legitimate,0.045359,0.954641,False,FN,3,-1,-1,1,-1,1,1,-1,1,0,0
5264,50645883116511,train_oof,1,phishing,1,phishing,0.749795,0.250205,True,TP,2,-1,-1,1,-1,0,1,-1,1,-1,-1
5265,257376039030671,train_oof,0,legitimate,1,phishing,0.73271,0.26729,False,FP,5,-1,-1,1,-1,-1,1,-1,1,-1,-1
5266,229611428226057,train_oof,1,phishing,1,phishing,0.673601,0.326399,True,TP,4,1,-1,1,-1,0,1,-1,0,-1,-1
5268,176635389676896,train_oof,0,legitimate,0,legitimate,0.16046,0.83954,True,TN,3,1,-1,1,-1,-1,1,-1,1,0,0
5272,45010549970602,train_oof,0,legitimate,0,legitimate,0.282543,0.717457,True,TN,4,1,-1,1,-1,-1,-1,1,0,0,-1
5273,48250185178014,train_oof,0,legitimate,0,legitimate,0.076731,0.923269,True,TN,4,1,1,1,-1,1,1,1,0,0,-1
5275,198711384892886,train_oof,0,legitimate,0,legitimate,0.027742,0.972258,True,TN,5,1,-1,1,-1,1,1,1,0,0,0
5276,19945990469906,train_oof,1,phishing,1,phishing,0.91472,0.08528,True,TP,1,-1,-1,1,-1,0,1,-1,0,-1,-1
5277,128694652345135,train_oof,0,legitimate,0,legitimate,0.162672,0.837328,True,TN,4,1,-1,1,-1,1,1,-1,0,-1,0
5278,104914518028750,train_oof,1,phishing,1,phishing,0.997755,0.002245,True,TP,1,-1,-1,1,-1,0,-1,-1,-1,-1,-1
5279,68071813119811,train_oof,0,legitimate,0,legitimate,0.001422,0.998578,True,TN,3,-1,-1,-1,1,1,1,-1,0,0,-1
5280,60989011392205,train_oof,0,legitimate,0,legitimate,0.01063,0.98937,True,TN,2,1,-1,1,-1,1,1,1,0,1,1
5281,133174720298039,train_oof,1,phishing,1,phishing,0.998822,0.001178,True,TP,2,-1,-1,1,-1,0,-1,-1,-1,-1,-1
5282,115478284293527,train_oof,0,legitimate,0,legitimate,0.066984,0.933016,True,TN,2,1,-1,1,1,1,1,-1,0,-1,-1
5283,154939377249257,train_oof,1,phishing,0,legitimate,0.3894,0.6106,False,FN,4,-1,-1,1,-1,1,1,1,0,0,-1
5284,172365727879252,train_oof,1,phishing,1,phishing,0.996801,0.003199,True,TP,4,-1,-1,1,-1,0,1,1,-1,0,-1
5285,153708993590475,train_oof,1,phishing,0,legitimate,0.061515,0.938485,False,FN,2,1,1,1,-1,1,1,1,0,1,-1
5286,232655117307391,train_oof,1,phishing,1,phishing,0.900903,0.099097,True,TP,2,-1,-1,1,-1,1,1,-1,-1,-1,1
5287,185218457828027,train_oof,1,phishing,1,phishing,0.62569,0.37431,True,TP,5,-1,-1,1,-1,1,1,1,0,-1,-1
5289,226443882379176,train_oof,0,legitimate,0,legitimate,0.037059,0.962941,True,TN,5,1,1,1,1,-1,-1,1,1,-1,-1
5290,263508816136747,train_oof,1,phishing,1,phishing,0.991612,0.008388,True,TP,4,-1,-1,1,-1,0,-1,-1,-1,1,-1
5291,145794094615337,train_oof,1,phishing,1,phishing,0.994943,0.005057,True,TP,2,1,1,1,-1,0,1,1,-1,-1,-1
5292,157487546061774,train_oof,0,legitimate,0,legitimate,0.165276,0.834724,True,TN,4,-1,-1,1,-1,-1,-1,-1,1,0,1
5293,231303804023257,train_oof,0,legitimate,0,legitimate,0.23386,0.76614,True,TN,4,1,-1,1,-1,-1,1,-1,1,0,-1
5294,116781349354747,train_oof,0,legitimate,0,legitimate,0.400457,0.599543,True,TN,5,1,-1,1,-1,1,1,1,0,-1,-1
5295,230563975803562,train_oof,0,legitimate,0,legitimate,0.120907,0.879093,True,TN,1,-1,-1,1,-1,-1,-1,1,1,1,-1
5297,77544415024368,train_oof,0,legitimate,0,legitimate,0.019252,0.980748,True,TN,3,1,-1,1,1,1,-1,1,0,-1,-1
5298,257434355204257,train_oof,0,legitimate,0,legitimate,0.265246,0.734754,True,TN,4,-1,-1,1,-1,-1,-1,1,0,-1,1
5299,271309587338118,train_oof,0,legitimate,0,legitimate,0.010257,0.989743,True,TN,3,1,-1,1,1,-1,-1,1,1,0,-1
5300,192653012951039,train_oof,0,legitimate,0,legitimate,0.164354,0.835646,True,TN,5,-1,1,1,-1,1,1,1,1,1,-1
5301,182838885388182,train_oof,0,legitimate,1,phishing,0.772411,0.227589,False,FP,2,-1,-1,1,-1,-1,1,-1,0,-1,-1
5302,245047771882656,train_oof,0,legitimate,0,legitimate,0.212324,0.787676,True,TN,2,-1,-1,1,-1,1,1,1,1,-1,-1
5303,49882892026994,train_oof,0,legitimate,0,legitimate,0.356048,0.643952,True,TN,2,-1,-1,1,-1,0,1,1,0,0,0
5304,207638363028378,train_oof,0,legitimate,0,legitimate,0.010225,0.989775,True,TN,4,1,1,1,1,-1,1,1,1,0,-1
5305,205711737613543,train_oof,0,legitimate,1,phishing,0.706438,0.293562,False,FP,1,-1,-1,1,-1,-1,1,-1,0,-1,1
5306,62847644214785,train_oof,0,legitimate,0,legitimate,0.03703,0.96297,True,TN,1,1,-1,1,-1,0,1,1,1,0,-1
5307,121017381791450,train_oof,0,legitimate,0,legitimate,0.125816,0.874184,True,TN,3,1,1,1,-1,1,1,1,1,1,-1
5308,167577858203827,train_oof,1,phishing,1,phishing,0.999106,0.000894,True,TP,5,1,-1,1,-1,0,1,-1,-1,-1,-1
5309,219864908167851,train_oof,0,legitimate,0,legitimate,0.052519,0.947481,True,TN,5,1,-1,1,-1,1,-1,1,1,-1,-1
5310,224623460121399,train_oof,0,legitimate,0,legitimate,0.13117,0.86883,True,TN,5,1,-1,1,-1,-1,1,1,0,1,1
5311,278024882251861,train_oof,1,phishing,1,phishing,0.969029,0.030971,True,TP,3,-1,-1,1,-1,0,1,-1,-1,-1,1
5312,2094580240984,train_oof,0,legitimate,0,legitimate,0.013127,0.986873,True,TN,4,1,-1,1,1,0,1,1,1,-1,-1
5314,76409033408370,train_oof,1,phishing,1,phishing,0.860306,0.139694,True,TP,5,1,0,1,-1,0,1,-1,0,-1,-1
5315,246451792744789,train_oof,1,phishing,1,phishing,0.999816,0.000184,True,TP,5,-1,-1,1,-1,0,1,-1,-1,-1,-1
5316,208424787706225,train_oof,1,phishing,1,phishing,0.598858,0.401142,True,TP,2,-1,-1,1,-1,1,1,1,0,-1,-1
5317,151153316555996,train_oof,1,phishing,1,phishing,0.994943,0.005057,True,TP,2,1,1,1,-1,0,1,1,-1,-1,-1
5318,241318735548167,train_oof,1,phishing,1,phishing,0.6116,0.3884,True,TP,2,-1,1,1,-1,-1,1,1,0,-1,-1
5319,43684226094802,train_oof,1,phishing,1,phishing,0.603704,0.396296,True,TP,2,-1,-1,1,-1,1,1,-1,0,0,-1
5322,220763383855471,train_oof,0,legitimate,0,legitimate,0.007287,0.992713,True,TN,5,1,1,1,1,0,1,1,0,0,-1
5323,38316251364233,train_oof,1,phishing,0,legitimate,0.383519,0.616481,False,FN,1,-1,-1,1,-1,0,-1,1,1,-1,-1
5324,40381871590262,train_oof,1,phishing,0,legitimate,0.460925,0.539075,False,FN,3,1,-1,1,-1,1,1,1,0,-1,-1
5326,251917775475742,train_oof,0,legitimate,0,legitimate,0.080818,0.919182,True,TN,5,-1,-1,1,-1,1,1,1,1,0,-1
5327,135801419257316,train_oof,0,legitimate,0,legitimate,0.214115,0.785885,True,TN,5,1,-1,1,-1,1,1,1,0,0,-1
5328,265756858762050,train_oof,1,phishing,1,phishing,0.980213,0.019787,True,TP,2,-1,-1,1,-1,-1,-1,1,-1,-1,-1
5329,54836106959553,train_oof,0,legitimate,0,legitimate,0.041076,0.958924,True,TN,5,-1,-1,1,1,0,1,-1,0,1,-1
5330,263735209035877,train_oof,1,phishing,1,phishing,0.874513,0.125487,True,TP,3,-1,-1,1,-1,0,1,-1,0,-1,-1
5331,24508609150007,train_oof,0,legitimate,0,legitimate,0.045,0.955,True,TN,2,1,-1,1,-1,1,1,1,0,-1,1
5332,114939651981336,train_oof,1,phishing,1,phishing,0.852476,0.147524,True,TP,2,-1,-1,1,-1,0,1,1,0,-1,-1
5333,33920519304302,train_oof,1,phishing,1,phishing,0.998653,0.001347,True,TP,5,-1,-1,1,-1,0,-1,-1,-1,-1,-1
5334,32855589313218,train_oof,0,legitimate,0,legitimate,0.307422,0.692578,True,TN,2,1,-1,1,-1,0,1,1,0,0,0
5335,265286261853797,train_oof,0,legitimate,1,phishing,0.62948,0.37052,False,FP,2,-1,-1,1,-1,0,1,-1,0,0,-1
5337,56372155294190,train_oof,0,legitimate,0,legitimate,0.437852,0.562148,True,TN,3,1,-1,1,-1,0,1,1,0,-1,1
5338,214065945029833,train_oof,1,phishing,1,phishing,0.999186,0.000814,True,TP,5,-1,-1,1,-1,0,1,-1,-1,0,-1
5339,237293756834947,train_oof,1,phishing,1,phishing,0.997601,0.002399,True,TP,1,1,1,1,-1,0,1,-1,-1,-1,-1
5340,212727920484273,train_oof,1,phishing,1,phishing,0.999957,4.3e-05,True,TP,4,-1,-1,1,-1,0,1,-1,-1,-1,-1
5341,28719825090526,train_oof,1,phishing,1,phishing,0.997146,0.002854,True,TP,5,1,-1,1,-1,0,1,-1,-1,0,-1
5342,204635223315584,train_oof,1,phishing,1,phishing,0.971386,0.028614,True,TP,3,1,-1,1,-1,0,1,-1,-1,-1,1
5343,9569201046471,train_oof,0,legitimate,0,legitimate,0.379245,0.620755,True,TN,5,1,-1,1,-1,0,1,-1,0,0,0
5344,269868211692905,train_oof,0,legitimate,0,legitimate,0.022854,0.977146,True,TN,5,-1,1,-1,1,1,1,1,0,1,-1
5347,217643952050416,train_oof,0,legitimate,0,legitimate,0.016808,0.983192,True,TN,2,1,1,-1,1,1,1,1,0,1,-1
5349,80125467518811,train_oof,0,legitimate,0,legitimate,0.012993,0.987007,True,TN,5,1,-1,1,-1,1,1,1,1,-1,1
5350,183468902994042,train_oof,0,legitimate,0,legitimate,0.01472,0.98528,True,TN,1,-1,-1,1,1,0,1,-1,1,0,-1
5352,141222571619203,train_oof,0,legitimate,0,legitimate,0.004418,0.995582,True,TN,1,-1,1,1,1,1,-1,1,1,1,1
5354,197231926181156,train_oof,0,legitimate,0,legitimate,0.023277,0.976723,True,TN,4,-1,-1,-1,-1,1,1,1,1,1,1
5355,72303381539385,train_oof,0,legitimate,0,legitimate,0.023429,0.976571,True,TN,3,1,-1,1,-1,0,1,1,1,1,-1
5356,157708378237434,train_oof,1,phishing,1,phishing,0.998456,0.001544,True,TP,2,-1,-1,-1,-1,0,-1,-1,-1,1,-1
5358,116348450054967,train_oof,0,legitimate,0,legitimate,0.011116,0.988884,True,TN,2,-1,1,1,1,0,1,1,1,0,-1
5359,247350387880642,train_oof,0,legitimate,0,legitimate,0.111401,0.888599,True,TN,1,1,-1,1,-1,0,-1,1,1,0,1
5360,207115870553257,train_oof,1,phishing,0,legitimate,0.197991,0.802009,False,FN,3,-1,-1,1,-1,0,1,1,1,0,-1
5361,185066235700013,train_oof,0,legitimate,0,legitimate,0.026692,0.973308,True,TN,2,1,-1,1,-1,0,1,1,1,1,-1
5362,82412337335988,train_oof,0,legitimate,0,legitimate,0.25221,0.74779,True,TN,1,-1,-1,-1,-1,0,1,1,0,-1,-1
5363,198755090268157,train_oof,1,phishing,0,legitimate,0.328807,0.671193,False,FN,5,-1,-1,1,-1,0,1,-1,1,1,-1
5364,189941392866659,train_oof,1,phishing,0,legitimate,0.329286,0.670714,False,FN,2,-1,1,-1,-1,0,1,1,1,-1,0
5366,102982012524675,train_oof,0,legitimate,0,legitimate,0.189647,0.810353,True,TN,1,1,-1,1,-1,-1,1,1,1,0,-1
5367,142630472815105,train_oof,0,legitimate,0,legitimate,0.000768,0.999232,True,TN,3,1,-1,1,1,1,-1,-1,1,0,-1
5368,14281790570791,train_oof,1,phishing,1,phishing,0.749795,0.250205,True,TP,2,-1,-1,1,-1,0,1,-1,1,-1,-1
5370,151233351206679,train_oof,0,legitimate,0,legitimate,0.007025,0.992975,True,TN,1,1,-1,1,-1,1,1,1,0,1,1
5371,267301929257876,train_oof,0,legitimate,1,phishing,0.712054,0.287946,False,FP,1,-1,-1,1,-1,1,1,1,0,-1,-1
5372,109930919655572,train_oof,0,legitimate,0,legitimate,0.007732,0.992268,True,TN,1,-1,-1,1,1,1,1,-1,1,1,-1
5373,136396479703056,train_oof,1,phishing,1,phishing,0.967559,0.032441,True,TP,5,-1,-1,1,-1,0,-1,-1,-1,-1,0
5374,193205181574083,train_oof,0,legitimate,0,legitimate,0.004547,0.995453,True,TN,5,1,1,1,1,-1,1,1,0,0,-1
5375,218774991745322,train_oof,1,phishing,0,legitimate,0.327208,0.672792,False,FN,1,1,-1,1,-1,0,1,1,0,0,-1
5376,257315868303441,train_oof,0,legitimate,0,legitimate,0.138318,0.861682,True,TN,4,1,-1,1,-1,-1,1,-1,1,0,0
5378,125742291765212,train_oof,1,phishing,1,phishing,0.554687,0.445313,True,TP,5,-1,-1,1,-1,0,1,-1,0,-1,1
5379,198721912359559,train_oof,0,legitimate,0,legitimate,0.021113,0.978887,True,TN,4,-1,1,1,1,1,-1,1,0,-1,-1
5381,113365016196152,train_oof,1,phishing,1,phishing,0.958173,0.041827,True,TP,4,-1,-1,-1,-1,0,1,-1,-1,-1,1
5383,224712005545823,train_oof,1,phishing,1,phishing,0.998385,0.001615,True,TP,5,-1,-1,1,-1,0,1,1,-1,-1,-1
5385,176480474030158,train_oof,0,legitimate,0,legitimate,0.164354,0.835646,True,TN,5,-1,1,1,-1,1,1,1,1,1,-1
5386,88400744413608,train_oof,1,phishing,1,phishing,0.983726,0.016274,True,TP,5,-1,1,-1,-1,0,-1,1,-1,-1,-1
5387,277975980436452,train_oof,0,legitimate,0,legitimate,0.002337,0.997663,True,TN,3,1,-1,1,1,1,1,1,0,1,-1
5388,153053198862023,train_oof,0,legitimate,0,legitimate,0.073989,0.926011,True,TN,2,1,-1,1,-1,0,1,1,1,0,1
5390,160001959893042,train_oof,1,phishing,1,phishing,0.997879,0.002121,True,TP,3,-1,1,1,-1,0,1,1,-1,-1,-1
5391,8982871414624,train_oof,0,legitimate,0,legitimate,0.002695,0.997305,True,TN,1,1,-1,1,1,0,-1,-1,1,1,-1
5393,71945951644115,train_oof,0,legitimate,0,legitimate,0.116943,0.883057,True,TN,5,-1,-1,-1,-1,1,1,-1,0,-1,1
5394,146029074992949,train_oof,1,phishing,0,legitimate,0.397732,0.602268,False,FN,5,-1,1,-1,-1,0,1,1,0,-1,-1
5395,170712488030199,train_oof,0,legitimate,0,legitimate,0.021895,0.978105,True,TN,4,-1,-1,1,1,-1,1,1,0,0,-1
5396,136542941948070,train_oof,0,legitimate,0,legitimate,0.012763,0.987237,True,TN,4,-1,-1,1,-1,1,-1,1,0,-1,1
5397,229299055394609,train_oof,0,legitimate,0,legitimate,0.050243,0.949757,True,TN,3,-1,-1,1,-1,1,-1,1,0,0,1
5398,53100319456200,train_oof,1,phishing,1,phishing,0.998694,0.001306,True,TP,2,1,-1,1,-1,0,1,-1,-1,0,-1
5399,104773328170768,train_oof,0,legitimate,0,legitimate,0.003257,0.996743,True,TN,2,1,-1,1,-1,1,1,-1,1,1,1
5400,103610552401097,train_oof,1,phishing,1,phishing,0.753262,0.246738,True,TP,3,-1,-1,1,-1,0,-1,-1,0,-1,-1
5401,125546284971173,train_oof,0,legitimate,0,legitimate,0.234547,0.765453,True,TN,3,1,1,1,-1,-1,1,1,0,0,1
5402,159610607834280,train_oof,1,phishing,1,phishing,0.990787,0.009213,True,TP,2,-1,-1,1,-1,0,-1,1,-1,-1,-1
5403,239826265953517,train_oof,0,legitimate,0,legitimate,0.244798,0.755202,True,TN,3,1,-1,1,-1,1,1,1,0,0,-1
5405,109589358077300,train_oof,1,phishing,1,phishing,0.723706,0.276294,True,TP,3,-1,-1,1,-1,1,1,-1,0,-1,-1
5406,274749776205709,train_oof,1,phishing,0,legitimate,0.124662,0.875338,False,FN,3,-1,-1,1,-1,0,1,-1,0,0,1
5408,184461238693470,train_oof,0,legitimate,0,legitimate,0.079948,0.920052,True,TN,4,1,-1,1,-1,-1,1,-1,0,1,1
5409,151469931738179,train_oof,1,phishing,1,phishing,0.998323,0.001677,True,TP,1,-1,-1,1,-1,0,1,-1,-1,0,-1
5410,123474266019822,train_oof,0,legitimate,0,legitimate,0.380704,0.619296,True,TN,5,-1,-1,1,-1,-1,1,-1,1,-1,1
5411,54034254809104,train_oof,0,legitimate,0,legitimate,0.003044,0.996956,True,TN,4,-1,-1,1,1,1,-1,1,1,0,-1
5412,25176564263578,train_oof,0,legitimate,0,legitimate,0.055425,0.944575,True,TN,3,-1,-1,1,-1,1,1,1,1,1,-1
5413,279524653188363,train_oof,0,legitimate,0,legitimate,0.400457,0.599543,True,TN,5,1,-1,1,-1,1,1,1,0,-1,-1
5414,30102502000534,train_oof,1,phishing,0,legitimate,0.13377,0.86623,False,FN,3,-1,-1,1,-1,1,1,-1,0,-1,1
5415,103568609984839,train_oof,1,phishing,1,phishing,0.982135,0.017865,True,TP,3,-1,-1,-1,-1,0,1,1,-1,-1,-1
5416,271430335327475,train_oof,0,legitimate,0,legitimate,0.004801,0.995199,True,TN,1,1,-1,1,-1,1,1,1,1,0,-1
5417,34725378951674,train_oof,0,legitimate,0,legitimate,0.002844,0.997156,True,TN,5,1,-1,1,1,-1,-1,-1,1,0,-1
5418,117222409386221,train_oof,1,phishing,1,phishing,0.998385,0.001615,True,TP,5,-1,-1,1,-1,0,1,1,-1,-1,-1
5419,16438615071095,train_oof,1,phishing,0,legitimate,0.44988,0.55012,False,FN,2,-1,-1,1,-1,0,1,1,0,-1,1
5420,174595940951916,train_oof,0,legitimate,0,legitimate,0.014447,0.985553,True,TN,5,1,1,1,1,1,1,1,0,-1,-1
5421,136275710927630,train_oof,1,phishing,1,phishing,0.996109,0.003891,True,TP,4,-1,-1,1,-1,0,1,-1,-1,-1,0
5422,253076738293920,train_oof,0,legitimate,0,legitimate,0.010349,0.989651,True,TN,1,1,-1,1,1,0,1,1,0,0,1
5423,229452123214650,train_oof,0,legitimate,0,legitimate,0.016607,0.983393,True,TN,3,-1,-1,1,1,0,1,-1,1,1,-1
5424,200274483247686,train_oof,0,legitimate,0,legitimate,0.001335,0.998665,True,TN,1,1,-1,1,-1,1,1,-1,1,1,1
5425,160161656226587,train_oof,0,legitimate,0,legitimate,0.397364,0.602636,True,TN,1,1,-1,1,-1,0,1,1,1,-1,-1
5426,39767829143753,train_oof,0,legitimate,1,phishing,0.61656,0.38344,False,FP,2,1,-1,1,-1,0,1,-1,0,-1,-1
5427,52287563547833,train_oof,0,legitimate,0,legitimate,0.325018,0.674982,True,TN,2,1,-1,1,-1,0,1,1,0,0,-1
5428,269224268724880,train_oof,0,legitimate,0,legitimate,0.357714,0.642286,True,TN,2,-1,1,-1,-1,0,1,1,1,-1,-1
5429,143092248602512,train_oof,0,legitimate,0,legitimate,0.379245,0.620755,True,TN,5,1,-1,1,-1,0,1,-1,0,0,0
5430,119783480109095,train_oof,0,legitimate,0,legitimate,0.123726,0.876274,True,TN,3,-1,1,1,-1,1,1,1,0,1,0
5431,118502529450714,train_oof,1,phishing,1,phishing,0.740617,0.259383,True,TP,3,-1,-1,1,-1,0,1,-1,1,-1,-1
5432,55484891643330,train_oof,1,phishing,1,phishing,0.980758,0.019242,True,TP,3,-1,1,1,-1,0,-1,1,-1,-1,-1
5433,217457650466551,train_oof,1,phishing,1,phishing,0.999816,0.000184,True,TP,5,-1,-1,1,-1,0,1,-1,-1,-1,-1
5434,167859454710571,train_oof,0,legitimate,1,phishing,0.711065,0.288935,False,FP,3,1,-1,1,-1,0,1,1,0,-1,-1
5435,86940682749424,train_oof,1,phishing,1,phishing,0.968784,0.031216,True,TP,4,-1,1,-1,-1,0,1,1,-1,-1,0
5436,45737154859326,train_oof,1,phishing,1,phishing,0.997441,0.002559,True,TP,5,1,-1,1,-1,0,1,1,-1,-1,-1
5437,14955219724721,train_oof,0,legitimate,0,legitimate,0.172764,0.827236,True,TN,4,1,-1,1,-1,0,1,-1,1,1,-1
5438,59341073862026,train_oof,1,phishing,1,phishing,0.740617,0.259383,True,TP,3,-1,-1,1,-1,0,1,-1,1,-1,-1
5439,180949088861738,train_oof,1,phishing,1,phishing,0.998982,0.001018,True,TP,3,-1,1,1,-1,0,1,-1,-1,-1,-1
5442,278660324864696,train_oof,0,legitimate,0,legitimate,0.013779,0.986221,True,TN,1,-1,-1,1,-1,1,-1,1,0,1,1
5443,117714795276745,train_oof,0,legitimate,0,legitimate,0.003402,0.996598,True,TN,2,-1,1,1,1,1,-1,1,1,1,-1
5444,202029769951935,train_oof,1,phishing,1,phishing,0.983596,0.016404,True,TP,3,1,-1,1,-1,1,1,-1,-1,1,-1
5445,273525874404156,train_oof,0,legitimate,0,legitimate,7e-06,0.999993,True,TN,4,1,-1,1,1,1,1,1,1,1,-1
5446,98161625201389,train_oof,0,legitimate,0,legitimate,0.194176,0.805824,True,TN,4,-1,1,1,-1,-1,1,1,0,1,1
5447,239277888787052,train_oof,1,phishing,1,phishing,0.998384,0.001616,True,TP,3,1,-1,1,-1,0,1,-1,-1,-1,-1
5448,281252831081676,train_oof,1,phishing,1,phishing,0.955782,0.044218,True,TP,2,1,-1,1,-1,1,1,1,-1,1,-1
5449,48729161964308,train_oof,0,legitimate,0,legitimate,0.020069,0.979931,True,TN,3,-1,-1,1,-1,1,1,-1,0,1,1
5450,187247875464805,train_oof,1,phishing,1,phishing,0.989576,0.010424,True,TP,1,1,-1,1,-1,0,1,-1,-1,-1,0
5451,11245267755628,train_oof,0,legitimate,0,legitimate,0.000929,0.999071,True,TN,4,1,-1,1,1,1,1,1,0,0,-1
5452,125773692077033,train_oof,0,legitimate,1,phishing,0.526898,0.473102,False,FP,3,-1,-1,1,-1,-1,-1,-1,0,-1,0
5453,254370483212460,train_oof,1,phishing,0,legitimate,0.176422,0.823578,False,FN,2,1,1,-1,-1,1,1,1,1,1,-1
5454,210138642586880,train_oof,0,legitimate,0,legitimate,0.000669,0.999331,True,TN,4,-1,-1,1,1,1,1,1,1,1,-1
5457,247984644704841,train_oof,0,legitimate,0,legitimate,0.08207,0.91793,True,TN,1,-1,-1,-1,-1,0,1,1,0,0,0
5458,257678043624681,train_oof,1,phishing,1,phishing,0.654194,0.345806,True,TP,3,1,-1,1,-1,0,1,-1,0,-1,-1
5460,222932615403440,train_oof,0,legitimate,0,legitimate,0.003548,0.996452,True,TN,1,1,-1,1,-1,1,1,1,1,1,0
5461,101189681701639,train_oof,0,legitimate,0,legitimate,0.007674,0.992326,True,TN,1,-1,-1,1,-1,1,1,1,0,1,1
5462,219533580557130,train_oof,0,legitimate,0,legitimate,0.000743,0.999257,True,TN,3,1,1,1,1,1,1,1,1,0,1
5463,26168836869173,train_oof,0,legitimate,0,legitimate,0.005682,0.994318,True,TN,1,1,-1,1,1,0,1,1,0,0,-1
5465,277615915966838,train_oof,0,legitimate,0,legitimate,0.0,1.0,True,TN,3,1,-1,1,1,1,1,1,1,1,-1
5466,263093077512085,train_oof,1,phishing,0,legitimate,0.354506,0.645494,False,FN,4,1,1,1,-1,0,1,1,1,-1,0
5467,51958896718268,train_oof,1,phishing,0,legitimate,0.103377,0.896623,False,FN,5,1,-1,1,-1,0,1,-1,1,1,-1
5469,103834906467730,train_oof,1,phishing,0,legitimate,0.381808,0.618192,False,FN,1,-1,-1,1,-1,0,1,-1,1,-1,1
5470,147207808028221,train_oof,1,phishing,1,phishing,0.999636,0.000364,True,TP,2,-1,-1,1,-1,-1,1,-1,-1,-1,-1
5471,189374293510849,train_oof,1,phishing,1,phishing,0.825405,0.174595,True,TP,2,1,-1,1,-1,-1,1,-1,0,-1,-1
5472,259651707687340,train_oof,1,phishing,1,phishing,0.986832,0.013168,True,TP,5,-1,-1,-1,-1,0,1,-1,-1,-1,-1
5473,105052730201513,train_oof,1,phishing,1,phishing,0.996521,0.003479,True,TP,5,-1,1,1,-1,0,1,1,-1,-1,-1
5474,34734734610074,train_oof,1,phishing,1,phishing,0.598858,0.401142,True,TP,2,-1,-1,1,-1,1,1,1,0,-1,-1
5476,107544772925326,train_oof,0,legitimate,0,legitimate,0.000552,0.999448,True,TN,5,1,-1,1,-1,1,1,1,1,0,1
5477,135858040350012,train_oof,0,legitimate,0,legitimate,0.149378,0.850622,True,TN,1,-1,1,1,-1,-1,1,1,0,0,0
5478,107622078275593,train_oof,0,legitimate,1,phishing,0.669292,0.330708,False,FP,3,1,-1,1,-1,1,1,-1,0,-1,-1
5479,150232652611395,train_oof,0,legitimate,0,legitimate,0.066857,0.933143,True,TN,5,1,1,1,-1,1,1,1,0,0,1
5480,87562829873434,train_oof,0,legitimate,1,phishing,0.563897,0.436103,False,FP,5,1,1,1,-1,-1,1,1,0,-1,-1
5481,176366146485825,train_oof,0,legitimate,0,legitimate,0.004659,0.995341,True,TN,5,-1,-1,1,1,1,1,1,0,0,1
5483,26168836869173,train_oof,0,legitimate,0,legitimate,0.005682,0.994318,True,TN,1,1,-1,1,1,0,1,1,0,0,-1
5485,8035353261358,train_oof,0,legitimate,0,legitimate,0.398851,0.601149,True,TN,4,-1,-1,1,-1,-1,-1,1,0,0,0
5487,165444478887719,train_oof,1,phishing,1,phishing,0.99183,0.00817,True,TP,3,1,-1,1,-1,1,1,-1,-1,-1,-1
5488,89891010524987,train_oof,1,phishing,1,phishing,0.98416,0.01584,True,TP,4,-1,-1,1,-1,1,1,-1,-1,0,-1
5489,143128894441176,train_oof,0,legitimate,0,legitimate,0.009795,0.990205,True,TN,5,1,-1,1,1,1,1,1,1,-1,-1
5490,276450594699453,train_oof,0,legitimate,0,legitimate,0.004644,0.995356,True,TN,5,1,-1,1,-1,1,1,1,1,1,-1
5491,192429314731182,train_oof,0,legitimate,0,legitimate,0.033201,0.966799,True,TN,2,-1,-1,-1,-1,0,1,1,1,0,-1
5492,105568369028277,train_oof,0,legitimate,0,legitimate,0.016451,0.983549,True,TN,2,-1,-1,1,1,-1,1,-1,1,1,-1
5495,27202208070366,train_oof,1,phishing,1,phishing,0.998729,0.001271,True,TP,1,-1,-1,-1,-1,0,-1,-1,-1,1,-1
5497,148440359637808,train_oof,1,phishing,1,phishing,0.992975,0.007025,True,TP,4,1,-1,1,-1,0,1,-1,-1,0,0
5498,56474012571905,train_oof,1,phishing,1,phishing,0.99995,5e-05,True,TP,2,-1,-1,1,-1,0,1,-1,-1,-1,-1
5500,176605692375683,train_oof,1,phishing,1,phishing,0.999184,0.000816,True,TP,4,-1,-1,1,-1,0,1,-1,-1,0,-1
5501,49882892026994,train_oof,0,legitimate,0,legitimate,0.356048,0.643952,True,TN,2,-1,-1,1,-1,0,1,1,0,0,0
5502,65417857137685,train_oof,0,legitimate,0,legitimate,0.293297,0.706703,True,TN,3,-1,1,-1,-1,1,1,1,0,-1,-1
5503,70904576852060,train_oof,1,phishing,1,phishing,0.998351,0.001649,True,TP,2,-1,-1,1,-1,0,1,1,-1,-1,-1
5504,206313133448700,train_oof,1,phishing,1,phishing,0.998207,0.001793,True,TP,2,-1,1,1,-1,0,1,1,-1,-1,-1
5507,153655187531227,train_oof,0,legitimate,0,legitimate,0.219344,0.780656,True,TN,2,-1,-1,-1,-1,-1,1,1,0,-1,-1
5508,153973612558939,train_oof,0,legitimate,0,legitimate,0.160286,0.839714,True,TN,4,-1,-1,1,-1,0,1,1,1,0,1
5509,91531422698253,train_oof,0,legitimate,0,legitimate,0.004456,0.995544,True,TN,5,1,-1,1,-1,1,1,1,0,0,1
5511,19237996948106,train_oof,0,legitimate,1,phishing,0.712054,0.287946,False,FP,1,-1,-1,1,-1,1,1,1,0,-1,-1
5512,67607242580444,train_oof,0,legitimate,0,legitimate,0.013695,0.986305,True,TN,2,-1,1,-1,1,1,1,1,0,1,-1
5514,24312140524703,train_oof,1,phishing,1,phishing,0.866948,0.133052,True,TP,4,-1,-1,1,-1,0,1,1,0,-1,-1
5515,237249960659955,train_oof,1,phishing,1,phishing,0.564284,0.435716,True,TP,5,-1,-1,1,-1,0,1,-1,0,0,-1
5516,141086953010547,train_oof,0,legitimate,0,legitimate,0.003847,0.996153,True,TN,1,1,-1,1,-1,1,1,1,1,1,-1
5517,225333498115352,train_oof,1,phishing,1,phishing,0.995608,0.004392,True,TP,3,-1,-1,-1,-1,0,-1,1,-1,1,-1
5518,149507260912484,train_oof,0,legitimate,0,legitimate,0.198106,0.801894,True,TN,4,1,-1,-1,-1,0,1,-1,0,1,-1
5519,157729704690812,train_oof,0,legitimate,0,legitimate,0.051135,0.948865,True,TN,5,-1,1,1,-1,1,-1,1,0,-1,0
5520,223384724396983,train_oof,1,phishing,1,phishing,0.979114,0.020886,True,TP,5,1,-1,1,-1,0,-1,1,-1,0,0
5521,144517294588486,train_oof,0,legitimate,0,legitimate,0.001946,0.998054,True,TN,2,1,-1,1,1,1,1,1,0,0,-1
5522,100815839040509,train_oof,0,legitimate,0,legitimate,0.095365,0.904635,True,TN,4,1,1,1,-1,0,1,1,0,1,0
5523,264762976311722,train_oof,0,legitimate,0,legitimate,0.09833,0.90167,True,TN,5,1,1,1,-1,1,1,1,0,0,-1
5524,24008170100404,train_oof,0,legitimate,0,legitimate,0.005047,0.994953,True,TN,3,-1,1,1,1,1,1,1,1,-1,-1
5526,233445719661294,train_oof,0,legitimate,0,legitimate,0.011943,0.988057,True,TN,5,-1,-1,1,1,1,1,1,0,-1,1
5527,64815123917662,train_oof,1,phishing,0,legitimate,0.03703,0.96297,False,FN,1,1,-1,1,-1,0,1,1,1,0,-1
5528,151228987298849,train_oof,0,legitimate,0,legitimate,0.003154,0.996846,True,TN,1,-1,-1,1,1,1,-1,-1,1,1,-1
5529,234333763719291,train_oof,0,legitimate,0,legitimate,0.186836,0.813164,True,TN,1,1,-1,1,-1,1,1,1,0,1,-1
5530,101549719815721,train_oof,1,phishing,1,phishing,0.608284,0.391716,True,TP,4,1,-1,1,-1,0,1,-1,1,-1,-1
5531,191164687119007,train_oof,0,legitimate,1,phishing,0.756748,0.243252,False,FP,1,1,-1,1,-1,0,1,1,0,-1,-1
5532,207539829194084,train_oof,1,phishing,0,legitimate,0.414625,0.585375,False,FN,3,1,1,1,-1,0,1,1,0,-1,-1
5533,73685476442887,train_oof,0,legitimate,0,legitimate,0.274516,0.725484,True,TN,2,-1,-1,1,-1,1,1,-1,0,-1,0
5534,139901574027533,train_oof,1,phishing,0,legitimate,0.48409,0.51591,False,FN,5,-1,-1,1,-1,0,1,1,0,-1,0
5535,246554094698095,train_oof,1,phishing,1,phishing,0.842327,0.157673,True,TP,2,-1,0,1,-1,0,-1,-1,0,-1,-1
5537,21957689494907,train_oof,0,legitimate,0,legitimate,0.142924,0.857076,True,TN,5,1,1,1,-1,0,1,1,0,0,-1
5538,22836708566568,train_oof,1,phishing,1,phishing,0.891789,0.108211,True,TP,2,-1,-1,1,-1,0,1,-1,0,-1,-1
5539,156834788714642,train_oof,0,legitimate,0,legitimate,0.09585,0.90415,True,TN,2,1,1,1,-1,1,-1,1,0,0,-1
5540,7626248452184,train_oof,0,legitimate,0,legitimate,0.391213,0.608787,True,TN,3,-1,1,-1,-1,0,1,1,0,0,-1
5541,1860007809725,train_oof,0,legitimate,0,legitimate,0.448793,0.551207,True,TN,2,-1,-1,1,-1,1,1,1,0,0,-1
5542,128974970552464,train_oof,0,legitimate,0,legitimate,0.400457,0.599543,True,TN,5,1,-1,1,-1,1,1,1,0,-1,-1
5543,184456661597186,train_oof,0,legitimate,0,legitimate,0.413312,0.586688,True,TN,1,-1,1,1,-1,1,1,1,0,-1,-1
5544,245047771882656,train_oof,0,legitimate,0,legitimate,0.212324,0.787676,True,TN,2,-1,-1,1,-1,1,1,1,1,-1,-1
5545,20390762583448,train_oof,1,phishing,1,phishing,0.554687,0.445313,True,TP,5,-1,-1,1,-1,0,1,-1,0,-1,1
5546,231891693671557,train_oof,1,phishing,1,phishing,0.652538,0.347462,True,TP,5,1,-1,1,-1,1,1,-1,0,-1,-1
5547,169933432835461,train_oof,0,legitimate,0,legitimate,0.000397,0.999603,True,TN,4,1,-1,1,1,0,1,1,1,1,-1
5548,239826265953517,train_oof,0,legitimate,0,legitimate,0.244798,0.755202,True,TN,3,1,-1,1,-1,1,1,1,0,0,-1
5549,72391249169431,train_oof,0,legitimate,0,legitimate,0.005072,0.994928,True,TN,4,1,-1,-1,1,1,1,1,1,0,1
5551,167767695843333,train_oof,1,phishing,1,phishing,0.968314,0.031686,True,TP,4,-1,-1,1,-1,0,-1,1,-1,1,-1
5552,143654619989871,train_oof,1,phishing,1,phishing,0.665957,0.334043,True,TP,5,1,-1,1,-1,0,1,-1,0,-1,-1
5553,73412752861373,train_oof,0,legitimate,0,legitimate,0.428361,0.571639,True,TN,2,-1,-1,1,1,1,1,1,-1,-1,-1
5554,235521155730142,train_oof,1,phishing,1,phishing,0.999816,0.000184,True,TP,5,-1,-1,1,-1,0,1,-1,-1,-1,-1
5555,76571987407061,train_oof,1,phishing,1,phishing,0.982181,0.017819,True,TP,4,-1,1,1,-1,0,1,1,-1,0,0
5556,145154393193737,train_oof,1,phishing,1,phishing,0.997046,0.002954,True,TP,1,1,-1,1,-1,0,1,1,-1,-1,-1
5560,207069424911167,train_oof,1,phishing,1,phishing,0.986177,0.013823,True,TP,5,1,-1,1,-1,1,1,-1,-1,-1,-1
5562,45477016543870,train_oof,1,phishing,0,legitimate,0.325989,0.674011,False,FN,1,-1,-1,1,-1,1,1,-1,0,-1,0
5563,95266645144512,train_oof,0,legitimate,1,phishing,0.62001,0.37999,False,FP,1,-1,-1,1,-1,0,1,1,0,0,-1
5565,192417978310821,train_oof,0,legitimate,0,legitimate,0.21135,0.78865,True,TN,3,-1,-1,1,-1,0,-1,1,1,0,-1
5567,217457650466551,train_oof,1,phishing,1,phishing,0.999816,0.000184,True,TP,5,-1,-1,1,-1,0,1,-1,-1,-1,-1
5568,164921464145184,train_oof,1,phishing,1,phishing,0.986568,0.013432,True,TP,5,-1,-1,1,-1,0,1,-1,-1,0,0
5569,232183402695281,train_oof,1,phishing,1,phishing,0.952701,0.047299,True,TP,1,-1,1,1,-1,1,1,1,-1,0,-1
5570,14069934941235,train_oof,1,phishing,1,phishing,0.935306,0.064694,True,TP,5,-1,-1,1,-1,0,1,-1,0,-1,-1
5571,86229180339382,train_oof,0,legitimate,0,legitimate,0.016627,0.983373,True,TN,1,-1,-1,1,-1,1,-1,1,0,-1,1
5572,248847629327651,train_oof,1,phishing,1,phishing,0.526512,0.473488,True,TP,4,-1,-1,1,-1,0,1,1,0,0,-1
5573,182186885690270,train_oof,0,legitimate,0,legitimate,0.027613,0.972387,True,TN,1,-1,-1,1,-1,1,-1,-1,0,1,1
5574,254680863600371,train_oof,0,legitimate,0,legitimate,0.022326,0.977674,True,TN,1,-1,-1,1,1,0,1,-1,1,1,-1
5575,227235641513585,train_oof,0,legitimate,0,legitimate,0.3894,0.6106,True,TN,4,-1,-1,1,-1,1,1,1,0,0,-1
5576,265286261853797,train_oof,0,legitimate,1,phishing,0.62948,0.37052,False,FP,2,-1,-1,1,-1,0,1,-1,0,0,-1
5578,281338041186841,train_oof,1,phishing,0,legitimate,0.149683,0.850317,False,FN,4,-1,-1,1,-1,1,1,-1,1,1,-1
5579,143095122723679,train_oof,0,legitimate,0,legitimate,0.029066,0.970934,True,TN,1,-1,-1,-1,-1,1,1,1,0,1,-1
5580,136365819106591,train_oof,0,legitimate,0,legitimate,0.203923,0.796077,True,TN,4,-1,-1,-1,-1,0,1,-1,1,-1,1
5582,95021438689053,train_oof,1,phishing,0,legitimate,0.052519,0.947481,False,FN,5,1,-1,1,-1,1,-1,1,1,-1,-1
5583,242508510495844,train_oof,0,legitimate,0,legitimate,0.17247,0.82753,True,TN,4,-1,-1,-1,-1,0,1,-1,0,0,-1
5584,23888372143891,train_oof,1,phishing,0,legitimate,0.105624,0.894376,False,FN,2,1,-1,1,-1,1,1,1,1,-1,-1
5585,211303779845277,train_oof,0,legitimate,0,legitimate,0.004665,0.995335,True,TN,4,1,1,1,1,1,-1,1,1,-1,-1
5586,276450594699453,train_oof,0,legitimate,0,legitimate,0.004644,0.995356,True,TN,5,1,-1,1,-1,1,1,1,1,1,-1
5588,44810775780445,train_oof,0,legitimate,0,legitimate,0.244798,0.755202,True,TN,3,1,-1,1,-1,1,1,1,0,0,-1
5589,135710111045099,train_oof,0,legitimate,0,legitimate,0.000552,0.999448,True,TN,5,1,-1,1,-1,1,1,1,1,0,1
5590,150595927547392,train_oof,0,legitimate,1,phishing,0.726668,0.273332,False,FP,2,-1,-1,1,-1,1,1,-1,0,-1,-1
5591,199598324728421,train_oof,1,phishing,1,phishing,0.874513,0.125487,True,TP,3,-1,-1,1,-1,0,1,-1,0,-1,-1
5592,204095894700603,train_oof,0,legitimate,0,legitimate,0.034621,0.965379,True,TN,2,1,-1,1,-1,1,-1,-1,0,0,1
5594,14820497780851,train_oof,0,legitimate,0,legitimate,0.080665,0.919335,True,TN,2,-1,-1,1,1,1,1,-1,0,-1,-1
5595,187152272367928,train_oof,0,legitimate,0,legitimate,0.007987,0.992013,True,TN,1,1,-1,1,-1,1,1,1,1,0,0
5596,125742291765212,train_oof,1,phishing,1,phishing,0.554687,0.445313,True,TP,5,-1,-1,1,-1,0,1,-1,0,-1,1
5597,239826265953517,train_oof,0,legitimate,0,legitimate,0.244798,0.755202,True,TN,3,1,-1,1,-1,1,1,1,0,0,-1
5598,14152626930772,train_oof,0,legitimate,0,legitimate,0.011936,0.988064,True,TN,3,1,-1,1,-1,1,1,1,0,1,1
5599,264631861342804,train_oof,1,phishing,1,phishing,0.991548,0.008452,True,TP,5,-1,-1,1,-1,1,1,-1,-1,-1,-1
5600,238698509178115,train_oof,0,legitimate,0,legitimate,0.070931,0.929069,True,TN,4,-1,-1,1,-1,1,-1,-1,0,0,0
5601,265081132078404,train_oof,0,legitimate,0,legitimate,0.02057,0.97943,True,TN,4,1,1,-1,1,1,1,1,0,0,-1
5602,37585632409841,train_oof,1,phishing,1,phishing,0.61656,0.38344,True,TP,2,1,-1,1,-1,0,1,-1,0,-1,-1
5605,108717881137499,train_oof,1,phishing,1,phishing,0.862561,0.137439,True,TP,4,-1,-1,1,-1,0,-1,-1,0,-1,-1
5606,176480474030158,train_oof,0,legitimate,0,legitimate,0.164354,0.835646,True,TN,5,-1,1,1,-1,1,1,1,1,1,-1
5607,84579532739956,train_oof,1,phishing,1,phishing,0.654194,0.345806,True,TP,3,1,-1,1,-1,0,1,-1,0,-1,-1
5608,151546940936274,train_oof,0,legitimate,0,legitimate,0.158046,0.841954,True,TN,2,-1,-1,1,-1,0,1,1,0,1,0
5609,37106592680220,train_oof,0,legitimate,0,legitimate,0.042204,0.957796,True,TN,4,1,-1,-1,-1,1,1,1,0,0,1
5610,24330064792918,train_oof,1,phishing,1,phishing,0.874513,0.125487,True,TP,3,-1,-1,1,-1,0,1,-1,0,-1,-1
5611,194546946469804,train_oof,1,phishing,1,phishing,0.538817,0.461183,True,TP,1,-1,-1,1,-1,0,1,-1,0,1,-1
5612,32905885527172,train_oof,0,legitimate,0,legitimate,0.021191,0.978809,True,TN,2,1,-1,1,-1,1,1,-1,1,1,0
5613,47677091384629,train_oof,1,phishing,1,phishing,0.998385,0.001615,True,TP,5,-1,-1,1,-1,0,1,1,-1,-1,-1
5614,103640967294369,train_oof,0,legitimate,0,legitimate,0.003917,0.996083,True,TN,2,1,-1,1,-1,1,1,1,0,0,1
5615,225297202436984,train_oof,1,phishing,1,phishing,0.999524,0.000476,True,TP,3,-1,-1,1,-1,0,1,-1,-1,-1,-1
5617,122045852124301,train_oof,0,legitimate,0,legitimate,0.370992,0.629008,True,TN,5,1,-1,1,-1,0,1,1,0,0,-1
5618,26349517488163,train_oof,1,phishing,1,phishing,0.938948,0.061052,True,TP,5,-1,-1,-1,-1,0,-1,-1,-1,1,1
5619,109930919655572,train_oof,0,legitimate,0,legitimate,0.007732,0.992268,True,TN,1,-1,-1,1,1,1,1,-1,1,1,-1
5620,36239739266192,train_oof,0,legitimate,0,legitimate,0.032557,0.967443,True,TN,2,-1,-1,1,1,1,1,-1,0,1,-1
5621,42564028485701,train_oof,0,legitimate,0,legitimate,0.056297,0.943703,True,TN,3,1,-1,-1,-1,1,1,1,1,-1,1
5622,59982629243114,train_oof,1,phishing,1,phishing,0.996344,0.003656,True,TP,5,1,1,1,-1,0,1,1,-1,-1,-1
5623,271400460663095,train_oof,0,legitimate,1,phishing,0.553777,0.446223,False,FP,4,-1,-1,1,-1,0,-1,-1,0,-1,0
5624,37138997443449,train_oof,1,phishing,1,phishing,0.647334,0.352666,True,TP,1,1,-1,1,-1,-1,-1,-1,0,-1,-1
5625,255114136699948,train_oof,0,legitimate,0,legitimate,0.002355,0.997645,True,TN,3,-1,-1,1,1,1,1,1,0,1,-1
5626,141526723655382,train_oof,1,phishing,1,phishing,0.997391,0.002609,True,TP,1,-1,-1,1,-1,-1,1,-1,-1,0,-1
5627,155307452455945,train_oof,0,legitimate,0,legitimate,0.066758,0.933242,True,TN,1,-1,-1,1,1,0,-1,-1,1,-1,-1
5628,246932491962179,train_oof,0,legitimate,0,legitimate,0.095768,0.904232,True,TN,5,-1,1,1,-1,1,1,1,1,-1,0
5629,223011046651110,train_oof,0,legitimate,0,legitimate,0.080167,0.919833,True,TN,5,1,-1,1,-1,1,1,1,0,-1,0
5630,202307739117734,train_oof,0,legitimate,0,legitimate,0.14209,0.85791,True,TN,2,-1,1,-1,-1,-1,1,1,0,0,0
5631,231139613723772,train_oof,1,phishing,1,phishing,0.997418,0.002582,True,TP,2,-1,-1,1,-1,0,1,1,-1,0,-1
5632,71032054461845,train_oof,0,legitimate,0,legitimate,0.212974,0.787026,True,TN,1,-1,1,1,-1,-1,-1,1,0,0,-1
5634,23082695242907,train_oof,0,legitimate,0,legitimate,0.007992,0.992008,True,TN,1,-1,-1,1,1,-1,-1,-1,1,1,-1
5635,34300204405130,train_oof,0,legitimate,0,legitimate,0.307717,0.692283,True,TN,1,1,-1,1,-1,-1,1,-1,0,0,0
5636,63291678116253,train_oof,1,phishing,0,legitimate,0.418812,0.581188,False,FN,2,-1,1,-1,-1,0,1,1,0,1,-1
5637,19237996948106,train_oof,0,legitimate,1,phishing,0.712054,0.287946,False,FP,1,-1,-1,1,-1,1,1,1,0,-1,-1
5638,221020846250555,train_oof,1,phishing,1,phishing,0.998816,0.001184,True,TP,4,-1,-1,1,-1,0,1,1,-1,-1,-1
5639,107610706055184,train_oof,1,phishing,1,phishing,0.998729,0.001271,True,TP,1,-1,-1,-1,-1,0,-1,-1,-1,1,-1
5640,7330817827016,train_oof,0,legitimate,0,legitimate,0.00344,0.99656,True,TN,3,1,-1,1,1,-1,1,1,1,0,-1
5641,54548946354599,train_oof,1,phishing,1,phishing,0.99995,5e-05,True,TP,2,-1,-1,1,-1,0,1,-1,-1,-1,-1
5642,265937910651960,train_oof,0,legitimate,0,legitimate,0.022828,0.977172,True,TN,2,-1,-1,1,-1,1,-1,1,1,1,-1
5643,4602119783931,train_oof,1,phishing,1,phishing,0.99735,0.00265,True,TP,5,-1,-1,1,-1,0,1,1,-1,0,-1
5644,116781349354747,train_oof,0,legitimate,0,legitimate,0.400457,0.599543,True,TN,5,1,-1,1,-1,1,1,1,0,-1,-1
5646,199353312557146,train_oof,1,phishing,1,phishing,0.91472,0.08528,True,TP,1,-1,-1,1,-1,0,1,-1,0,-1,-1
5648,133559052921314,train_oof,0,legitimate,0,legitimate,0.014086,0.985914,True,TN,1,-1,-1,-1,1,-1,1,1,1,-1,-1
5650,268610691181841,train_oof,0,legitimate,0,legitimate,0.342003,0.657997,True,TN,5,-1,-1,1,-1,-1,1,-1,0,0,-1
5651,17290414369022,train_oof,0,legitimate,0,legitimate,0.186836,0.813164,True,TN,1,1,-1,1,-1,1,1,1,0,1,-1
5654,215167425394406,train_oof,1,phishing,1,phishing,0.999124,0.000876,True,TP,4,-1,-1,1,-1,-1,1,-1,-1,-1,-1
5655,98003687339162,train_oof,0,legitimate,0,legitimate,0.044809,0.955191,True,TN,5,-1,-1,1,-1,1,1,1,0,1,0
5657,104480810065897,train_oof,0,legitimate,0,legitimate,0.014604,0.985396,True,TN,1,1,-1,1,-1,1,1,-1,1,0,-1
5658,246748268016285,train_oof,0,legitimate,1,phishing,0.533104,0.466896,False,FP,5,-1,1,1,-1,1,1,1,0,0,-1
5659,57694261612289,train_oof,1,phishing,0,legitimate,0.383519,0.616481,False,FN,1,-1,-1,1,-1,0,-1,1,1,-1,-1
5661,246451792744789,train_oof,1,phishing,1,phishing,0.999816,0.000184,True,TP,5,-1,-1,1,-1,0,1,-1,-1,-1,-1
5664,251679725372484,train_oof,0,legitimate,0,legitimate,0.096034,0.903966,True,TN,3,-1,-1,-1,-1,1,1,1,0,0,1
5665,39551865956498,train_oof,1,phishing,1,phishing,0.986591,0.013409,True,TP,5,1,-1,1,-1,-1,1,1,-1,-1,-1
5666,150711909567235,train_oof,0,legitimate,0,legitimate,0.001824,0.998176,True,TN,4,-1,-1,1,1,1,-1,1,0,1,-1
5668,107896765052822,train_oof,1,phishing,1,phishing,0.999124,0.000876,True,TP,4,-1,-1,1,-1,-1,1,-1,-1,-1,-1
5669,52316567311439,train_oof,1,phishing,1,phishing,0.986688,0.013312,True,TP,4,1,-1,1,-1,0,-1,-1,-1,1,-1
5670,206192297421722,train_oof,0,legitimate,0,legitimate,0.003847,0.996153,True,TN,1,1,-1,1,-1,1,1,1,1,1,-1
5671,258664790918240,train_oof,0,legitimate,0,legitimate,0.018319,0.981681,True,TN,1,1,-1,1,1,0,1,-1,0,-1,-1
5672,179867949938241,train_oof,0,legitimate,0,legitimate,0.171799,0.828201,True,TN,3,-1,1,-1,-1,1,1,1,1,0,0
5673,65519361321939,train_oof,1,phishing,1,phishing,0.995902,0.004098,True,TP,5,-1,-1,1,-1,0,-1,-1,-1,1,-1
5674,129678931221203,train_oof,0,legitimate,0,legitimate,0.031347,0.968653,True,TN,4,-1,1,-1,1,-1,-1,1,1,1,-1
5675,198665883828229,train_oof,1,phishing,1,phishing,0.983569,0.016431,True,TP,5,-1,-1,1,-1,0,1,1,-1,1,-1
5676,134222747054924,train_oof,1,phishing,0,legitimate,0.406399,0.593601,False,FN,2,1,-1,1,-1,0,1,-1,0,0,-1
5678,279214533428690,train_oof,0,legitimate,0,legitimate,0.012763,0.987237,True,TN,4,-1,-1,1,-1,1,-1,1,0,-1,1
5679,222921746377630,train_oof,0,legitimate,0,legitimate,0.00625,0.99375,True,TN,2,-1,-1,1,1,1,1,-1,1,0,-1
5680,10712475436285,train_oof,1,phishing,1,phishing,0.989712,0.010288,True,TP,1,-1,1,1,-1,0,-1,-1,-1,0,-1
5681,170236157721091,train_oof,0,legitimate,0,legitimate,0.212628,0.787372,True,TN,4,1,-1,1,-1,1,1,1,0,0,-1
5682,48797528615531,train_oof,0,legitimate,0,legitimate,0.000723,0.999277,True,TN,1,1,-1,1,-1,1,1,1,1,1,1
5684,128469425676348,train_oof,1,phishing,0,legitimate,0.374083,0.625917,False,FN,3,-1,-1,1,-1,1,1,-1,0,1,-1
5685,50749755144873,train_oof,1,phishing,1,phishing,0.891789,0.108211,True,TP,2,-1,-1,1,-1,0,1,-1,0,-1,-1
5686,220639121597599,train_oof,1,phishing,1,phishing,0.997998,0.002002,True,TP,1,-1,-1,1,-1,0,1,1,-1,0,-1
5687,84368241010944,train_oof,0,legitimate,0,legitimate,0.331395,0.668605,True,TN,2,-1,-1,1,-1,-1,1,1,0,0,-1
5688,242462588820125,train_oof,0,legitimate,0,legitimate,0.032975,0.967025,True,TN,3,-1,-1,1,1,1,1,1,0,-1,-1
5689,257074734689991,train_oof,1,phishing,0,legitimate,0.266712,0.733288,False,FN,5,-1,-1,1,-1,0,1,-1,1,0,-1
5691,87562829873434,train_oof,0,legitimate,1,phishing,0.563897,0.436103,False,FP,5,1,1,1,-1,-1,1,1,0,-1,-1
5693,75641143696483,train_oof,1,phishing,1,phishing,0.998323,0.001677,True,TP,1,-1,-1,1,-1,0,1,-1,-1,0,-1
5694,50942023246057,train_oof,1,phishing,1,phishing,0.987913,0.012087,True,TP,4,1,-1,1,-1,1,1,-1,-1,-1,-1
5695,238698509178115,train_oof,0,legitimate,0,legitimate,0.070931,0.929069,True,TN,4,-1,-1,1,-1,1,-1,-1,0,0,0
5696,202300406557974,train_oof,0,legitimate,0,legitimate,0.001657,0.998343,True,TN,3,1,-1,1,1,-1,1,-1,1,1,-1
5698,278024882251861,train_oof,1,phishing,1,phishing,0.969029,0.030971,True,TP,3,-1,-1,1,-1,0,1,-1,-1,-1,1
5699,230510820298224,train_oof,1,phishing,1,phishing,0.924235,0.075765,True,TP,1,-1,-1,1,-1,1,-1,1,-1,-1,-1
5701,143654619989871,train_oof,1,phishing,1,phishing,0.665957,0.334043,True,TP,5,1,-1,1,-1,0,1,-1,0,-1,-1
5702,277615915966838,train_oof,0,legitimate,0,legitimate,0.0,1.0,True,TN,3,1,-1,1,1,1,1,1,1,1,-1
5705,146068754492669,train_oof,0,legitimate,0,legitimate,0.047537,0.952463,True,TN,3,-1,-1,1,1,-1,-1,1,1,-1,-1
5706,204522442546878,train_oof,0,legitimate,0,legitimate,0.001593,0.998407,True,TN,2,1,-1,1,1,1,1,-1,1,1,-1
5707,232963210249769,train_oof,0,legitimate,0,legitimate,0.010493,0.989507,True,TN,5,1,-1,1,-1,1,1,-1,0,1,1
5708,214864333641069,train_oof,1,phishing,1,phishing,0.975004,0.024996,True,TP,5,-1,-1,1,-1,1,-1,-1,-1,0,-1
5709,154878875124610,train_oof,1,phishing,1,phishing,0.994679,0.005321,True,TP,2,1,-1,1,-1,0,1,1,-1,0,-1
5711,10306115376948,train_oof,0,legitimate,1,phishing,0.652538,0.347462,False,FP,5,1,-1,1,-1,1,1,-1,0,-1,-1
5712,78268167131686,train_oof,1,phishing,1,phishing,0.927788,0.072212,True,TP,5,-1,-1,1,-1,0,1,1,0,-1,-1
5713,84120129370324,train_oof,0,legitimate,0,legitimate,0.000682,0.999318,True,TN,2,-1,-1,-1,1,1,1,1,1,1,-1
5714,59529345925269,train_oof,1,phishing,1,phishing,0.999691,0.000309,True,TP,4,1,-1,1,-1,0,1,-1,-1,-1,-1
5715,198885172338540,train_oof,0,legitimate,0,legitimate,0.04823,0.95177,True,TN,4,-1,-1,-1,-1,1,1,-1,1,1,-1
5716,34619480901552,train_oof,1,phishing,1,phishing,0.996931,0.003069,True,TP,4,-1,-1,-1,-1,0,-1,-1,-1,1,-1
5717,270526010264361,train_oof,0,legitimate,0,legitimate,0.002758,0.997242,True,TN,2,-1,-1,1,1,1,-1,1,0,1,-1
5718,199911306661774,train_oof,1,phishing,1,phishing,0.979464,0.020536,True,TP,2,1,-1,1,-1,0,-1,1,-1,-1,-1
5719,13737527150200,train_oof,0,legitimate,0,legitimate,0.001558,0.998442,True,TN,1,1,-1,1,1,1,1,1,0,0,-1
5720,32309901907166,train_oof,0,legitimate,0,legitimate,0.004801,0.995199,True,TN,1,1,-1,1,-1,1,1,1,1,0,-1
5721,174548036916505,train_oof,1,phishing,1,phishing,0.99742,0.00258,True,TP,3,1,-1,1,-1,0,1,1,-1,0,-1
5722,184375600553770,train_oof,0,legitimate,0,legitimate,0.000184,0.999816,True,TN,2,1,-1,1,1,1,1,1,0,0,1
5723,88375028676863,train_oof,0,legitimate,0,legitimate,0.332583,0.667417,True,TN,5,-1,-1,1,-1,-1,1,-1,1,1,-1
5724,193016889330102,train_oof,1,phishing,1,phishing,0.998323,0.001677,True,TP,1,-1,-1,1,-1,0,1,-1,-1,0,-1
5726,198096605012043,train_oof,0,legitimate,0,legitimate,0.118291,0.881709,True,TN,3,-1,-1,1,-1,0,1,-1,1,0,1
5727,275216345680071,train_oof,1,phishing,1,phishing,0.989557,0.010443,True,TP,5,-1,-1,1,-1,0,-1,-1,-1,0,0
5728,188473090111085,train_oof,1,phishing,0,legitimate,0.050355,0.949645,False,FN,1,1,1,1,-1,1,1,1,1,0,-1
5729,238038923320870,train_oof,1,phishing,1,phishing,0.99705,0.00295,True,TP,1,-1,1,1,-1,0,1,1,-1,-1,-1
5730,45803919460722,train_oof,0,legitimate,0,legitimate,0.010812,0.989188,True,TN,3,-1,1,-1,1,1,1,1,1,0,-1
5731,187771437379467,train_oof,0,legitimate,0,legitimate,0.188709,0.811291,True,TN,2,1,1,1,-1,-1,1,1,0,1,1
5733,159601573345573,train_oof,1,phishing,1,phishing,0.540928,0.459072,True,TP,3,-1,-1,1,-1,0,-1,1,0,0,-1
5734,148658490127571,train_oof,1,phishing,1,phishing,0.948308,0.051692,True,TP,1,-1,0,1,-1,0,1,-1,0,-1,-1
5735,177388145232528,train_oof,1,phishing,1,phishing,0.9785,0.0215,True,TP,1,1,-1,1,-1,0,-1,1,-1,-1,-1
5736,233827787061330,train_oof,1,phishing,1,phishing,0.959671,0.040329,True,TP,3,-1,1,1,-1,1,1,1,-1,-1,-1
5737,136208014055919,train_oof,1,phishing,1,phishing,0.927,0.073,True,TP,1,-1,-1,1,-1,1,-1,-1,-1,1,-1
5738,97920190554239,train_oof,1,phishing,1,phishing,0.993896,0.006104,True,TP,5,-1,-1,1,-1,0,-1,1,-1,-1,-1
5740,207218126590614,train_oof,0,legitimate,0,legitimate,0.002823,0.997177,True,TN,2,-1,-1,-1,1,1,1,1,1,-1,-1
5741,14354890609657,train_oof,1,phishing,0,legitimate,0.432337,0.567663,False,FN,4,1,-1,1,-1,1,1,1,0,-1,-1
5742,51287506756856,train_oof,0,legitimate,0,legitimate,0.13117,0.86883,True,TN,5,1,-1,1,-1,-1,1,1,0,1,1
5744,48417487882252,train_oof,1,phishing,0,legitimate,0.305675,0.694325,False,FN,1,-1,-1,1,-1,1,-1,1,0,-1,-1
5745,142790894642113,train_oof,1,phishing,1,phishing,0.874513,0.125487,True,TP,3,-1,-1,1,-1,0,1,-1,0,-1,-1
5747,198429401359936,train_oof,1,phishing,0,legitimate,0.325018,0.674982,False,FN,2,1,-1,1,-1,0,1,1,0,0,-1
5749,75436646126960,train_oof,1,phishing,1,phishing,0.542789,0.457211,True,TP,1,1,-1,1,-1,-1,1,1,0,-1,0
5750,204115871213636,train_oof,0,legitimate,0,legitimate,0.007658,0.992342,True,TN,4,-1,1,1,1,1,1,1,1,0,-1
5751,233452880225228,train_oof,1,phishing,1,phishing,0.992966,0.007034,True,TP,2,1,-1,1,-1,-1,1,1,-1,-1,-1
5753,81062883320968,train_oof,1,phishing,1,phishing,0.99381,0.00619,True,TP,5,-1,-1,1,-1,-1,1,1,-1,-1,-1
5754,144973772029922,train_oof,1,phishing,1,phishing,0.99705,0.00295,True,TP,1,-1,1,1,-1,0,1,1,-1,-1,-1
5755,6320396184387,train_oof,1,phishing,1,phishing,0.997046,0.002954,True,TP,1,1,-1,1,-1,0,1,1,-1,-1,-1
5756,133460084593686,train_oof,1,phishing,1,phishing,0.992375,0.007625,True,TP,4,1,-1,1,-1,0,1,1,-1,0,-1
5757,120661920912158,train_oof,0,legitimate,0,legitimate,0.123077,0.876923,True,TN,5,-1,-1,1,-1,1,1,-1,0,0,0
5759,200095366057314,train_oof,0,legitimate,0,legitimate,0.019732,0.980268,True,TN,3,-1,-1,1,-1,1,1,1,1,-1,1
5760,145834524337414,train_oof,0,legitimate,0,legitimate,0.070036,0.929964,True,TN,4,-1,-1,1,-1,1,1,1,0,-1,1
5761,11269644658682,train_oof,1,phishing,1,phishing,0.999184,0.000816,True,TP,4,-1,-1,1,-1,0,1,-1,-1,0,-1
5762,156002435942718,train_oof,0,legitimate,0,legitimate,0.139364,0.860636,True,TN,5,1,1,1,-1,-1,-1,1,0,0,0
5763,96815702278753,train_oof,0,legitimate,0,legitimate,0.003363,0.996637,True,TN,3,1,-1,1,1,-1,-1,-1,1,0,-1
5764,2863512900145,train_oof,0,legitimate,0,legitimate,0.019485,0.980515,True,TN,5,-1,-1,1,-1,1,-1,1,0,-1,1
5765,164969301060782,train_oof,0,legitimate,0,legitimate,0.00887,0.99113,True,TN,3,-1,-1,-1,1,1,1,1,0,-1,-1
5767,192054637116288,train_oof,1,phishing,1,phishing,0.999674,0.000326,True,TP,2,-1,-1,1,-1,0,1,-1,-1,0,-1
5768,14069934941235,train_oof,1,phishing,1,phishing,0.935306,0.064694,True,TP,5,-1,-1,1,-1,0,1,-1,0,-1,-1
5769,206556536063149,train_oof,1,phishing,1,phishing,0.852476,0.147524,True,TP,2,-1,-1,1,-1,0,1,1,0,-1,-1
5770,116182140340555,train_oof,0,legitimate,0,legitimate,1.9e-05,0.999981,True,TN,4,1,-1,1,1,1,1,1,1,0,-1
5771,51436249181429,train_oof,0,legitimate,0,legitimate,9.8e-05,0.999902,True,TN,1,1,-1,1,1,1,1,1,1,1,-1
5772,144517294588486,train_oof,0,legitimate,0,legitimate,0.001946,0.998054,True,TN,2,1,-1,1,1,1,1,1,0,0,-1
5775,261931612585895,train_oof,0,legitimate,0,legitimate,0.005137,0.994863,True,TN,5,-1,-1,1,1,1,1,-1,1,0,-1
5776,142506493921459,train_oof,1,phishing,1,phishing,0.998972,0.001028,True,TP,3,-1,-1,1,-1,0,1,-1,-1,0,-1
5777,54009170092032,train_oof,0,legitimate,0,legitimate,0.085058,0.914942,True,TN,1,-1,-1,-1,-1,-1,1,-1,1,0,-1
5779,272508831609618,train_oof,0,legitimate,0,legitimate,0.12514,0.87486,True,TN,4,1,1,1,-1,1,1,-1,0,1,1
5780,20127705055050,train_oof,1,phishing,1,phishing,0.999524,0.000476,True,TP,3,-1,-1,1,-1,0,1,-1,-1,-1,-1
5781,133692007561663,train_oof,0,legitimate,0,legitimate,0.219995,0.780005,True,TN,2,1,-1,1,-1,0,1,-1,0,0,1
5782,116575471580249,train_oof,1,phishing,1,phishing,0.995874,0.004126,True,TP,4,-1,1,1,-1,-1,1,1,-1,-1,-1
5783,178459685228693,train_oof,0,legitimate,0,legitimate,0.140291,0.859709,True,TN,2,-1,1,1,-1,-1,-1,1,0,0,-1
5784,116575471580249,train_oof,1,phishing,1,phishing,0.995874,0.004126,True,TP,4,-1,1,1,-1,-1,1,1,-1,-1,-1
5785,37352444051108,train_oof,0,legitimate,0,legitimate,0.082261,0.917739,True,TN,1,1,1,1,-1,-1,-1,1,0,0,1
5787,179320412266114,train_oof,1,phishing,1,phishing,0.993152,0.006848,True,TP,5,-1,1,1,-1,-1,1,1,-1,1,-1
5788,32199994447008,train_oof,1,phishing,1,phishing,0.996797,0.003203,True,TP,3,-1,-1,1,-1,-1,1,1,-1,-1,-1
5791,145319701296370,train_oof,1,phishing,1,phishing,0.643159,0.356841,True,TP,2,1,-1,1,-1,0,1,1,0,-1,-1
5792,46575410675011,train_oof,1,phishing,1,phishing,0.998653,0.001347,True,TP,5,-1,-1,1,-1,0,-1,-1,-1,-1,-1
5793,87018155042567,train_oof,1,phishing,1,phishing,0.980801,0.019199,True,TP,2,1,-1,1,-1,0,1,-1,-1,-1,1
5794,207921730518604,train_oof,1,phishing,0,legitimate,0.205454,0.794546,False,FN,1,-1,1,1,-1,1,1,1,0,1,-1
5795,188829498894596,train_oof,0,legitimate,1,phishing,0.846065,0.153935,False,FP,2,-1,-1,1,-1,1,-1,1,-1,1,-1
5796,16805711256289,train_oof,0,legitimate,0,legitimate,0.057122,0.942878,True,TN,2,-1,-1,1,-1,1,-1,1,0,-1,0
5797,22843529578884,train_oof,0,legitimate,0,legitimate,0.075238,0.924762,True,TN,3,-1,-1,-1,-1,0,1,-1,0,1,1
5798,261696166963370,train_oof,1,phishing,1,phishing,0.996109,0.003891,True,TP,4,-1,-1,1,-1,0,1,-1,-1,-1,0
5799,192264930885315,train_oof,0,legitimate,0,legitimate,0.00149,0.99851,True,TN,2,1,-1,1,-1,1,1,1,1,1,1
5801,157760767704589,train_oof,0,legitimate,0,legitimate,0.323051,0.676949,True,TN,1,-1,-1,1,-1,1,-1,-1,1,-1,-1
5803,91737439344575,train_oof,0,legitimate,0,legitimate,0.002148,0.997852,True,TN,3,1,-1,1,-1,1,1,1,1,1,0
5804,109251444044396,train_oof,1,phishing,1,phishing,0.643159,0.356841,True,TP,2,1,-1,1,-1,0,1,1,0,-1,-1
5805,143128894441176,train_oof,0,legitimate,0,legitimate,0.009795,0.990205,True,TN,5,1,-1,1,1,1,1,1,1,-1,-1
5807,221438276635363,train_oof,1,phishing,1,phishing,0.999957,4.3e-05,True,TP,4,-1,-1,1,-1,0,1,-1,-1,-1,-1
5809,103693152801242,train_oof,1,phishing,1,phishing,0.987688,0.012312,True,TP,1,1,1,-1,-1,0,1,-1,-1,1,-1
5810,206705031981642,train_oof,1,phishing,1,phishing,0.997944,0.002056,True,TP,2,1,-1,1,-1,0,1,-1,-1,-1,-1
5811,191004755522004,train_oof,0,legitimate,0,legitimate,0.002907,0.997093,True,TN,2,-1,-1,1,-1,1,-1,1,1,1,1
5812,37396297725962,train_oof,0,legitimate,0,legitimate,0.008979,0.991021,True,TN,2,1,-1,1,-1,1,1,-1,0,0,1
5814,206997992212423,train_oof,0,legitimate,0,legitimate,0.108767,0.891233,True,TN,2,-1,-1,-1,-1,1,1,-1,0,1,-1
5815,143095122723679,train_oof,0,legitimate,0,legitimate,0.029066,0.970934,True,TN,1,-1,-1,-1,-1,1,1,1,0,1,-1
5816,191342247637116,train_oof,1,phishing,1,phishing,0.9383,0.0617,True,TP,5,-1,-1,-1,-1,1,-1,-1,-1,1,0
5817,82864023223646,train_oof,1,phishing,1,phishing,0.994161,0.005839,True,TP,2,-1,-1,1,-1,0,1,-1,-1,-1,0
5818,208457839975350,train_oof,1,phishing,1,phishing,0.997182,0.002818,True,TP,5,-1,-1,1,-1,0,1,-1,-1,1,-1
5819,205556124974015,train_oof,1,phishing,1,phishing,0.889799,0.110201,True,TP,4,-1,-1,1,-1,0,1,-1,0,-1,-1
5820,100009750480183,train_oof,1,phishing,1,phishing,0.99995,5e-05,True,TP,2,-1,-1,1,-1,0,1,-1,-1,-1,-1
5821,232963210249769,train_oof,0,legitimate,0,legitimate,0.010493,0.989507,True,TN,5,1,-1,1,-1,1,1,-1,0,1,1
5822,189268675657027,train_oof,1,phishing,1,phishing,0.999691,0.000309,True,TP,4,1,-1,1,-1,0,1,-1,-1,-1,-1
5823,142497755923916,train_oof,1,phishing,1,phishing,0.998351,0.001649,True,TP,2,-1,-1,1,-1,0,1,1,-1,-1,-1
5824,206313133448700,train_oof,1,phishing,1,phishing,0.998207,0.001793,True,TP,2,-1,1,1,-1,0,1,1,-1,-1,-1
5825,239784322040578,train_oof,1,phishing,1,phishing,0.994161,0.005839,True,TP,2,-1,-1,1,-1,0,1,-1,-1,-1,0
5826,84725452157344,train_oof,0,legitimate,0,legitimate,0.00787,0.99213,True,TN,3,1,-1,1,-1,1,1,-1,0,1,1
5827,250534005788138,train_oof,0,legitimate,0,legitimate,0.051952,0.948048,True,TN,2,-1,-1,-1,-1,1,1,1,0,1,-1
5828,37782357329742,train_oof,1,phishing,1,phishing,0.997219,0.002781,True,TP,1,1,-1,1,-1,0,1,-1,-1,-1,-1
5829,49021514498303,train_oof,0,legitimate,0,legitimate,0.000265,0.999735,True,TN,5,-1,-1,1,1,1,1,1,1,0,-1
5830,253268517202990,train_oof,1,phishing,1,phishing,0.9785,0.0215,True,TP,1,1,-1,1,-1,0,-1,1,-1,-1,-1
5831,198096605012043,train_oof,0,legitimate,0,legitimate,0.118291,0.881709,True,TN,3,-1,-1,1,-1,0,1,-1,1,0,1
5832,198885172338540,train_oof,0,legitimate,0,legitimate,0.04823,0.95177,True,TN,4,-1,-1,-1,-1,1,1,-1,1,1,-1
5833,89980551770470,train_oof,1,phishing,0,legitimate,0.432337,0.567663,False,FN,4,1,-1,1,-1,1,1,1,0,-1,-1
5834,242731482277404,train_oof,0,legitimate,0,legitimate,0.009893,0.990107,True,TN,5,1,-1,1,-1,1,1,1,1,0,-1
5835,171194345455861,train_oof,0,legitimate,1,phishing,0.586441,0.413559,False,FP,2,1,-1,1,-1,-1,1,-1,0,0,-1
5836,277364518409351,train_oof,1,phishing,1,phishing,0.9989,0.0011,True,TP,1,-1,-1,1,-1,0,1,1,-1,-1,-1
5837,204133519524295,train_oof,0,legitimate,0,legitimate,0.194416,0.805584,True,TN,2,1,-1,1,-1,-1,1,1,0,1,-1
5838,187149767391444,train_oof,1,phishing,0,legitimate,0.040564,0.959436,False,FN,4,-1,-1,1,-1,1,1,1,0,0,0
5839,111880729268267,train_oof,0,legitimate,0,legitimate,0.027742,0.972258,True,TN,5,1,-1,1,-1,1,1,1,0,0,0
5842,186731443711989,train_oof,0,legitimate,0,legitimate,0.134104,0.865896,True,TN,5,1,-1,1,-1,-1,1,1,0,1,0
5843,114966528266201,train_oof,1,phishing,1,phishing,0.967289,0.032711,True,TP,3,-1,-1,1,-1,1,1,1,-1,-1,-1
5844,100170355574456,train_oof,0,legitimate,0,legitimate,0.067033,0.932967,True,TN,1,1,-1,1,-1,1,1,1,0,-1,1
5845,225240225613105,train_oof,0,legitimate,0,legitimate,0.162041,0.837959,True,TN,4,-1,1,-1,-1,-1,-1,-1,0,1,1
5846,90461345565284,train_oof,1,phishing,1,phishing,0.991704,0.008296,True,TP,1,-1,1,-1,-1,0,1,-1,-1,-1,-1
5848,52448944808240,train_oof,1,phishing,1,phishing,0.996698,0.003302,True,TP,2,-1,-1,1,-1,0,1,-1,-1,1,-1
5849,236449016838924,train_oof,1,phishing,1,phishing,0.95502,0.04498,True,TP,4,-1,1,-1,-1,1,1,1,-1,0,0
5850,260105051453103,train_oof,0,legitimate,0,legitimate,0.004056,0.995944,True,TN,1,1,-1,1,-1,1,1,1,0,0,1
5851,182441684226660,train_oof,1,phishing,1,phishing,0.999452,0.000548,True,TP,2,-1,0,1,-1,0,1,-1,-1,-1,-1
5852,214356702206275,train_oof,1,phishing,1,phishing,0.999184,0.000816,True,TP,4,-1,-1,1,-1,0,1,-1,-1,0,-1
5853,194030637334670,train_oof,0,legitimate,0,legitimate,0.356159,0.643841,True,TN,1,-1,-1,-1,-1,0,1,-1,0,-1,0
5854,70662423024956,train_oof,1,phishing,1,phishing,0.999826,0.000174,True,TP,1,-1,-1,1,-1,0,1,-1,-1,-1,-1
5855,8997272005429,train_oof,1,phishing,1,phishing,0.99995,5e-05,True,TP,2,-1,-1,1,-1,0,1,-1,-1,-1,-1
5856,28254812892944,train_oof,1,phishing,1,phishing,0.996521,0.003479,True,TP,5,-1,1,1,-1,0,1,1,-1,-1,-1
5857,49021514498303,train_oof,0,legitimate,0,legitimate,0.000265,0.999735,True,TN,5,-1,-1,1,1,1,1,1,1,0,-1
5858,240768772658620,train_oof,0,legitimate,0,legitimate,0.001781,0.998219,True,TN,5,1,-1,-1,1,1,1,1,0,0,-1
5859,30393503444612,train_oof,0,legitimate,0,legitimate,0.021895,0.978105,True,TN,4,-1,-1,1,1,-1,1,1,0,0,-1
5860,205243703691499,train_oof,0,legitimate,0,legitimate,0.093359,0.906641,True,TN,3,-1,-1,1,-1,-1,1,1,0,1,-1
5862,175159643987605,train_oof,1,phishing,1,phishing,0.991612,0.008388,True,TP,4,-1,-1,1,-1,0,-1,-1,-1,1,-1
5863,270862143486622,train_oof,1,phishing,1,phishing,0.988806,0.011194,True,TP,2,-1,-1,1,-1,0,-1,-1,-1,0,0
5864,259003962272091,train_oof,0,legitimate,0,legitimate,0.013647,0.986353,True,TN,5,-1,-1,1,-1,1,-1,1,1,1,-1
5865,87128017272182,train_oof,1,phishing,1,phishing,0.977975,0.022025,True,TP,5,-1,-1,1,-1,1,1,1,-1,-1,-1
5866,218774991745322,train_oof,1,phishing,0,legitimate,0.327208,0.672792,False,FN,1,1,-1,1,-1,0,1,1,0,0,-1
5867,214080381899147,train_oof,0,legitimate,0,legitimate,0.295258,0.704742,True,TN,5,-1,-1,1,-1,-1,1,-1,0,0,0
5872,75324552249529,train_oof,0,legitimate,0,legitimate,0.07869,0.92131,True,TN,4,1,1,1,-1,-1,1,1,1,0,1
5873,174929687356667,train_oof,0,legitimate,0,legitimate,0.001519,0.998481,True,TN,1,1,-1,1,1,1,1,1,0,1,-1
5874,39532284439408,train_oof,0,legitimate,1,phishing,0.73271,0.26729,False,FP,5,-1,-1,1,-1,-1,1,-1,1,-1,-1
5875,159601573345573,train_oof,1,phishing,1,phishing,0.540928,0.459072,True,TP,3,-1,-1,1,-1,0,-1,1,0,0,-1
5876,32855589313218,train_oof,0,legitimate,0,legitimate,0.307422,0.692578,True,TN,2,1,-1,1,-1,0,1,1,0,0,0
5878,126788903876399,train_oof,1,phishing,1,phishing,0.999826,0.000174,True,TP,1,-1,-1,1,-1,0,1,-1,-1,-1,-1
5880,206997992212423,train_oof,0,legitimate,0,legitimate,0.108767,0.891233,True,TN,2,-1,-1,-1,-1,1,1,-1,0,1,-1
5883,130765951188456,train_oof,0,legitimate,0,legitimate,0.007658,0.992342,True,TN,4,-1,1,1,1,1,1,1,1,0,-1
5884,555559222442,train_oof,0,legitimate,0,legitimate,0.007608,0.992392,True,TN,4,1,-1,1,-1,1,1,1,1,0,-1
5886,272640773439986,train_oof,0,legitimate,0,legitimate,0.156899,0.843101,True,TN,5,-1,-1,1,-1,1,1,1,0,1,-1
5889,202710532404511,train_oof,0,legitimate,0,legitimate,0.054169,0.945831,True,TN,5,1,-1,1,-1,1,1,-1,1,-1,1
5890,4494305444541,train_oof,1,phishing,1,phishing,0.998972,0.001028,True,TP,3,-1,-1,1,-1,0,1,-1,-1,0,-1
5892,131079180832101,train_oof,1,phishing,1,phishing,0.998821,0.001179,True,TP,4,-1,-1,1,-1,0,1,-1,-1,1,-1
5894,134427085582497,train_oof,1,phishing,1,phishing,0.997331,0.002669,True,TP,3,1,-1,1,-1,0,1,1,-1,-1,-1
5895,126018451234742,train_oof,0,legitimate,0,legitimate,0.127904,0.872096,True,TN,1,1,1,1,-1,-1,-1,1,0,-1,0
5896,70834280053243,train_oof,1,phishing,1,phishing,0.994659,0.005341,True,TP,5,1,-1,1,-1,0,-1,1,-1,0,-1
5897,28972311002422,train_oof,1,phishing,1,phishing,0.954096,0.045904,True,TP,1,1,-1,1,-1,0,1,1,-1,1,0
5898,162329489216687,train_oof,1,phishing,1,phishing,0.997146,0.002854,True,TP,5,1,-1,1,-1,0,1,-1,-1,0,-1
5899,2324020812793,train_oof,0,legitimate,0,legitimate,0.219995,0.780005,True,TN,2,1,-1,1,-1,0,1,-1,0,0,1
5900,95871133445213,train_oof,1,phishing,1,phishing,0.988072,0.011928,True,TP,3,-1,1,-1,-1,0,-1,1,-1,1,-1
5903,97495258184631,train_oof,0,legitimate,0,legitimate,0.148851,0.851149,True,TN,2,1,-1,1,-1,-1,1,-1,0,1,0
5904,54409342533841,train_oof,0,legitimate,0,legitimate,0.068094,0.931906,True,TN,1,-1,-1,1,-1,-1,1,1,0,1,0
5906,200340079530298,train_oof,0,legitimate,0,legitimate,0.035202,0.964798,True,TN,4,1,-1,1,1,-1,1,1,0,-1,-1
5907,18450405584743,train_oof,1,phishing,1,phishing,0.602016,0.397984,True,TP,2,-1,-1,1,-1,0,1,-1,0,1,-1
5908,101757397998194,train_oof,1,phishing,1,phishing,0.982915,0.017085,True,TP,4,-1,1,-1,-1,0,1,1,-1,-1,-1
5909,109589358077300,train_oof,1,phishing,1,phishing,0.723706,0.276294,True,TP,3,-1,-1,1,-1,1,1,-1,0,-1,-1
5910,127784309681143,train_oof,1,phishing,1,phishing,0.948462,0.051538,True,TP,1,1,-1,-1,-1,1,1,-1,-1,1,-1
5911,172185733505051,train_oof,1,phishing,1,phishing,0.608284,0.391716,True,TP,4,1,-1,1,-1,0,1,-1,1,-1,-1
5913,156434638029752,train_oof,1,phishing,1,phishing,0.998504,0.001496,True,TP,2,1,-1,1,-1,0,-1,-1,-1,0,-1
5916,137044939766593,train_oof,1,phishing,1,phishing,0.712054,0.287946,True,TP,1,-1,-1,1,-1,1,1,1,0,-1,-1
5918,201696780494429,train_oof,0,legitimate,0,legitimate,0.023785,0.976215,True,TN,4,-1,-1,1,-1,1,1,1,1,-1,1
5920,34857134821722,train_oof,0,legitimate,0,legitimate,0.03612,0.96388,True,TN,4,1,-1,1,-1,1,1,-1,0,1,0
5922,46207552233173,train_oof,0,legitimate,0,legitimate,0.379817,0.620183,True,TN,2,1,-1,1,-1,1,1,1,0,-1,-1
5923,139643620408718,train_oof,0,legitimate,0,legitimate,0.014447,0.985553,True,TN,5,1,1,1,1,1,1,1,0,-1,-1
5924,277555381290140,train_oof,1,phishing,1,phishing,0.959054,0.040946,True,TP,5,1,-1,1,-1,1,-1,-1,-1,0,-1
5925,163939208279539,train_oof,0,legitimate,1,phishing,0.758443,0.241557,False,FP,1,1,-1,1,-1,-1,1,1,0,-1,-1
5926,260105051453103,train_oof,0,legitimate,0,legitimate,0.004056,0.995944,True,TN,1,1,-1,1,-1,1,1,1,0,0,1
5928,20616068497206,train_oof,0,legitimate,0,legitimate,0.454201,0.545799,True,TN,5,-1,-1,1,-1,-1,1,1,0,-1,1
5929,86839030742148,train_oof,0,legitimate,0,legitimate,0.275357,0.724643,True,TN,2,-1,-1,1,-1,0,1,1,0,1,-1
5930,97046413922563,train_oof,0,legitimate,0,legitimate,0.008221,0.991779,True,TN,2,-1,-1,1,-1,1,1,1,0,1,1
5931,92717042241000,train_oof,0,legitimate,0,legitimate,0.116762,0.883238,True,TN,3,1,-1,1,-1,0,1,-1,1,1,-1
5934,170088158102818,train_oof,1,phishing,0,legitimate,0.320474,0.679526,False,FN,3,-1,-1,1,-1,1,1,1,0,0,-1
5936,203268484445110,train_oof,1,phishing,1,phishing,0.948227,0.051773,True,TP,3,1,-1,1,-1,1,-1,-1,-1,1,-1
5937,26750954923567,train_oof,1,phishing,0,legitimate,0.397732,0.602268,False,FN,5,-1,1,-1,-1,0,1,1,0,-1,-1
5938,235474482858221,train_oof,1,phishing,1,phishing,0.993829,0.006171,True,TP,3,1,-1,1,-1,0,-1,-1,-1,0,0
5940,169640494553924,train_oof,0,legitimate,1,phishing,0.665957,0.334043,False,FP,5,1,-1,1,-1,0,1,-1,0,-1,-1
5943,98239947165968,train_oof,0,legitimate,0,legitimate,0.05243,0.94757,True,TN,4,1,1,1,-1,1,1,1,1,1,1
5945,151317145737048,train_oof,1,phishing,1,phishing,0.999186,0.000814,True,TP,5,-1,-1,1,-1,0,1,-1,-1,0,-1
5946,249085797001926,train_oof,1,phishing,1,phishing,0.654194,0.345806,True,TP,3,1,-1,1,-1,0,1,-1,0,-1,-1
5947,72758791791484,train_oof,1,phishing,1,phishing,0.994113,0.005887,True,TP,2,-1,-1,1,-1,1,1,-1,-1,-1,-1
5949,16070294820293,train_oof,1,phishing,1,phishing,0.999186,0.000814,True,TP,5,-1,-1,1,-1,0,1,-1,-1,0,-1
5950,75392738129369,train_oof,1,phishing,1,phishing,0.991244,0.008756,True,TP,2,-1,1,1,-1,0,1,1,-1,1,-1
5951,50449162468750,train_oof,1,phishing,1,phishing,0.999524,0.000476,True,TP,3,-1,-1,1,-1,0,1,-1,-1,-1,-1
5952,221108909914423,train_oof,0,legitimate,0,legitimate,0.013282,0.986718,True,TN,4,1,-1,1,-1,1,1,-1,0,0,1
5953,219947225401278,train_oof,0,legitimate,0,legitimate,0.129617,0.870383,True,TN,5,1,-1,1,-1,0,1,-1,0,0,1
5954,118836621306473,train_oof,1,phishing,1,phishing,0.98416,0.01584,True,TP,4,-1,-1,1,-1,1,1,-1,-1,0,-1
5955,204115871213636,train_oof,0,legitimate,0,legitimate,0.007658,0.992342,True,TN,4,-1,1,1,1,1,1,1,1,0,-1
5956,66142446164061,train_oof,1,phishing,1,phishing,0.99786,0.00214,True,TP,3,-1,-1,-1,-1,0,-1,-1,-1,1,-1
5957,147598437991746,train_oof,1,phishing,0,legitimate,0.195778,0.804222,False,FN,4,1,-1,1,-1,1,1,1,0,1,-1
5958,239784322040578,train_oof,1,phishing,1,phishing,0.994161,0.005839,True,TP,2,-1,-1,1,-1,0,1,-1,-1,-1,0
5959,197017682331934,train_oof,0,legitimate,0,legitimate,0.101608,0.898392,True,TN,3,-1,-1,1,-1,1,-1,1,0,1,-1
5961,1959149834071,train_oof,0,legitimate,0,legitimate,0.068166,0.931834,True,TN,2,1,-1,1,-1,0,1,1,1,0,-1
5962,2428373687123,train_oof,0,legitimate,1,phishing,0.756748,0.243252,False,FP,1,1,-1,1,-1,0,1,1,0,-1,-1
5963,238130306866465,train_oof,1,phishing,0,legitimate,0.347088,0.652912,False,FN,1,1,-1,1,-1,0,1,-1,0,0,-1
5964,91669469725972,train_oof,0,legitimate,0,legitimate,0.020786,0.979214,True,TN,5,1,-1,1,-1,1,1,1,0,1,1
5965,196627486871610,train_oof,0,legitimate,0,legitimate,0.235943,0.764057,True,TN,3,1,-1,1,-1,1,-1,1,0,-1,-1
5966,24251156046633,train_oof,0,legitimate,0,legitimate,0.080008,0.919992,True,TN,3,-1,-1,1,1,0,1,1,0,-1,-1
5969,232877698744009,train_oof,0,legitimate,0,legitimate,0.284853,0.715147,True,TN,1,1,-1,1,-1,0,1,-1,0,1,-1
5970,34427029542072,train_oof,1,phishing,1,phishing,0.998351,0.001649,True,TP,2,-1,-1,1,-1,0,1,1,-1,-1,-1
5971,72866031846583,train_oof,0,legitimate,0,legitimate,0.275357,0.724643,True,TN,2,-1,-1,1,-1,0,1,1,0,1,-1
5972,231850577913191,train_oof,1,phishing,1,phishing,0.757189,0.242811,True,TP,5,-1,-1,1,-1,-1,1,-1,0,-1,-1
5973,52535068751584,train_oof,0,legitimate,0,legitimate,0.001345,0.998655,True,TN,5,-1,-1,-1,1,1,1,-1,1,0,-1
5974,272888695931344,train_oof,1,phishing,1,phishing,0.99332,0.00668,True,TP,5,-1,-1,1,-1,-1,-1,-1,-1,-1,-1
5975,220879144314379,train_oof,1,phishing,1,phishing,0.98293,0.01707,True,TP,5,1,-1,1,-1,1,1,1,-1,-1,-1
5976,274086279057509,train_oof,0,legitimate,1,phishing,0.61656,0.38344,False,FP,2,1,-1,1,-1,0,1,-1,0,-1,-1
5977,57786380633248,train_oof,1,phishing,1,phishing,0.974945,0.025055,True,TP,4,-1,1,-1,-1,-1,1,1,-1,1,0
5978,242904835374599,train_oof,1,phishing,1,phishing,0.990247,0.009753,True,TP,3,1,-1,1,-1,-1,1,1,-1,-1,-1
5979,14955219724721,train_oof,0,legitimate,0,legitimate,0.172764,0.827236,True,TN,4,1,-1,1,-1,0,1,-1,1,1,-1
5981,138932784288918,train_oof,1,phishing,1,phishing,0.987001,0.012999,True,TP,2,1,-1,1,-1,0,1,1,-1,1,-1
5982,264042111071550,train_oof,1,phishing,1,phishing,0.997331,0.002669,True,TP,3,1,-1,1,-1,0,1,1,-1,-1,-1
5984,110113215382119,train_oof,1,phishing,1,phishing,0.992653,0.007347,True,TP,1,-1,-1,-1,-1,0,-1,-1,-1,-1,-1
5985,222909601502879,train_oof,1,phishing,1,phishing,0.98293,0.01707,True,TP,5,1,-1,1,-1,1,1,1,-1,-1,-1
5986,242462588820125,train_oof,0,legitimate,0,legitimate,0.032975,0.967025,True,TN,3,-1,-1,1,1,1,1,1,0,-1,-1
5987,99283251219307,train_oof,0,legitimate,0,legitimate,0.001168,0.998832,True,TN,2,1,-1,1,1,1,-1,1,1,0,-1
5990,77270649974498,train_oof,0,legitimate,0,legitimate,0.052315,0.947685,True,TN,3,1,-1,1,-1,0,1,-1,1,1,1
5991,179867949938241,train_oof,0,legitimate,0,legitimate,0.171799,0.828201,True,TN,3,-1,1,-1,-1,1,1,1,1,0,0
5992,209091598606315,train_oof,1,phishing,1,phishing,0.998385,0.001615,True,TP,5,-1,-1,1,-1,0,1,1,-1,-1,-1
5993,164637591767055,train_oof,0,legitimate,0,legitimate,2e-05,0.99998,True,TN,5,1,-1,1,1,1,1,1,1,1,-1
5994,48896447894202,train_oof,0,legitimate,0,legitimate,0.352694,0.647306,True,TN,2,-1,-1,1,-1,0,1,-1,0,0,1
5996,183143979448541,train_oof,0,legitimate,1,phishing,0.62948,0.37052,False,FP,2,-1,-1,1,-1,0,1,-1,0,0,-1
5997,184824362841865,train_oof,1,phishing,1,phishing,0.721706,0.278294,True,TP,4,-1,-1,1,-1,1,1,-1,0,-1,-1
5998,216405694844688,train_oof,1,phishing,1,phishing,0.540857,0.459143,True,TP,5,-1,-1,1,-1,0,1,-1,0,-1,0
5999,203224756595133,train_oof,0,legitimate,0,legitimate,0.156767,0.843233,True,TN,1,-1,1,-1,-1,1,1,1,1,-1,-1
6000,80362277022328,train_oof,1,phishing,1,phishing,0.999957,4.3e-05,True,TP,4,-1,-1,1,-1,0,1,-1,-1,-1,-1
6002,142499875328360,train_oof,1,phishing,1,phishing,0.995874,0.004126,True,TP,4,-1,1,1,-1,-1,1,1,-1,-1,-1
6003,119009303816936,train_oof,0,legitimate,0,legitimate,0.496505,0.503495,True,TN,3,-1,1,1,-1,1,1,1,0,0,-1
6004,11413398782753,train_oof,0,legitimate,0,legitimate,0.004056,0.995944,True,TN,1,1,-1,1,-1,1,1,1,0,0,1
6006,235338467130638,train_oof,0,legitimate,0,legitimate,0.000473,0.999527,True,TN,2,1,-1,1,1,1,-1,-1,1,0,-1
6007,151153316555996,train_oof,1,phishing,1,phishing,0.994943,0.005057,True,TP,2,1,1,1,-1,0,1,1,-1,-1,-1
6008,4711045393862,train_oof,1,phishing,1,phishing,0.971196,0.028804,True,TP,4,-1,-1,-1,-1,0,1,1,-1,-1,0
6009,90508794488488,train_oof,0,legitimate,0,legitimate,0.059242,0.940758,True,TN,5,1,1,1,-1,0,-1,1,0,0,1
6012,210195965650664,train_oof,1,phishing,1,phishing,0.91472,0.08528,True,TP,1,-1,-1,1,-1,0,1,-1,0,-1,-1
6014,109294240963850,train_oof,1,phishing,1,phishing,0.974711,0.025289,True,TP,4,-1,-1,-1,-1,1,-1,-1,-1,-1,-1
6015,82503931182111,train_oof,1,phishing,1,phishing,0.711065,0.288935,True,TP,3,1,-1,1,-1,0,1,1,0,-1,-1
6016,127873272460713,train_oof,0,legitimate,0,legitimate,0.005353,0.994647,True,TN,3,1,-1,1,-1,1,1,1,1,1,-1
6017,247085833290472,train_oof,1,phishing,1,phishing,0.989925,0.010075,True,TP,5,-1,-1,1,-1,0,1,-1,-1,-1,0
6018,164456441288798,train_oof,0,legitimate,0,legitimate,0.257416,0.742584,True,TN,1,-1,-1,1,-1,0,-1,1,0,1,-1
6019,194678059878356,train_oof,0,legitimate,0,legitimate,0.079,0.921,True,TN,1,1,1,1,-1,1,1,1,0,1,1
6020,7751280899862,train_oof,0,legitimate,0,legitimate,0.106764,0.893236,True,TN,3,-1,-1,1,-1,0,1,1,0,1,1
6021,101660451950814,train_oof,1,phishing,1,phishing,0.984843,0.015157,True,TP,1,-1,0,1,-1,0,-1,-1,-1,0,0
6022,34774485703320,train_oof,0,legitimate,0,legitimate,0.210774,0.789226,True,TN,4,-1,-1,-1,-1,0,1,1,1,-1,-1
6024,135299749357483,train_oof,0,legitimate,0,legitimate,0.117413,0.882587,True,TN,5,1,-1,1,-1,1,1,1,1,-1,-1
6025,206433064572977,train_oof,0,legitimate,0,legitimate,0.011274,0.988726,True,TN,4,-1,-1,1,1,1,-1,1,0,0,-1
6026,14012996173849,train_oof,0,legitimate,0,legitimate,0.146162,0.853838,True,TN,5,1,1,1,-1,0,-1,1,0,0,0
6028,74100527291043,train_oof,0,legitimate,0,legitimate,1.9e-05,0.999981,True,TN,4,1,-1,1,1,1,1,1,1,0,-1
6030,26168836869173,train_oof,0,legitimate,0,legitimate,0.005682,0.994318,True,TN,1,1,-1,1,1,0,1,1,0,0,-1
6032,40869527629966,train_oof,1,phishing,1,phishing,0.866948,0.133052,True,TP,4,-1,-1,1,-1,0,1,1,0,-1,-1
6033,259836740135236,train_oof,1,phishing,1,phishing,0.998816,0.001184,True,TP,4,-1,-1,1,-1,0,1,1,-1,-1,-1
6035,223011046651110,train_oof,0,legitimate,0,legitimate,0.080167,0.919833,True,TN,5,1,-1,1,-1,1,1,1,0,-1,0
6036,272593325864618,train_oof,1,phishing,1,phishing,0.665957,0.334043,True,TP,5,1,-1,1,-1,0,1,-1,0,-1,-1
6037,177927579988083,train_oof,0,legitimate,0,legitimate,0.000254,0.999746,True,TN,5,1,-1,1,1,1,1,-1,1,1,1
6038,119009303816936,train_oof,0,legitimate,0,legitimate,0.496505,0.503495,True,TN,3,-1,1,1,-1,1,1,1,0,0,-1
6039,124552897211445,train_oof,0,legitimate,0,legitimate,0.003598,0.996402,True,TN,4,1,-1,1,1,0,1,-1,1,1,-1
6040,163832114391951,train_oof,1,phishing,1,phishing,0.967187,0.032813,True,TP,2,-1,1,1,-1,1,1,1,-1,0,-1
6041,26168836869173,train_oof,0,legitimate,0,legitimate,0.005682,0.994318,True,TN,1,1,-1,1,1,0,1,1,0,0,-1
6042,69247174398834,train_oof,1,phishing,0,legitimate,0.293297,0.706703,False,FN,3,-1,1,-1,-1,1,1,1,0,-1,-1
6043,78709508593117,train_oof,1,phishing,1,phishing,0.967187,0.032813,True,TP,2,-1,1,1,-1,1,1,1,-1,0,-1
6045,162632937935853,train_oof,0,legitimate,0,legitimate,0.055169,0.944831,True,TN,1,1,1,1,-1,1,1,1,0,0,-1
6046,256149584608126,train_oof,0,legitimate,0,legitimate,0.432337,0.567663,True,TN,4,1,-1,1,-1,1,1,1,0,-1,-1
6047,169607847629186,train_oof,0,legitimate,0,legitimate,0.150502,0.849498,True,TN,4,1,-1,1,-1,1,1,-1,0,-1,1
6048,83055203164311,train_oof,0,legitimate,0,legitimate,0.112289,0.887711,True,TN,4,1,-1,-1,-1,1,1,-1,0,1,-1
6050,211303779845277,train_oof,0,legitimate,0,legitimate,0.004665,0.995335,True,TN,4,1,1,1,1,1,-1,1,1,-1,-1
6052,152739896364728,train_oof,0,legitimate,0,legitimate,0.335838,0.664162,True,TN,2,-1,1,-1,-1,-1,1,1,1,-1,-1
6053,106493006312713,train_oof,0,legitimate,0,legitimate,0.108199,0.891801,True,TN,2,1,-1,1,-1,0,1,1,0,1,0
6054,128939789610883,train_oof,1,phishing,1,phishing,0.993392,0.006608,True,TP,5,-1,-1,1,-1,0,-1,1,-1,0,-1
6055,210195965650664,train_oof,1,phishing,1,phishing,0.91472,0.08528,True,TP,1,-1,-1,1,-1,0,1,-1,0,-1,-1
6057,207638363028378,train_oof,0,legitimate,0,legitimate,0.010225,0.989775,True,TN,4,1,1,1,1,-1,1,1,1,0,-1
6059,125071519540053,train_oof,0,legitimate,0,legitimate,0.013723,0.986277,True,TN,4,-1,-1,1,1,0,-1,-1,1,1,-1
6060,141222571619203,train_oof,0,legitimate,0,legitimate,0.004418,0.995582,True,TN,1,-1,1,1,1,1,-1,1,1,1,1
6061,2102477976825,train_oof,0,legitimate,1,phishing,0.577897,0.422103,False,FP,2,-1,-1,1,-1,1,1,-1,0,1,-1
6062,122942151058060,train_oof,1,phishing,1,phishing,0.986625,0.013375,True,TP,1,-1,-1,1,-1,0,-1,1,-1,-1,-1
6063,64531619486935,train_oof,0,legitimate,0,legitimate,0.195054,0.804946,True,TN,4,1,-1,1,-1,1,1,-1,0,0,-1
6064,241667425068152,train_oof,1,phishing,1,phishing,0.874513,0.125487,True,TP,3,-1,-1,1,-1,0,1,-1,0,-1,-1
6066,204133519524295,train_oof,0,legitimate,0,legitimate,0.194416,0.805584,True,TN,2,1,-1,1,-1,-1,1,1,0,1,-1
6068,137068035846632,train_oof,0,legitimate,0,legitimate,0.000552,0.999448,True,TN,5,1,-1,1,-1,1,1,1,1,0,1
6069,46142929753756,train_oof,0,legitimate,0,legitimate,0.063316,0.936684,True,TN,4,-1,-1,1,1,-1,1,-1,1,-1,1
6070,207329650452863,train_oof,1,phishing,1,phishing,0.85206,0.14794,True,TP,5,1,1,1,-1,1,-1,1,-1,1,-1
6071,64684132921415,train_oof,1,phishing,1,phishing,0.998113,0.001887,True,TP,3,-1,-1,1,-1,0,1,1,-1,0,-1
6074,185364490287761,train_oof,1,phishing,1,phishing,0.673601,0.326399,True,TP,4,1,-1,1,-1,0,1,-1,0,-1,-1
6075,166965355310885,train_oof,0,legitimate,0,legitimate,0.219605,0.780395,True,TN,3,1,1,1,-1,-1,1,1,0,0,0
6076,239173788679410,train_oof,0,legitimate,0,legitimate,0.410616,0.589384,True,TN,5,1,-1,1,-1,0,-1,1,0,-1,-1
6077,35959046118955,train_oof,0,legitimate,0,legitimate,0.214115,0.785885,True,TN,5,1,-1,1,-1,1,1,1,0,0,-1
6078,104579815974312,train_oof,0,legitimate,0,legitimate,0.000416,0.999584,True,TN,3,1,-1,1,-1,1,1,1,1,0,1
6079,150595927547392,train_oof,0,legitimate,1,phishing,0.726668,0.273332,False,FP,2,-1,-1,1,-1,1,1,-1,0,-1,-1
6082,138309517826802,train_oof,1,phishing,1,phishing,0.997241,0.002759,True,TP,3,-1,1,1,-1,0,1,1,-1,0,-1
6083,254618072114909,train_oof,0,legitimate,0,legitimate,0.181092,0.818908,True,TN,3,-1,-1,1,-1,1,-1,1,1,-1,-1
6084,265672919595418,train_oof,1,phishing,1,phishing,0.891789,0.108211,True,TP,2,-1,-1,1,-1,0,1,-1,0,-1,-1
6086,223404349937234,train_oof,0,legitimate,0,legitimate,0.013021,0.986979,True,TN,3,-1,-1,1,-1,1,-1,1,0,1,1
6088,120874867006847,train_oof,0,legitimate,0,legitimate,0.21782,0.78218,True,TN,5,-1,1,1,-1,1,1,-1,0,-1,1
6089,252799808410897,train_oof,1,phishing,1,phishing,0.98416,0.01584,True,TP,4,-1,-1,1,-1,1,1,-1,-1,0,-1
6090,193649420619941,train_oof,0,legitimate,0,legitimate,0.018504,0.981496,True,TN,2,1,-1,-1,1,1,1,1,1,-1,-1
6092,124680232077111,train_oof,1,phishing,0,legitimate,0.214115,0.785885,False,FN,5,1,-1,1,-1,1,1,1,0,0,-1
6093,275805259929513,train_oof,1,phishing,1,phishing,0.998385,0.001615,True,TP,5,-1,-1,1,-1,0,1,1,-1,-1,-1
6095,228719048185117,train_oof,1,phishing,1,phishing,0.756748,0.243252,True,TP,1,1,-1,1,-1,0,1,1,0,-1,-1
6096,235186763418485,train_oof,1,phishing,1,phishing,0.988084,0.011916,True,TP,4,-1,1,-1,-1,0,1,1,-1,1,-1
6097,117664742748862,train_oof,1,phishing,1,phishing,0.889799,0.110201,True,TP,4,-1,-1,1,-1,0,1,-1,0,-1,-1
6100,118263896495785,train_oof,1,phishing,0,legitimate,0.25221,0.74779,False,FN,1,-1,-1,-1,-1,0,1,1,0,-1,-1
6103,236604105849242,train_oof,0,legitimate,0,legitimate,0.022194,0.977806,True,TN,4,1,1,1,-1,1,1,1,1,0,1
6104,114634687889778,train_oof,0,legitimate,0,legitimate,0.002951,0.997049,True,TN,3,1,-1,1,1,0,1,1,0,0,-1
6105,91216522505335,train_oof,0,legitimate,0,legitimate,0.001445,0.998555,True,TN,2,-1,-1,-1,1,0,1,1,1,0,-1
6106,140537793800989,train_oof,1,phishing,1,phishing,0.994437,0.005563,True,TP,3,1,1,1,-1,0,1,1,-1,-1,-1
6107,96427900140913,train_oof,0,legitimate,0,legitimate,0.179406,0.820594,True,TN,3,-1,-1,-1,-1,-1,1,-1,1,-1,-1
6108,57474933483748,train_oof,1,phishing,1,phishing,0.971321,0.028679,True,TP,1,-1,-1,-1,-1,0,1,-1,-1,0,-1
6110,46096504960842,train_oof,0,legitimate,0,legitimate,0.063912,0.936088,True,TN,4,-1,-1,-1,-1,1,1,1,0,0,0
6111,17005221604402,train_oof,0,legitimate,0,legitimate,0.047802,0.952198,True,TN,3,-1,1,1,-1,1,-1,1,0,0,0
6113,173593156365200,train_oof,1,phishing,1,phishing,0.991689,0.008311,True,TP,1,1,-1,1,-1,1,1,1,-1,-1,-1
6114,247085833290472,train_oof,1,phishing,1,phishing,0.989925,0.010075,True,TP,5,-1,-1,1,-1,0,1,-1,-1,-1,0
6116,260105051453103,train_oof,0,legitimate,0,legitimate,0.004056,0.995944,True,TN,1,1,-1,1,-1,1,1,1,0,0,1
6117,178234911324008,train_oof,1,phishing,1,phishing,0.926309,0.073691,True,TP,5,1,-1,1,-1,1,1,1,-1,1,-1
6118,111491472010891,train_oof,0,legitimate,1,phishing,0.66378,0.33622,False,FP,2,-1,-1,1,-1,0,1,-1,0,-1,0
6119,8448144797613,train_oof,0,legitimate,0,legitimate,0.161345,0.838655,True,TN,3,1,-1,1,-1,-1,1,-1,0,0,1
6120,226165177379719,train_oof,0,legitimate,0,legitimate,0.025601,0.974399,True,TN,4,-1,-1,1,1,1,-1,1,0,-1,-1
6121,153117644933689,train_oof,0,legitimate,0,legitimate,7e-06,0.999993,True,TN,4,1,-1,1,1,1,1,1,1,1,-1
6122,91669469725972,train_oof,0,legitimate,0,legitimate,0.020786,0.979214,True,TN,5,1,-1,1,-1,1,1,1,0,1,1
6123,137079858715629,train_oof,0,legitimate,0,legitimate,0.102252,0.897748,True,TN,3,1,1,1,-1,-1,1,1,1,0,1
6125,198773711216776,train_oof,0,legitimate,0,legitimate,0.464662,0.535338,True,TN,3,1,-1,1,-1,-1,1,1,0,0,-1
6126,197248786337575,train_oof,1,phishing,1,phishing,0.998816,0.001184,True,TP,4,-1,-1,1,-1,0,1,1,-1,-1,-1
6127,56902406005428,train_oof,0,legitimate,0,legitimate,0.370964,0.629036,True,TN,5,-1,1,1,-1,-1,1,-1,1,0,-1
6128,55115500731943,train_oof,0,legitimate,0,legitimate,0.128766,0.871234,True,TN,1,1,-1,1,-1,-1,1,-1,0,1,0
6130,40564913124208,train_oof,1,phishing,1,phishing,0.997998,0.002002,True,TP,1,-1,-1,1,-1,0,1,1,-1,0,-1
6131,21425128713640,train_oof,0,legitimate,0,legitimate,0.154328,0.845672,True,TN,2,-1,-1,1,-1,-1,1,-1,0,1,1
6132,201268318326550,train_oof,1,phishing,1,phishing,0.999816,0.000184,True,TP,5,-1,-1,1,-1,0,1,-1,-1,-1,-1
6133,69526414846048,train_oof,1,phishing,1,phishing,0.994601,0.005399,True,TP,1,1,-1,1,-1,0,1,1,-1,0,-1
6135,233205914522203,train_oof,0,legitimate,0,legitimate,0.073596,0.926404,True,TN,2,1,-1,1,-1,1,1,-1,0,-1,1
6136,147666320413082,train_oof,1,phishing,1,phishing,0.982544,0.017456,True,TP,1,-1,1,1,-1,0,1,1,-1,0,0
6138,72957800871853,train_oof,0,legitimate,0,legitimate,0.262766,0.737234,True,TN,2,1,-1,1,-1,-1,1,-1,0,1,-1
6139,73433510739115,train_oof,0,legitimate,0,legitimate,0.252272,0.747728,True,TN,5,-1,-1,1,-1,0,1,1,0,0,0
6141,127378763261677,train_oof,0,legitimate,1,phishing,0.56813,0.43187,False,FP,5,1,-1,1,-1,-1,1,-1,0,0,-1
6142,103882796794492,train_oof,0,legitimate,0,legitimate,0.025529,0.974471,True,TN,2,-1,1,1,-1,1,1,1,1,1,1
6143,223783434854110,train_oof,0,legitimate,0,legitimate,0.228489,0.771511,True,TN,2,1,-1,1,-1,-1,1,1,0,0,1
6144,223327896424543,train_oof,0,legitimate,0,legitimate,0.000974,0.999026,True,TN,4,-1,-1,1,-1,1,1,1,1,1,1
6146,234893715079291,train_oof,1,phishing,1,phishing,0.983427,0.016573,True,TP,2,1,-1,-1,-1,0,1,-1,-1,1,-1
6148,170236157721091,train_oof,0,legitimate,0,legitimate,0.212628,0.787372,True,TN,4,1,-1,1,-1,1,1,1,0,0,-1
6149,10316250118962,train_oof,0,legitimate,0,legitimate,0.000367,0.999633,True,TN,2,1,-1,1,1,0,1,1,1,1,-1
6150,109518474187453,train_oof,1,phishing,1,phishing,0.993085,0.006915,True,TP,4,-1,1,-1,-1,0,1,-1,-1,-1,-1
6151,206227907595942,train_oof,1,phishing,1,phishing,0.994113,0.005887,True,TP,2,-1,-1,1,-1,1,1,-1,-1,-1,-1
6152,165733604717168,train_oof,1,phishing,1,phishing,0.999186,0.000814,True,TP,5,-1,-1,1,-1,0,1,-1,-1,0,-1
6153,97413872997250,train_oof,0,legitimate,0,legitimate,0.054385,0.945615,True,TN,5,1,-1,1,-1,1,-1,1,0,-1,0
6154,230888393001721,train_oof,1,phishing,1,phishing,0.969029,0.030971,True,TP,3,-1,-1,1,-1,0,1,-1,-1,-1,1
6155,79156955443886,train_oof,1,phishing,1,phishing,0.998502,0.001498,True,TP,5,-1,0,1,-1,0,-1,-1,-1,-1,-1
6156,111491472010891,train_oof,0,legitimate,1,phishing,0.66378,0.33622,False,FP,2,-1,-1,1,-1,0,1,-1,0,-1,0
6159,208493259135333,train_oof,1,phishing,1,phishing,0.958739,0.041261,True,TP,3,1,-1,1,-1,1,-1,1,-1,0,-1
6160,187152272367928,train_oof,0,legitimate,0,legitimate,0.007987,0.992013,True,TN,1,1,-1,1,-1,1,1,1,1,0,0
6161,116962901539043,train_oof,1,phishing,1,phishing,0.999524,0.000476,True,TP,3,-1,-1,1,-1,0,1,-1,-1,-1,-1
6162,273216065379183,train_oof,1,phishing,1,phishing,0.99805,0.00195,True,TP,4,1,-1,1,-1,0,1,-1,-1,0,-1
6163,207218126590614,train_oof,0,legitimate,0,legitimate,0.002823,0.997177,True,TN,2,-1,-1,-1,1,1,1,1,1,-1,-1
6164,227418274220176,train_oof,1,phishing,1,phishing,0.991548,0.008452,True,TP,5,-1,-1,1,-1,1,1,-1,-1,-1,-1
6165,202862154915693,train_oof,1,phishing,1,phishing,0.999227,0.000773,True,TP,3,-1,-1,1,-1,0,-1,-1,-1,0,-1
6166,183153180782785,train_oof,1,phishing,1,phishing,0.928273,0.071727,True,TP,2,-1,1,1,-1,0,-1,1,-1,-1,1
6168,187803863521777,train_oof,0,legitimate,0,legitimate,0.315695,0.684305,True,TN,3,-1,-1,1,-1,0,1,1,0,1,-1
6169,117714795276745,train_oof,0,legitimate,0,legitimate,0.003402,0.996598,True,TN,2,-1,1,1,1,1,-1,1,1,1,-1
6171,72670216156063,train_oof,0,legitimate,0,legitimate,0.040323,0.959677,True,TN,2,1,-1,1,-1,1,1,-1,1,1,-1
6172,54943246462176,train_oof,0,legitimate,0,legitimate,0.143649,0.856351,True,TN,3,-1,-1,-1,-1,1,1,1,0,-1,1
6173,147592238482480,train_oof,1,phishing,1,phishing,0.999106,0.000894,True,TP,5,1,-1,1,-1,0,1,-1,-1,-1,-1
6174,9836290890808,train_oof,1,phishing,1,phishing,0.665957,0.334043,True,TP,5,1,-1,1,-1,0,1,-1,0,-1,-1
6175,110732149151039,train_oof,1,phishing,1,phishing,0.904765,0.095235,True,TP,1,-1,-1,1,-1,0,1,1,0,-1,-1
6176,116781349354747,train_oof,0,legitimate,0,legitimate,0.400457,0.599543,True,TN,5,1,-1,1,-1,1,1,1,0,-1,-1
6177,194704858314978,train_oof,0,legitimate,0,legitimate,0.439006,0.560994,True,TN,1,1,-1,1,-1,-1,1,1,0,-1,1
6178,20942190308336,train_oof,0,legitimate,0,legitimate,0.49101,0.50899,True,TN,2,1,-1,1,-1,-1,1,-1,0,-1,1
6179,112071487662824,train_oof,0,legitimate,0,legitimate,0.001652,0.998348,True,TN,1,-1,-1,-1,1,0,1,1,1,1,-1
6181,235828359658904,train_oof,1,phishing,1,phishing,0.983382,0.016618,True,TP,5,-1,1,1,-1,0,-1,1,-1,0,-1
6182,5850428788601,train_oof,0,legitimate,0,legitimate,0.096581,0.903419,True,TN,1,-1,0,-1,-1,0,1,1,0,0,0
6183,25261114561935,train_oof,1,phishing,1,phishing,0.997418,0.002582,True,TP,2,-1,-1,1,-1,0,1,1,-1,0,-1
6184,147686876254134,train_oof,1,phishing,1,phishing,0.580532,0.419468,True,TP,3,-1,-1,1,-1,0,1,1,0,0,-1
6186,255629562921852,train_oof,0,legitimate,0,legitimate,0.001501,0.998499,True,TN,2,-1,-1,-1,1,1,1,-1,0,0,-1
6187,149264360988501,train_oof,1,phishing,1,phishing,0.974996,0.025004,True,TP,2,1,-1,1,-1,0,-1,-1,-1,0,1
6188,264578271625673,train_oof,1,phishing,1,phishing,0.607977,0.392023,True,TP,4,-1,-1,1,-1,0,1,-1,0,0,-1
6189,231134889569874,train_oof,0,legitimate,0,legitimate,0.019485,0.980515,True,TN,5,-1,-1,1,-1,1,-1,1,0,-1,1
6190,229299055394609,train_oof,0,legitimate,0,legitimate,0.050243,0.949757,True,TN,3,-1,-1,1,-1,1,-1,1,0,0,1
6191,253394492759096,train_oof,1,phishing,1,phishing,0.935306,0.064694,True,TP,5,-1,-1,1,-1,0,1,-1,0,-1,-1
6193,144729245102959,train_oof,1,phishing,1,phishing,0.996158,0.003842,True,TP,5,-1,1,1,-1,0,1,-1,-1,0,-1
6195,215366947051728,train_oof,0,legitimate,0,legitimate,0.016274,0.983726,True,TN,4,1,-1,1,-1,1,1,1,0,1,0
6196,161762727226181,train_oof,0,legitimate,1,phishing,0.904765,0.095235,False,FP,1,-1,-1,1,-1,0,1,1,0,-1,-1
6197,167859454710571,train_oof,1,phishing,1,phishing,0.711065,0.288935,True,TP,3,1,-1,1,-1,0,1,1,0,-1,-1
6198,120683797761067,train_oof,0,legitimate,0,legitimate,0.024803,0.975197,True,TN,3,-1,-1,1,-1,1,1,-1,1,1,1
6200,200149640515049,train_oof,1,phishing,1,phishing,0.993951,0.006049,True,TP,2,-1,1,1,-1,0,1,1,-1,0,-1
6201,112071487662824,train_oof,0,legitimate,0,legitimate,0.001652,0.998348,True,TN,1,-1,-1,-1,1,0,1,1,1,1,-1
6202,92753212490629,train_oof,1,phishing,1,phishing,0.971728,0.028272,True,TP,5,1,0,1,-1,0,-1,-1,-1,0,1
6203,262366631320427,train_oof,1,phishing,1,phishing,0.97696,0.02304,True,TP,1,-1,-1,-1,-1,0,1,-1,-1,-1,-1
6204,191353215482743,train_oof,0,legitimate,0,legitimate,0.10632,0.89368,True,TN,2,1,1,1,-1,-1,1,1,0,0,-1
6206,98880486374436,train_oof,1,phishing,1,phishing,0.995707,0.004293,True,TP,1,1,-1,1,-1,0,1,-1,-1,0,-1
6207,163800393559516,train_oof,0,legitimate,0,legitimate,0.234731,0.765269,True,TN,1,1,-1,1,-1,1,1,-1,0,-1,0
6208,217457575899732,train_oof,1,phishing,1,phishing,0.987184,0.012816,True,TP,3,1,-1,-1,-1,0,1,-1,-1,-1,-1
6210,19203353409582,train_oof,1,phishing,1,phishing,0.999691,0.000309,True,TP,4,1,-1,1,-1,0,1,-1,-1,-1,-1
6211,245498554999767,train_oof,1,phishing,1,phishing,0.999524,0.000476,True,TP,3,-1,-1,1,-1,0,1,-1,-1,-1,-1
6212,180006145563207,train_oof,0,legitimate,0,legitimate,0.008109,0.991891,True,TN,1,1,-1,1,-1,1,1,-1,1,0,1
6213,133692007561663,train_oof,0,legitimate,0,legitimate,0.219995,0.780005,True,TN,2,1,-1,1,-1,0,1,-1,0,0,1
6214,110621158894379,train_oof,1,phishing,1,phishing,0.998207,0.001793,True,TP,2,-1,1,1,-1,0,1,1,-1,-1,-1
6215,46142929753756,train_oof,0,legitimate,0,legitimate,0.063316,0.936684,True,TN,4,-1,-1,1,1,-1,1,-1,1,-1,1
6216,28217814604071,train_oof,0,legitimate,0,legitimate,0.027225,0.972775,True,TN,5,-1,-1,1,-1,1,1,-1,1,1,1
6217,83525070164108,train_oof,0,legitimate,0,legitimate,0.163043,0.836957,True,TN,3,1,-1,1,-1,-1,1,1,1,0,-1
6219,155725187049321,train_oof,1,phishing,1,phishing,0.997414,0.002586,True,TP,4,-1,1,1,-1,0,1,1,-1,-1,-1
6220,27717179234987,train_oof,0,legitimate,0,legitimate,0.357685,0.642315,True,TN,1,-1,-1,1,-1,-1,1,1,0,0,-1
6221,42965129643442,train_oof,1,phishing,1,phishing,0.747791,0.252209,True,TP,4,1,1,1,-1,-1,1,-1,0,-1,-1
6223,86823579638197,train_oof,1,phishing,1,phishing,0.999312,0.000688,True,TP,4,1,-1,1,-1,-1,1,-1,-1,-1,-1
6225,54009170092032,train_oof,0,legitimate,0,legitimate,0.085058,0.914942,True,TN,1,-1,-1,-1,-1,-1,1,-1,1,0,-1
6226,33086418166956,train_oof,0,legitimate,0,legitimate,0.074605,0.925395,True,TN,1,1,1,1,-1,0,-1,1,1,0,1
6227,225316858614549,train_oof,0,legitimate,0,legitimate,0.000334,0.999666,True,TN,4,1,-1,1,-1,1,1,1,1,0,1
6228,252834041299982,train_oof,0,legitimate,0,legitimate,0.317478,0.682522,True,TN,5,1,1,1,-1,1,1,1,0,1,1
6230,233445719661294,train_oof,0,legitimate,0,legitimate,0.011943,0.988057,True,TN,5,-1,-1,1,1,1,1,1,0,-1,1
6231,232114512330996,train_oof,1,phishing,1,phishing,0.719882,0.280118,True,TP,4,1,-1,1,-1,-1,1,1,0,-1,-1
6232,20154906366866,train_oof,1,phishing,1,phishing,0.972194,0.027806,True,TP,1,-1,0,-1,-1,1,1,-1,-1,-1,-1
6233,8407722890410,train_oof,1,phishing,1,phishing,0.967936,0.032064,True,TP,5,-1,-1,1,-1,-1,1,1,-1,1,0
6234,108079961041360,train_oof,0,legitimate,0,legitimate,0.207849,0.792151,True,TN,2,-1,-1,1,-1,-1,-1,-1,1,1,-1
6235,170236157721091,train_oof,0,legitimate,0,legitimate,0.212628,0.787372,True,TN,4,1,-1,1,-1,1,1,1,0,0,-1
6237,218585607358826,train_oof,0,legitimate,0,legitimate,0.017842,0.982158,True,TN,4,1,-1,1,1,1,1,-1,0,1,-1
6238,194448199754508,train_oof,0,legitimate,0,legitimate,0.292591,0.707409,True,TN,4,-1,-1,1,-1,0,1,1,0,0,1
6239,77657419537902,train_oof,1,phishing,1,phishing,0.990169,0.009831,True,TP,5,-1,-1,-1,-1,-1,-1,-1,-1,-1,-1
6240,217289156146183,train_oof,0,legitimate,0,legitimate,0.027202,0.972798,True,TN,5,1,1,-1,1,0,1,1,1,1,-1
6242,267332900362766,train_oof,0,legitimate,0,legitimate,0.110768,0.889232,True,TN,5,-1,-1,1,-1,-1,1,1,0,1,-1
6244,66972116954180,train_oof,0,legitimate,0,legitimate,0.117413,0.882587,True,TN,5,1,-1,1,-1,1,1,1,1,-1,-1
6246,45166617222580,train_oof,1,phishing,1,phishing,0.802671,0.197329,True,TP,4,-1,1,1,-1,0,1,-1,0,-1,-1
6247,121017381791450,train_oof,0,legitimate,0,legitimate,0.125816,0.874184,True,TN,3,1,1,1,-1,1,1,1,1,1,-1
6248,152135860963174,train_oof,0,legitimate,0,legitimate,7e-06,0.999993,True,TN,4,1,-1,1,1,1,1,1,1,1,-1
6249,235514896226711,train_oof,0,legitimate,0,legitimate,0.135288,0.864712,True,TN,1,1,-1,1,-1,-1,1,1,1,0,0
6250,221020846250555,train_oof,1,phishing,1,phishing,0.998816,0.001184,True,TP,4,-1,-1,1,-1,0,1,1,-1,-1,-1
6251,35521697993915,train_oof,1,phishing,1,phishing,0.987913,0.012087,True,TP,4,1,-1,1,-1,1,1,-1,-1,-1,-1
6252,258941526323646,train_oof,1,phishing,1,phishing,0.988056,0.011944,True,TP,5,-1,-1,1,-1,1,1,-1,-1,0,-1
6254,249795451235016,train_oof,1,phishing,1,phishing,0.866948,0.133052,True,TP,4,-1,-1,1,-1,0,1,1,0,-1,-1
6256,195919193170733,train_oof,1,phishing,1,phishing,0.838623,0.161377,True,TP,1,1,0,1,-1,0,1,-1,0,-1,-1
6259,145051133634812,train_oof,0,legitimate,0,legitimate,0.147593,0.852407,True,TN,4,-1,-1,1,-1,-1,1,-1,0,1,1
6261,182186885690270,train_oof,0,legitimate,0,legitimate,0.027613,0.972387,True,TN,1,-1,-1,1,-1,1,-1,-1,0,1,1
6264,206861337433758,train_oof,1,phishing,1,phishing,0.580532,0.419468,True,TP,3,-1,-1,1,-1,0,1,1,0,0,-1
6265,111966057077015,train_oof,0,legitimate,0,legitimate,0.305893,0.694107,True,TN,4,1,-1,1,-1,0,1,1,0,0,-1
6266,10203271033189,train_oof,1,phishing,1,phishing,0.900316,0.099684,True,TP,5,1,-1,-1,-1,1,1,-1,-1,-1,0
6267,91381837272944,train_oof,0,legitimate,0,legitimate,0.157081,0.842919,True,TN,3,-1,1,-1,-1,1,1,1,1,-1,1
6269,261733547871507,train_oof,0,legitimate,0,legitimate,0.180725,0.819275,True,TN,4,1,1,1,-1,0,1,1,0,1,-1
6270,32358478072760,train_oof,0,legitimate,0,legitimate,0.166804,0.833196,True,TN,5,1,1,1,-1,1,-1,-1,0,0,-1
6271,120661920912158,train_oof,0,legitimate,0,legitimate,0.123077,0.876923,True,TN,5,-1,-1,1,-1,1,1,-1,0,0,0
6272,141867061561573,train_oof,0,legitimate,0,legitimate,0.013055,0.986945,True,TN,2,1,1,1,1,1,1,-1,1,1,-1
6273,37431383205280,train_oof,1,phishing,1,phishing,0.915014,0.084986,True,TP,3,-1,-1,1,-1,1,-1,1,-1,0,-1
6274,203224756595133,train_oof,0,legitimate,0,legitimate,0.156767,0.843233,True,TN,1,-1,1,-1,-1,1,1,1,1,-1,-1
6275,65986403396731,train_oof,0,legitimate,0,legitimate,0.003036,0.996964,True,TN,5,-1,-1,-1,1,1,1,1,1,0,1
6276,123520540604592,train_oof,1,phishing,1,phishing,0.998816,0.001184,True,TP,4,-1,-1,1,-1,0,1,1,-1,-1,-1
6277,196470380442479,train_oof,0,legitimate,0,legitimate,0.186836,0.813164,True,TN,1,1,-1,1,-1,1,1,1,0,1,-1
6279,129472484192105,train_oof,0,legitimate,0,legitimate,0.040327,0.959673,True,TN,1,-1,1,1,1,1,-1,-1,0,-1,1
6280,24508609150007,train_oof,0,legitimate,0,legitimate,0.045,0.955,True,TN,2,1,-1,1,-1,1,1,1,0,-1,1
6281,145706994731977,train_oof,1,phishing,1,phishing,0.995079,0.004921,True,TP,3,1,-1,1,-1,0,-1,1,-1,0,-1
6282,47590466491600,train_oof,1,phishing,1,phishing,0.526512,0.473488,True,TP,4,-1,-1,1,-1,0,1,1,0,0,-1
6283,56372155294190,train_oof,0,legitimate,0,legitimate,0.437852,0.562148,True,TN,3,1,-1,1,-1,0,1,1,0,-1,1
6284,52584219291805,train_oof,1,phishing,1,phishing,0.926663,0.073337,True,TP,2,-1,-1,1,-1,1,1,1,-1,-1,0
6285,160109614285139,train_oof,0,legitimate,0,legitimate,0.054198,0.945802,True,TN,3,1,-1,1,-1,0,1,1,0,1,1
6286,241762347216363,train_oof,0,legitimate,0,legitimate,0.352694,0.647306,True,TN,2,-1,-1,1,-1,0,1,-1,0,0,1
6287,78570432549327,train_oof,1,phishing,1,phishing,0.967289,0.032711,True,TP,3,-1,-1,1,-1,1,1,1,-1,-1,-1
6288,232347890407780,train_oof,0,legitimate,0,legitimate,0.000868,0.999132,True,TN,4,1,-1,1,-1,1,1,1,1,1,1
6289,198711384892886,train_oof,0,legitimate,0,legitimate,0.027742,0.972258,True,TN,5,1,-1,1,-1,1,1,1,0,0,0
6290,42997803478138,train_oof,0,legitimate,0,legitimate,0.001818,0.998182,True,TN,4,1,-1,1,1,1,1,1,1,-1,1
6291,111787937310324,train_oof,1,phishing,1,phishing,0.987299,0.012701,True,TP,5,1,-1,1,-1,1,1,-1,-1,0,-1
6293,127873272460713,train_oof,0,legitimate,0,legitimate,0.005353,0.994647,True,TN,3,1,-1,1,-1,1,1,1,1,1,-1
6294,127617072624486,train_oof,1,phishing,0,legitimate,0.419686,0.580314,False,FN,1,-1,1,1,-1,1,1,1,0,0,-1
6295,140537793800989,train_oof,1,phishing,1,phishing,0.994437,0.005563,True,TP,3,1,1,1,-1,0,1,1,-1,-1,-1
6296,53709829265407,train_oof,0,legitimate,0,legitimate,0.21151,0.78849,True,TN,2,-1,-1,-1,-1,0,1,1,0,-1,1
6297,234031656444700,train_oof,0,legitimate,0,legitimate,0.00046,0.99954,True,TN,1,1,-1,1,1,0,1,1,1,1,-1
6298,269110519508460,train_oof,0,legitimate,0,legitimate,0.015475,0.984525,True,TN,3,1,-1,1,-1,1,-1,1,1,-1,1
6299,250534005788138,train_oof,0,legitimate,0,legitimate,0.051952,0.948048,True,TN,2,-1,-1,-1,-1,1,1,1,0,1,-1
6300,160431978351279,train_oof,1,phishing,1,phishing,0.874513,0.125487,True,TP,3,-1,-1,1,-1,0,1,-1,0,-1,-1
6301,206533440140871,train_oof,1,phishing,0,legitimate,0.437852,0.562148,False,FN,3,1,-1,1,-1,0,1,1,0,-1,1
6302,46207552233173,train_oof,1,phishing,0,legitimate,0.379817,0.620183,False,FN,2,1,-1,1,-1,1,1,1,0,-1,-1
6303,222480587422789,train_oof,1,phishing,1,phishing,0.997934,0.002066,True,TP,4,1,-1,1,-1,0,1,1,-1,-1,-1
6304,23270334574328,train_oof,0,legitimate,0,legitimate,0.152877,0.847123,True,TN,3,1,-1,1,-1,0,-1,1,1,-1,1
6305,221568930984154,train_oof,1,phishing,1,phishing,0.990765,0.009235,True,TP,4,-1,1,1,-1,0,1,1,-1,0,-1
6306,269701862767050,train_oof,0,legitimate,0,legitimate,0.008768,0.991232,True,TN,4,1,-1,1,1,1,-1,-1,1,-1,-1
6307,9772344317553,train_oof,0,legitimate,0,legitimate,0.000682,0.999318,True,TN,2,-1,-1,-1,1,1,1,1,1,1,-1
6309,14069934941235,train_oof,0,legitimate,1,phishing,0.935306,0.064694,False,FP,5,-1,-1,1,-1,0,1,-1,0,-1,-1
6310,32848904193343,train_oof,0,legitimate,0,legitimate,0.132798,0.867202,True,TN,3,1,-1,1,-1,0,1,1,0,1,-1
6311,27910595406802,train_oof,1,phishing,1,phishing,0.979087,0.020913,True,TP,1,-1,-1,1,-1,1,1,-1,-1,-1,0
6312,62174100667581,train_oof,0,legitimate,0,legitimate,0.307717,0.692283,True,TN,1,1,-1,1,-1,-1,1,-1,0,0,0
6314,64587230707400,train_oof,1,phishing,1,phishing,0.990765,0.009235,True,TP,4,-1,1,1,-1,0,1,1,-1,0,-1
6316,212649018009543,train_oof,1,phishing,0,legitimate,0.35083,0.64917,False,FN,4,-1,-1,1,-1,-1,1,-1,0,0,-1
6317,51984884525151,train_oof,1,phishing,1,phishing,0.999957,4.3e-05,True,TP,4,-1,-1,1,-1,0,1,-1,-1,-1,-1
6318,14221362373493,train_oof,0,legitimate,0,legitimate,0.04276,0.95724,True,TN,5,1,1,1,-1,-1,1,1,1,1,1
6319,146667378924337,train_oof,1,phishing,1,phishing,0.699913,0.300087,True,TP,3,-1,-1,1,-1,0,-1,1,0,-1,-1
6322,205602300273306,train_oof,0,legitimate,0,legitimate,0.01332,0.98668,True,TN,1,1,1,1,1,1,1,1,0,1,-1
6323,223309885354501,train_oof,1,phishing,1,phishing,0.997441,0.002559,True,TP,5,1,-1,1,-1,0,1,1,-1,-1,-1
6324,208086985644297,train_oof,0,legitimate,0,legitimate,0.050952,0.949048,True,TN,5,-1,-1,1,-1,1,1,-1,0,1,0
6325,248580180484228,train_oof,1,phishing,1,phishing,0.997182,0.002818,True,TP,5,-1,-1,1,-1,0,1,-1,-1,1,-1
6326,1051117022947,train_oof,1,phishing,1,phishing,0.984219,0.015781,True,TP,3,-1,1,-1,-1,0,1,1,-1,1,0
6327,60776318669438,train_oof,0,legitimate,0,legitimate,0.012385,0.987615,True,TN,1,-1,1,-1,1,1,1,-1,0,1,-1
6328,30641199897797,train_oof,0,legitimate,0,legitimate,0.003061,0.996939,True,TN,1,-1,-1,-1,1,0,1,1,0,0,-1
6329,21169897402986,train_oof,0,legitimate,0,legitimate,0.249354,0.750646,True,TN,3,-1,1,1,-1,-1,1,1,0,0,-1
6330,249592767578570,train_oof,0,legitimate,0,legitimate,0.014232,0.985768,True,TN,2,-1,-1,-1,-1,1,1,1,0,1,1
6331,248847629327651,train_oof,0,legitimate,1,phishing,0.526512,0.473488,False,FP,4,-1,-1,1,-1,0,1,1,0,0,-1
6332,76054498919535,train_oof,1,phishing,1,phishing,0.998351,0.001649,True,TP,2,-1,-1,1,-1,0,1,1,-1,-1,-1
6333,77949049178569,train_oof,1,phishing,1,phishing,0.684331,0.315669,True,TP,5,1,-1,1,-1,0,1,1,0,-1,-1
6334,253364228458187,train_oof,0,legitimate,0,legitimate,0.242388,0.757612,True,TN,5,1,-1,-1,-1,0,1,1,0,-1,1
6335,128783400102875,train_oof,0,legitimate,0,legitimate,0.027133,0.972867,True,TN,4,1,-1,1,1,-1,1,1,1,-1,-1
6336,48729161964308,train_oof,0,legitimate,0,legitimate,0.020069,0.979931,True,TN,3,-1,-1,1,-1,1,1,-1,0,1,1
6340,231134889569874,train_oof,0,legitimate,0,legitimate,0.019485,0.980515,True,TN,5,-1,-1,1,-1,1,-1,1,0,-1,1
6341,141973189322950,train_oof,0,legitimate,1,phishing,0.658153,0.341847,False,FP,2,-1,-1,1,-1,0,1,1,0,-1,0
6342,275588054540125,train_oof,0,legitimate,0,legitimate,0.141555,0.858445,True,TN,4,-1,1,1,-1,1,-1,1,0,1,-1
6343,145834524337414,train_oof,0,legitimate,0,legitimate,0.070036,0.929964,True,TN,4,-1,-1,1,-1,1,1,1,0,-1,1
6344,86238244936939,train_oof,1,phishing,1,phishing,0.997391,0.002609,True,TP,1,-1,-1,1,-1,-1,1,-1,-1,0,-1
6345,170236157721091,train_oof,0,legitimate,0,legitimate,0.212628,0.787372,True,TN,4,1,-1,1,-1,1,1,1,0,0,-1
6346,249085797001926,train_oof,1,phishing,1,phishing,0.654194,0.345806,True,TP,3,1,-1,1,-1,0,1,-1,0,-1,-1
6347,95877626856326,train_oof,1,phishing,0,legitimate,0.35421,0.64579,False,FN,2,-1,-1,1,-1,0,-1,1,0,0,1
6348,81775673107626,train_oof,1,phishing,1,phishing,0.994943,0.005057,True,TP,2,1,1,1,-1,0,1,1,-1,-1,-1
6353,194640899397894,train_oof,1,phishing,1,phishing,0.999106,0.000894,True,TP,5,1,-1,1,-1,0,1,-1,-1,-1,-1
6355,190236540616161,train_oof,1,phishing,1,phishing,0.999816,0.000184,True,TP,5,-1,-1,1,-1,0,1,-1,-1,-1,-1
6356,94815898435079,train_oof,1,phishing,1,phishing,0.719882,0.280118,True,TP,4,1,-1,1,-1,-1,1,1,0,-1,-1
6359,62024518103424,train_oof,0,legitimate,0,legitimate,0.330237,0.669763,True,TN,2,-1,-1,1,-1,-1,1,-1,0,1,-1
6360,55115500731943,train_oof,0,legitimate,0,legitimate,0.128766,0.871234,True,TN,1,1,-1,1,-1,-1,1,-1,0,1,0
6361,27717179234987,train_oof,1,phishing,0,legitimate,0.357685,0.642315,False,FN,1,-1,-1,1,-1,-1,1,1,0,0,-1
6362,193639932395838,train_oof,1,phishing,1,phishing,0.643159,0.356841,True,TP,2,1,-1,1,-1,0,1,1,0,-1,-1
6363,226579581935353,train_oof,0,legitimate,0,legitimate,0.100823,0.899177,True,TN,4,1,-1,-1,-1,1,1,1,0,1,-1
6365,166867131764224,train_oof,1,phishing,1,phishing,0.935306,0.064694,True,TP,5,-1,-1,1,-1,0,1,-1,0,-1,-1
6367,192975246019142,train_oof,1,phishing,0,legitimate,0.3894,0.6106,False,FN,4,-1,-1,1,-1,1,1,1,0,0,-1
6369,187247875464805,train_oof,1,phishing,1,phishing,0.989576,0.010424,True,TP,1,1,-1,1,-1,0,1,-1,-1,-1,0
6370,58354458368747,train_oof,0,legitimate,1,phishing,0.506654,0.493346,False,FP,2,-1,-1,1,-1,0,1,-1,0,0,0
6371,44013483051666,train_oof,1,phishing,1,phishing,0.526512,0.473488,True,TP,4,-1,-1,1,-1,0,1,1,0,0,-1
6372,25422321117398,train_oof,1,phishing,0,legitimate,0.464662,0.535338,False,FN,3,1,-1,1,-1,-1,1,1,0,0,-1
6374,86416244586631,train_oof,1,phishing,1,phishing,0.99332,0.00668,True,TP,5,-1,-1,1,-1,-1,-1,-1,-1,-1,-1
6375,40772517809195,train_oof,0,legitimate,0,legitimate,0.00014,0.99986,True,TN,2,-1,-1,-1,1,1,1,1,0,0,-1
6376,69998543241965,train_oof,1,phishing,1,phishing,0.993959,0.006041,True,TP,5,-1,1,1,-1,-1,1,1,-1,0,-1
6377,168050432719703,train_oof,0,legitimate,0,legitimate,0.158144,0.841856,True,TN,1,1,1,1,-1,1,1,1,0,1,-1
6380,149332025985239,train_oof,1,phishing,1,phishing,0.993646,0.006354,True,TP,5,-1,-1,1,-1,-1,-1,-1,-1,0,-1
6381,87970120547910,train_oof,1,phishing,1,phishing,0.958022,0.041978,True,TP,5,-1,1,1,-1,1,1,1,-1,0,-1
6384,261250216797695,train_oof,1,phishing,1,phishing,0.990741,0.009259,True,TP,3,1,-1,1,-1,1,1,-1,-1,0,-1
6385,203509337684150,train_oof,1,phishing,1,phishing,0.991012,0.008988,True,TP,1,-1,1,1,-1,0,1,1,-1,0,-1
6387,204522442546878,train_oof,0,legitimate,0,legitimate,0.001593,0.998407,True,TN,2,1,-1,1,1,1,1,-1,1,1,-1
6388,221108909914423,train_oof,0,legitimate,0,legitimate,0.013282,0.986718,True,TN,4,1,-1,1,-1,1,1,-1,0,0,1
6390,228424730491458,train_oof,0,legitimate,0,legitimate,0.182923,0.817077,True,TN,5,1,1,1,-1,0,-1,1,0,-1,0
6391,138511320366427,train_oof,0,legitimate,0,legitimate,0.309924,0.690076,True,TN,5,-1,-1,-1,-1,0,1,-1,1,-1,-1
6392,116348450054967,train_oof,0,legitimate,0,legitimate,0.011116,0.988884,True,TN,2,-1,1,1,1,0,1,1,1,0,-1
6393,127693642700199,train_oof,1,phishing,1,phishing,0.991938,0.008062,True,TP,3,-1,-1,-1,-1,0,-1,-1,-1,-1,-1
6394,143707332537080,train_oof,0,legitimate,0,legitimate,0.00285,0.99715,True,TN,2,1,1,1,1,0,1,1,0,0,1
6395,257043157496687,train_oof,0,legitimate,0,legitimate,0.036633,0.963367,True,TN,3,-1,-1,-1,1,0,1,1,0,-1,-1
6396,206820337622623,train_oof,0,legitimate,0,legitimate,0.469484,0.530516,True,TN,4,-1,-1,1,-1,0,1,1,0,-1,1
6397,223404349937234,train_oof,0,legitimate,0,legitimate,0.013021,0.986979,True,TN,3,-1,-1,1,-1,1,-1,1,0,1,1
6399,221722426697998,train_oof,0,legitimate,0,legitimate,0.047123,0.952877,True,TN,3,1,-1,1,-1,0,1,1,1,0,-1
6401,204941629891202,train_oof,0,legitimate,0,legitimate,0.297482,0.702518,True,TN,2,1,-1,1,-1,1,-1,1,0,0,-1
6402,115010285761031,train_oof,0,legitimate,0,legitimate,0.155487,0.844513,True,TN,1,1,1,1,-1,1,1,-1,0,-1,1
6403,4711045393862,train_oof,1,phishing,1,phishing,0.971196,0.028804,True,TP,4,-1,-1,-1,-1,0,1,1,-1,-1,0
6404,235903248178672,train_oof,0,legitimate,0,legitimate,0.153572,0.846428,True,TN,5,1,1,1,-1,0,1,1,0,0,0
6405,62885234941294,train_oof,1,phishing,1,phishing,0.985805,0.014195,True,TP,5,1,-1,1,-1,1,1,-1,-1,1,-1
6406,58077526003638,train_oof,1,phishing,1,phishing,0.500539,0.499461,True,TP,5,1,-1,1,-1,0,1,1,0,-1,0
6408,156834788714642,train_oof,0,legitimate,0,legitimate,0.09585,0.90415,True,TN,2,1,1,1,-1,1,-1,1,0,0,-1
6409,72398447846452,train_oof,0,legitimate,0,legitimate,0.011274,0.988726,True,TN,4,-1,-1,1,1,1,-1,1,0,0,-1
6411,113150598348537,train_oof,1,phishing,1,phishing,0.99943,0.00057,True,TP,1,-1,1,1,-1,0,1,-1,-1,-1,-1
6412,34306848660393,train_oof,0,legitimate,0,legitimate,0.308633,0.691367,True,TN,4,-1,1,1,-1,0,-1,1,0,0,-1
6415,192277895768295,train_oof,1,phishing,1,phishing,0.61656,0.38344,True,TP,2,1,-1,1,-1,0,1,-1,0,-1,-1
6416,46372768208775,train_oof,0,legitimate,0,legitimate,0.0118,0.9882,True,TN,4,1,-1,1,1,0,1,1,0,0,1
6417,170236157721091,train_oof,0,legitimate,0,legitimate,0.212628,0.787372,True,TN,4,1,-1,1,-1,1,1,1,0,0,-1
6419,149567696640346,train_oof,1,phishing,1,phishing,0.995608,0.004392,True,TP,3,-1,-1,-1,-1,0,-1,1,-1,1,-1
6420,146561504255272,train_oof,0,legitimate,0,legitimate,0.209388,0.790612,True,TN,2,1,1,1,-1,0,1,1,1,-1,1
6421,22843529578884,train_oof,0,legitimate,0,legitimate,0.075238,0.924762,True,TN,3,-1,-1,-1,-1,0,1,-1,0,1,1
6422,157786753252447,train_oof,0,legitimate,0,legitimate,0.091822,0.908178,True,TN,5,-1,-1,1,-1,1,-1,1,0,-1,0
6424,87232775695888,train_oof,1,phishing,1,phishing,0.995772,0.004228,True,TP,2,-1,-1,-1,-1,0,1,-1,-1,1,-1
6425,157729704690812,train_oof,0,legitimate,0,legitimate,0.051135,0.948865,True,TN,5,-1,1,1,-1,1,-1,1,0,-1,0
6426,256149584608126,train_oof,0,legitimate,0,legitimate,0.432337,0.567663,True,TN,4,1,-1,1,-1,1,1,1,0,-1,-1
6427,101486203722276,train_oof,0,legitimate,0,legitimate,0.022828,0.977172,True,TN,2,-1,-1,1,-1,1,-1,1,1,1,-1
6428,25066048551897,train_oof,0,legitimate,0,legitimate,0.223328,0.776672,True,TN,3,-1,-1,-1,-1,0,1,1,0,-1,1
6429,73879172974700,train_oof,0,legitimate,0,legitimate,0.167705,0.832295,True,TN,5,1,-1,1,-1,-1,1,1,0,0,1
6430,90753531999366,train_oof,0,legitimate,0,legitimate,0.238496,0.761504,True,TN,3,1,1,1,-1,1,1,1,0,-1,-1
6432,28891065485822,train_oof,0,legitimate,0,legitimate,0.171835,0.828165,True,TN,2,-1,-1,1,-1,1,1,1,0,-1,0
6433,262990898817598,train_oof,0,legitimate,0,legitimate,0.160006,0.839994,True,TN,2,-1,-1,-1,-1,0,1,-1,0,1,-1
6434,220992966001290,train_oof,0,legitimate,0,legitimate,0.040039,0.959961,True,TN,5,-1,1,1,-1,1,-1,1,0,1,0
6435,146561504255272,train_oof,0,legitimate,0,legitimate,0.209388,0.790612,True,TN,2,1,1,1,-1,0,1,1,1,-1,1
6436,176446024020356,train_oof,0,legitimate,0,legitimate,0.218939,0.781061,True,TN,3,1,1,1,-1,-1,1,1,0,1,-1
6437,148780325719061,train_oof,0,legitimate,0,legitimate,0.00069,0.99931,True,TN,5,-1,-1,1,1,1,1,1,1,1,-1
6438,170506307194081,train_oof,1,phishing,1,phishing,0.562813,0.437187,True,TP,1,-1,-1,1,-1,1,1,-1,0,0,-1
6439,66972116954180,train_oof,0,legitimate,0,legitimate,0.117413,0.882587,True,TN,5,1,-1,1,-1,1,1,1,1,-1,-1
6440,241747845632085,train_oof,1,phishing,1,phishing,0.994679,0.005321,True,TP,2,1,-1,1,-1,0,1,1,-1,0,-1
6441,81617829885909,train_oof,0,legitimate,0,legitimate,0.105118,0.894882,True,TN,4,1,1,1,-1,1,-1,1,0,1,-1
6443,78283329050583,train_oof,0,legitimate,0,legitimate,0.028577,0.971423,True,TN,5,-1,-1,-1,-1,1,1,1,1,1,-1
6444,199748983820686,train_oof,1,phishing,1,phishing,0.652162,0.347838,True,TP,1,1,-1,1,-1,0,1,-1,0,-1,-1
6445,81657372416707,train_oof,0,legitimate,1,phishing,0.712054,0.287946,False,FP,1,-1,-1,1,-1,1,1,1,0,-1,-1
6447,260105051453103,train_oof,0,legitimate,0,legitimate,0.004056,0.995944,True,TN,1,1,-1,1,-1,1,1,1,0,0,1
6448,17724543728389,train_oof,1,phishing,1,phishing,0.534963,0.465037,True,TP,3,1,-1,1,-1,0,1,-1,0,-1,1
6449,170074702564393,train_oof,1,phishing,1,phishing,0.701071,0.298929,True,TP,4,1,-1,1,-1,0,1,1,0,-1,-1
6450,180250618832569,train_oof,1,phishing,1,phishing,0.981222,0.018778,True,TP,5,-1,1,1,-1,1,1,-1,-1,-1,-1
6451,239097104179027,train_oof,1,phishing,1,phishing,0.904765,0.095235,True,TP,1,-1,-1,1,-1,0,1,1,0,-1,-1
6452,205711737613543,train_oof,0,legitimate,1,phishing,0.706438,0.293562,False,FP,1,-1,-1,1,-1,-1,1,-1,0,-1,1
6453,169607847629186,train_oof,0,legitimate,0,legitimate,0.150502,0.849498,True,TN,4,1,-1,1,-1,1,1,-1,0,-1,1
6454,64447221267869,train_oof,1,phishing,0,legitimate,0.397364,0.602636,False,FN,1,1,-1,1,-1,0,1,1,1,-1,-1
6455,80811512431142,train_oof,1,phishing,1,phishing,0.998351,0.001649,True,TP,2,-1,-1,1,-1,0,1,1,-1,-1,-1
6456,158058986862345,train_oof,1,phishing,1,phishing,0.99805,0.00195,True,TP,4,1,-1,1,-1,0,1,-1,-1,0,-1
6457,247146653973311,train_oof,1,phishing,1,phishing,0.889799,0.110201,True,TP,4,-1,-1,1,-1,0,1,-1,0,-1,-1
6458,233205914522203,train_oof,0,legitimate,0,legitimate,0.073596,0.926404,True,TN,2,1,-1,1,-1,1,1,-1,0,-1,1
6459,251037995893046,train_oof,0,legitimate,0,legitimate,0.146193,0.853807,True,TN,3,1,-1,1,-1,1,1,1,0,-1,0
6460,75392738129369,train_oof,1,phishing,1,phishing,0.991244,0.008756,True,TP,2,-1,1,1,-1,0,1,1,-1,1,-1
6461,135267734741109,train_oof,1,phishing,1,phishing,0.996832,0.003168,True,TP,4,-1,1,1,-1,0,1,-1,-1,0,-1
6462,24497993610849,train_oof,1,phishing,1,phishing,0.996698,0.003302,True,TP,2,-1,-1,1,-1,0,1,-1,-1,1,-1
6463,240413056122435,train_oof,1,phishing,1,phishing,0.997441,0.002559,True,TP,5,1,-1,1,-1,0,1,1,-1,-1,-1
6464,25911058448205,train_oof,1,phishing,1,phishing,0.997182,0.002818,True,TP,5,-1,-1,1,-1,0,1,-1,-1,1,-1
6465,78373814017810,train_oof,1,phishing,1,phishing,0.996521,0.003479,True,TP,5,-1,1,1,-1,0,1,1,-1,-1,-1
6466,95673833443583,train_oof,0,legitimate,1,phishing,0.586441,0.413559,False,FP,2,1,-1,1,-1,-1,1,-1,0,0,-1
6467,192653012951039,train_oof,0,legitimate,0,legitimate,0.164354,0.835646,True,TN,5,-1,1,1,-1,1,1,1,1,1,-1
6468,269701862767050,train_oof,0,legitimate,0,legitimate,0.008768,0.991232,True,TN,4,1,-1,1,1,1,-1,-1,1,-1,-1
6470,131812135678188,train_oof,0,legitimate,0,legitimate,0.000664,0.999336,True,TN,2,1,-1,1,-1,1,1,1,1,0,1
6471,245006586941589,train_oof,1,phishing,1,phishing,0.976667,0.023333,True,TP,2,1,-1,1,-1,0,1,1,-1,0,0
6472,174627716987809,train_oof,0,legitimate,0,legitimate,0.042683,0.957317,True,TN,4,-1,-1,1,1,1,1,-1,1,-1,-1
6473,166867131764224,train_oof,1,phishing,1,phishing,0.935306,0.064694,True,TP,5,-1,-1,1,-1,0,1,-1,0,-1,-1
6474,43940772178055,train_oof,1,phishing,1,phishing,0.999106,0.000894,True,TP,5,1,-1,1,-1,0,1,-1,-1,-1,-1
6475,155656610150694,train_oof,0,legitimate,0,legitimate,0.001335,0.998665,True,TN,1,1,-1,1,-1,1,1,-1,1,1,1
6476,113578138703280,train_oof,0,legitimate,0,legitimate,0.036795,0.963205,True,TN,3,-1,-1,1,-1,1,1,-1,0,1,0
6477,43005185181768,train_oof,0,legitimate,0,legitimate,0.379655,0.620345,True,TN,1,1,1,1,-1,-1,1,1,0,-1,0
6479,166965355310885,train_oof,0,legitimate,0,legitimate,0.219605,0.780395,True,TN,3,1,1,1,-1,-1,1,1,0,0,0
6480,121230779373445,train_oof,1,phishing,1,phishing,0.994359,0.005641,True,TP,5,1,-1,-1,-1,0,1,-1,-1,-1,-1
6482,166012901269394,train_oof,1,phishing,1,phishing,0.99821,0.00179,True,TP,3,-1,-1,1,-1,0,1,1,-1,-1,-1
6483,50512073570648,train_oof,0,legitimate,0,legitimate,0.000937,0.999063,True,TN,3,1,-1,1,1,0,1,1,1,0,-1
6484,105810066690037,train_oof,1,phishing,0,legitimate,0.394164,0.605836,False,FN,1,1,-1,1,-1,0,-1,-1,0,0,0
6486,247085833290472,train_oof,1,phishing,1,phishing,0.989925,0.010075,True,TP,5,-1,-1,1,-1,0,1,-1,-1,-1,0
6487,248304854121211,train_oof,0,legitimate,0,legitimate,0.027133,0.972867,True,TN,4,1,-1,1,1,-1,1,1,1,-1,-1
6488,149323983944048,train_oof,0,legitimate,0,legitimate,0.370992,0.629008,True,TN,5,1,-1,1,-1,0,1,1,0,0,-1
6489,65702658702567,train_oof,0,legitimate,0,legitimate,0.14953,0.85047,True,TN,5,1,-1,1,-1,0,1,1,0,0,1
6490,235514896226711,train_oof,0,legitimate,0,legitimate,0.135288,0.864712,True,TN,1,1,-1,1,-1,-1,1,1,1,0,0
6491,216405694844688,train_oof,1,phishing,1,phishing,0.540857,0.459143,True,TP,5,-1,-1,1,-1,0,1,-1,0,-1,0
6492,133943999560521,train_oof,0,legitimate,0,legitimate,0.096421,0.903579,True,TN,5,-1,1,1,-1,1,-1,1,0,1,-1
6494,74100527291043,train_oof,0,legitimate,0,legitimate,1.9e-05,0.999981,True,TN,4,1,-1,1,1,1,1,1,1,0,-1
6496,243949299836367,train_oof,1,phishing,1,phishing,0.855984,0.144016,True,TP,3,-1,-1,1,-1,0,1,1,0,-1,-1
6497,205951840019806,train_oof,1,phishing,1,phishing,0.987141,0.012859,True,TP,3,-1,-1,1,-1,1,-1,-1,-1,-1,-1
6498,166965355310885,train_oof,0,legitimate,0,legitimate,0.219605,0.780395,True,TN,3,1,1,1,-1,-1,1,1,0,0,0
6499,28217814604071,train_oof,0,legitimate,0,legitimate,0.027225,0.972775,True,TN,5,-1,-1,1,-1,1,1,-1,1,1,1
6500,163939208279539,train_oof,0,legitimate,1,phishing,0.758443,0.241557,False,FP,1,1,-1,1,-1,-1,1,1,0,-1,-1
6501,97495258184631,train_oof,0,legitimate,0,legitimate,0.148851,0.851149,True,TN,2,1,-1,1,-1,-1,1,-1,0,1,0
6502,14945362321662,train_oof,1,phishing,1,phishing,0.992724,0.007276,True,TP,1,-1,-1,1,-1,1,-1,-1,-1,-1,-1
6503,247672942034488,train_oof,1,phishing,1,phishing,0.889799,0.110201,True,TP,4,-1,-1,1,-1,0,1,-1,0,-1,-1
6504,57395738071071,train_oof,0,legitimate,0,legitimate,0.206703,0.793297,True,TN,4,-1,-1,1,-1,1,1,-1,1,0,-1
6506,4494305444541,train_oof,1,phishing,1,phishing,0.998972,0.001028,True,TP,3,-1,-1,1,-1,0,1,-1,-1,0,-1
6508,80639710300875,train_oof,1,phishing,1,phishing,0.589021,0.410979,True,TP,1,-1,-1,1,-1,0,-1,1,0,-1,-1
6510,222417136804469,train_oof,1,phishing,1,phishing,0.993757,0.006243,True,TP,2,1,-1,1,-1,0,-1,1,-1,0,-1
6512,168744667918850,train_oof,0,legitimate,0,legitimate,0.014246,0.985754,True,TN,1,1,-1,1,-1,1,1,1,1,-1,1
6513,196933023717101,train_oof,0,legitimate,0,legitimate,0.245597,0.754403,True,TN,3,-1,1,1,-1,1,-1,-1,0,0,-1
6514,30681512757605,train_oof,0,legitimate,0,legitimate,0.005135,0.994865,True,TN,5,1,-1,1,1,0,1,-1,1,1,-1
6517,100757772308509,train_oof,1,phishing,1,phishing,0.997441,0.002559,True,TP,5,1,-1,1,-1,0,1,1,-1,-1,-1
6518,72661709848703,train_oof,1,phishing,1,phishing,0.991548,0.008452,True,TP,5,-1,-1,1,-1,1,1,-1,-1,-1,-1
6519,6815510961871,train_oof,0,legitimate,0,legitimate,0.144358,0.855642,True,TN,3,-1,1,1,-1,1,1,1,0,0,1
6520,87801565207015,train_oof,1,phishing,1,phishing,0.968348,0.031652,True,TP,2,-1,1,1,-1,1,1,-1,-1,0,-1
6521,104437513672282,train_oof,0,legitimate,0,legitimate,0.080638,0.919362,True,TN,4,-1,-1,1,-1,1,-1,-1,1,0,-1
6522,192344879147350,train_oof,1,phishing,1,phishing,0.621676,0.378324,True,TP,3,-1,-1,1,-1,0,1,-1,0,-1,1
6523,204133519524295,train_oof,0,legitimate,0,legitimate,0.194416,0.805584,True,TN,2,1,-1,1,-1,-1,1,1,0,1,-1
6524,52260867526306,train_oof,0,legitimate,0,legitimate,0.066168,0.933832,True,TN,1,-1,-1,-1,-1,0,1,1,0,0,-1
6525,231951235084601,train_oof,1,phishing,1,phishing,0.96956,0.03044,True,TP,3,1,-1,-1,-1,0,1,1,-1,1,-1
6526,64615031478119,train_oof,1,phishing,1,phishing,0.925829,0.074171,True,TP,3,-1,-1,1,-1,1,1,-1,-1,-1,0
6527,206556536063149,train_oof,1,phishing,1,phishing,0.852476,0.147524,True,TP,2,-1,-1,1,-1,0,1,1,0,-1,-1
6528,143594753853352,train_oof,1,phishing,1,phishing,0.946428,0.053572,True,TP,1,-1,-1,1,-1,1,-1,-1,-1,0,-1
6529,97413872997250,train_oof,0,legitimate,0,legitimate,0.054385,0.945615,True,TN,5,1,-1,1,-1,1,-1,1,0,-1,0
6530,42997803478138,train_oof,0,legitimate,0,legitimate,0.001818,0.998182,True,TN,4,1,-1,1,1,1,1,1,1,-1,1
6531,238932629227164,train_oof,1,phishing,1,phishing,0.988502,0.011498,True,TP,1,1,-1,1,-1,1,1,1,-1,0,-1
6532,192429314731182,train_oof,0,legitimate,0,legitimate,0.033201,0.966799,True,TN,2,-1,-1,-1,-1,0,1,1,1,0,-1
6535,140890478270901,train_oof,0,legitimate,0,legitimate,0.146604,0.853396,True,TN,5,-1,-1,1,-1,0,1,-1,0,1,1
6536,32279278025453,train_oof,1,phishing,1,phishing,0.998351,0.001649,True,TP,2,-1,-1,1,-1,0,1,1,-1,-1,-1
6537,272779661511716,train_oof,0,legitimate,0,legitimate,0.406399,0.593601,True,TN,2,1,-1,1,-1,0,1,-1,0,0,-1
6538,236870733793862,train_oof,1,phishing,1,phishing,0.874513,0.125487,True,TP,3,-1,-1,1,-1,0,1,-1,0,-1,-1
6539,16166377790085,train_oof,0,legitimate,0,legitimate,0.000656,0.999344,True,TN,2,1,-1,1,1,1,-1,1,1,1,-1
6540,110939321384810,train_oof,1,phishing,1,phishing,0.95475,0.04525,True,TP,5,-1,1,1,-1,0,-1,1,-1,-1,0
6542,175159643987605,train_oof,1,phishing,1,phishing,0.991612,0.008388,True,TP,4,-1,-1,1,-1,0,-1,-1,-1,1,-1
6543,16070294820293,train_oof,1,phishing,1,phishing,0.999186,0.000814,True,TP,5,-1,-1,1,-1,0,1,-1,-1,0,-1
6545,193474284574410,train_oof,0,legitimate,0,legitimate,0.021368,0.978632,True,TN,2,1,-1,1,-1,1,1,-1,1,0,-1
6546,206533440140871,train_oof,1,phishing,0,legitimate,0.437852,0.562148,False,FN,3,1,-1,1,-1,0,1,1,0,-1,1
6547,198711384892886,train_oof,0,legitimate,0,legitimate,0.027742,0.972258,True,TN,5,1,-1,1,-1,1,1,1,0,0,0
6548,62507306282816,train_oof,1,phishing,1,phishing,0.673601,0.326399,True,TP,4,1,-1,1,-1,0,1,-1,0,-1,-1
6549,234031656444700,train_oof,0,legitimate,0,legitimate,0.00046,0.99954,True,TN,1,1,-1,1,1,0,1,1,1,1,-1
6550,13372199925392,train_oof,1,phishing,1,phishing,0.9989,0.0011,True,TP,1,-1,-1,1,-1,0,1,1,-1,-1,-1
6551,200105737437981,train_oof,0,legitimate,0,legitimate,0.000768,0.999232,True,TN,3,1,-1,1,1,1,-1,-1,1,0,-1
6552,167942971310741,train_oof,1,phishing,1,phishing,0.992375,0.007625,True,TP,4,1,-1,1,-1,0,1,1,-1,0,-1
6553,85884431836637,train_oof,0,legitimate,0,legitimate,0.325018,0.674982,True,TN,2,1,-1,1,-1,0,1,1,0,0,-1
6554,43154037696435,train_oof,0,legitimate,0,legitimate,0.081553,0.918447,True,TN,2,1,-1,1,-1,0,1,1,0,1,-1
6555,221722426697998,train_oof,0,legitimate,0,legitimate,0.047123,0.952877,True,TN,3,1,-1,1,-1,0,1,1,1,0,-1
6559,135285841283034,train_oof,0,legitimate,0,legitimate,0.004718,0.995282,True,TN,1,1,-1,1,-1,1,1,-1,0,1,1
6560,76255260406392,train_oof,1,phishing,1,phishing,0.999186,0.000814,True,TP,5,-1,-1,1,-1,0,1,-1,-1,0,-1
6561,87037310254698,train_oof,1,phishing,1,phishing,0.98274,0.01726,True,TP,1,-1,1,1,-1,0,-1,1,-1,0,-1
6562,555559222442,train_oof,0,legitimate,0,legitimate,0.007608,0.992392,True,TN,4,1,-1,1,-1,1,1,1,1,0,-1
6563,29927735133922,train_oof,0,legitimate,0,legitimate,0.179128,0.820872,True,TN,5,1,-1,1,-1,1,-1,1,0,-1,-1
6564,177927579988083,train_oof,0,legitimate,0,legitimate,0.000254,0.999746,True,TN,5,1,-1,1,1,1,1,-1,1,1,1
6565,7626248452184,train_oof,0,legitimate,0,legitimate,0.391213,0.608787,True,TN,3,-1,1,-1,-1,0,1,1,0,0,-1
6566,75480435889672,train_oof,0,legitimate,0,legitimate,0.000969,0.999031,True,TN,5,1,-1,1,1,1,1,-1,1,0,-1
6567,204466538580310,train_oof,0,legitimate,0,legitimate,0.35083,0.64917,True,TN,4,-1,-1,1,-1,-1,1,-1,0,0,-1
6568,212555282461670,train_oof,1,phishing,1,phishing,0.993205,0.006795,True,TP,1,-1,-1,1,-1,1,1,-1,-1,-1,-1
6570,164921464145184,train_oof,1,phishing,1,phishing,0.986568,0.013432,True,TP,5,-1,-1,1,-1,0,1,-1,-1,0,0
6572,55043707137746,train_oof,0,legitimate,0,legitimate,0.428419,0.571581,True,TN,1,-1,-1,1,-1,1,1,1,0,0,-1
6574,101143540990103,train_oof,0,legitimate,0,legitimate,0.352694,0.647306,True,TN,2,-1,-1,1,-1,0,1,-1,0,0,1
6575,137307742157654,train_oof,0,legitimate,0,legitimate,0.01063,0.98937,True,TN,2,1,-1,1,-1,1,1,1,0,1,1
6576,271154535076895,train_oof,1,phishing,1,phishing,0.995608,0.004392,True,TP,3,-1,-1,-1,-1,0,-1,1,-1,1,-1
6577,163409773761256,train_oof,1,phishing,1,phishing,0.62948,0.37052,True,TP,2,-1,-1,1,-1,0,1,-1,0,0,-1
6578,78373814017810,train_oof,1,phishing,1,phishing,0.996521,0.003479,True,TP,5,-1,1,1,-1,0,1,1,-1,-1,-1
6579,201130918903045,train_oof,0,legitimate,0,legitimate,0.022387,0.977613,True,TN,5,1,-1,1,-1,1,1,-1,1,1,0
6582,184727014626240,train_oof,0,legitimate,0,legitimate,0.052519,0.947481,True,TN,5,1,-1,1,-1,1,-1,1,1,-1,-1
6583,95877626856326,train_oof,1,phishing,0,legitimate,0.35421,0.64579,False,FN,2,-1,-1,1,-1,0,-1,1,0,0,1
6584,198711384892886,train_oof,0,legitimate,0,legitimate,0.027742,0.972258,True,TN,5,1,-1,1,-1,1,1,1,0,0,0
6585,125849929080388,train_oof,1,phishing,0,legitimate,0.330868,0.669132,False,FN,3,-1,1,-1,-1,1,1,1,0,0,-1
6587,200274483247686,train_oof,0,legitimate,0,legitimate,0.001335,0.998665,True,TN,1,1,-1,1,-1,1,1,-1,1,1,1
6588,189281879788915,train_oof,1,phishing,1,phishing,0.999106,0.000894,True,TP,5,1,-1,1,-1,0,1,-1,-1,-1,-1
6589,251679725372484,train_oof,0,legitimate,0,legitimate,0.096034,0.903966,True,TN,3,-1,-1,-1,-1,1,1,1,0,0,1
6590,5061631669792,train_oof,1,phishing,1,phishing,0.938755,0.061245,True,TP,3,-1,-1,1,-1,1,-1,1,-1,-1,-1
6593,103538063444354,train_oof,0,legitimate,0,legitimate,0.000634,0.999366,True,TN,5,1,-1,1,-1,1,1,1,1,1,1
6594,15168343547837,train_oof,1,phishing,1,phishing,0.852476,0.147524,True,TP,2,-1,-1,1,-1,0,1,1,0,-1,-1
6596,239826265953517,train_oof,0,legitimate,0,legitimate,0.244798,0.755202,True,TN,3,1,-1,1,-1,1,1,1,0,0,-1
6597,109721540369999,train_oof,0,legitimate,0,legitimate,0.000131,0.999869,True,TN,3,1,-1,1,1,1,1,1,0,0,1
6598,135089763070069,train_oof,1,phishing,1,phishing,0.99821,0.00179,True,TP,3,-1,-1,1,-1,0,1,1,-1,-1,-1
6601,255114136699948,train_oof,0,legitimate,0,legitimate,0.002355,0.997645,True,TN,3,-1,-1,1,1,1,1,1,0,1,-1
6603,191164687119007,train_oof,1,phishing,1,phishing,0.756748,0.243252,True,TP,1,1,-1,1,-1,0,1,1,0,-1,-1
6604,33247301836501,train_oof,1,phishing,1,phishing,0.852476,0.147524,True,TP,2,-1,-1,1,-1,0,1,1,0,-1,-1
6605,281166734640187,train_oof,0,legitimate,0,legitimate,0.014351,0.985649,True,TN,2,1,-1,-1,1,-1,1,1,1,-1,-1
6606,248457358417671,train_oof,0,legitimate,0,legitimate,0.013779,0.986221,True,TN,4,1,-1,1,-1,1,1,1,0,1,1
6607,65744250279260,train_oof,1,phishing,1,phishing,0.958685,0.041315,True,TP,5,-1,-1,-1,-1,1,1,-1,-1,0,-1
6608,13811976921635,train_oof,1,phishing,1,phishing,0.995904,0.004096,True,TP,4,1,1,1,-1,0,1,-1,-1,0,-1
6609,155656610150694,train_oof,0,legitimate,0,legitimate,0.001335,0.998665,True,TN,1,1,-1,1,-1,1,1,-1,1,1,1
6610,80713563064647,train_oof,1,phishing,1,phishing,0.740617,0.259383,True,TP,3,-1,-1,1,-1,0,1,-1,1,-1,-1
6612,134368679911380,train_oof,1,phishing,1,phishing,0.975902,0.024098,True,TP,2,-1,-1,1,-1,0,1,1,-1,0,0
6613,114644639095525,train_oof,1,phishing,1,phishing,0.997441,0.002559,True,TP,5,1,-1,1,-1,0,1,1,-1,-1,-1
6614,36190818284837,train_oof,1,phishing,1,phishing,0.986688,0.013312,True,TP,4,1,-1,1,-1,0,-1,-1,-1,1,-1
6617,6706878406185,train_oof,0,legitimate,0,legitimate,0.011753,0.988247,True,TN,5,1,-1,1,-1,1,1,-1,0,0,1
6618,30936846709975,train_oof,0,legitimate,0,legitimate,0.21428,0.78572,True,TN,2,-1,-1,1,-1,-1,1,-1,0,1,0
6619,14069934941235,train_oof,0,legitimate,1,phishing,0.935306,0.064694,False,FP,5,-1,-1,1,-1,0,1,-1,0,-1,-1
6620,9548224905823,train_oof,1,phishing,1,phishing,0.684331,0.315669,True,TP,5,1,-1,1,-1,0,1,1,0,-1,-1
6621,130149555542160,train_oof,0,legitimate,0,legitimate,0.23386,0.76614,True,TN,4,1,-1,1,-1,-1,1,-1,1,0,-1
6622,162395021146170,train_oof,1,phishing,1,phishing,0.889799,0.110201,True,TP,4,-1,-1,1,-1,0,1,-1,0,-1,-1
6626,14778059714928,train_oof,0,legitimate,0,legitimate,0.244113,0.755887,True,TN,2,-1,-1,1,-1,-1,1,-1,1,0,0
6627,59406408745912,train_oof,0,legitimate,0,legitimate,0.033926,0.966074,True,TN,4,1,-1,-1,-1,1,1,1,1,0,-1
6629,206192297421722,train_oof,0,legitimate,0,legitimate,0.003847,0.996153,True,TN,1,1,-1,1,-1,1,1,1,1,1,-1
6630,278506789317540,train_oof,0,legitimate,0,legitimate,0.467315,0.532685,True,TN,2,-1,-1,1,-1,-1,-1,1,1,-1,-1
6631,203168893266584,train_oof,1,phishing,0,legitimate,0.025694,0.974306,False,FN,3,1,-1,1,-1,1,1,-1,0,0,0
6632,205944576671017,train_oof,1,phishing,1,phishing,0.987467,0.012533,True,TP,1,1,-1,1,-1,0,1,1,-1,-1,0
6633,203433845401990,train_oof,1,phishing,0,legitimate,0.379817,0.620183,False,FN,2,1,-1,1,-1,1,1,1,0,-1,-1
6634,46103938270221,train_oof,1,phishing,1,phishing,0.999524,0.000476,True,TP,3,-1,-1,1,-1,0,1,-1,-1,-1,-1
6635,229970537396684,train_oof,0,legitimate,0,legitimate,0.050355,0.949645,True,TN,1,1,1,1,-1,1,1,1,1,0,-1
6637,196652781471359,train_oof,0,legitimate,0,legitimate,0.032398,0.967602,True,TN,1,-1,-1,1,-1,1,1,1,1,1,0
6639,212684100152012,train_oof,0,legitimate,0,legitimate,0.090368,0.909632,True,TN,4,-1,-1,-1,-1,-1,1,1,0,0,1
6641,166069490912235,train_oof,0,legitimate,0,legitimate,0.033532,0.966468,True,TN,4,-1,-1,1,1,1,-1,-1,1,-1,-1
6642,136889146020849,train_oof,1,phishing,0,legitimate,0.305893,0.694107,False,FN,4,1,-1,1,-1,0,1,1,0,0,-1
6644,89399573451852,train_oof,0,legitimate,0,legitimate,0.138977,0.861023,True,TN,1,-1,-1,1,-1,1,1,1,1,0,-1
6645,91561107491357,train_oof,1,phishing,1,phishing,0.990239,0.009761,True,TP,4,1,-1,1,-1,1,1,1,-1,0,-1
6646,36627408021199,train_oof,1,phishing,1,phishing,0.589021,0.410979,True,TP,1,-1,-1,1,-1,0,-1,1,0,-1,-1
6647,217065374200705,train_oof,1,phishing,1,phishing,0.994679,0.005321,True,TP,2,1,-1,1,-1,0,1,1,-1,0,-1
6648,237697845971660,train_oof,1,phishing,1,phishing,0.9945,0.0055,True,TP,3,-1,-1,1,-1,0,-1,1,-1,0,-1
6650,198004405191452,train_oof,1,phishing,1,phishing,0.997998,0.002002,True,TP,1,-1,-1,1,-1,0,1,1,-1,0,-1
6651,127653607657612,train_oof,1,phishing,1,phishing,0.526512,0.473488,True,TP,4,-1,-1,1,-1,0,1,1,0,0,-1
6652,54924439056709,train_oof,0,legitimate,0,legitimate,0.307717,0.692283,True,TN,1,1,-1,1,-1,-1,1,-1,0,0,0
6653,265024369146020,train_oof,0,legitimate,0,legitimate,0.022828,0.977172,True,TN,2,-1,-1,1,-1,1,-1,1,1,1,-1
6654,100987287146368,train_oof,0,legitimate,0,legitimate,0.432345,0.567655,True,TN,5,1,-1,1,-1,0,1,-1,0,0,-1
6655,171096501275578,train_oof,0,legitimate,0,legitimate,0.092654,0.907346,True,TN,2,-1,-1,1,-1,1,-1,-1,1,1,-1
6656,555559222442,train_oof,0,legitimate,0,legitimate,0.007608,0.992392,True,TN,4,1,-1,1,-1,1,1,1,1,0,-1
6657,206958708329134,train_oof,1,phishing,1,phishing,0.985183,0.014817,True,TP,2,-1,-1,-1,-1,0,-1,1,-1,-1,-1
6658,85653209336632,train_oof,0,legitimate,0,legitimate,0.071504,0.928496,True,TN,5,-1,-1,1,-1,1,1,-1,0,0,1
6659,96721276359268,train_oof,1,phishing,0,legitimate,0.124662,0.875338,False,FN,3,-1,-1,1,-1,0,1,-1,0,0,1
6660,181452357158520,train_oof,0,legitimate,0,legitimate,0.33691,0.66309,True,TN,5,-1,-1,1,-1,0,-1,1,0,-1,1
6661,11413398782753,train_oof,0,legitimate,0,legitimate,0.004056,0.995944,True,TN,1,1,-1,1,-1,1,1,1,0,0,1
6662,116962901539043,train_oof,1,phishing,1,phishing,0.999524,0.000476,True,TP,3,-1,-1,1,-1,0,1,-1,-1,-1,-1
6663,245047771882656,train_oof,0,legitimate,0,legitimate,0.212324,0.787676,True,TN,2,-1,-1,1,-1,1,1,1,1,-1,-1
6664,96386660032856,train_oof,0,legitimate,0,legitimate,0.116943,0.883057,True,TN,5,-1,-1,-1,-1,1,1,-1,0,-1,1
6665,137595625047455,train_oof,0,legitimate,0,legitimate,0.173839,0.826161,True,TN,2,1,1,1,-1,0,1,1,0,1,-1
6666,13546276689503,train_oof,0,legitimate,0,legitimate,0.406399,0.593601,True,TN,2,1,-1,1,-1,0,1,-1,0,0,-1
6667,153424560627200,train_oof,1,phishing,1,phishing,0.984731,0.015269,True,TP,2,1,-1,-1,-1,0,1,-1,-1,-1,-1
6668,279578021237604,train_oof,0,legitimate,0,legitimate,0.46009,0.53991,True,TN,5,-1,1,1,-1,0,-1,1,1,-1,-1
6669,232335326752551,train_oof,1,phishing,1,phishing,0.998207,0.001793,True,TP,2,-1,1,1,-1,0,1,1,-1,-1,-1
6670,109053601470229,train_oof,0,legitimate,0,legitimate,0.320571,0.679429,True,TN,4,-1,1,-1,-1,1,1,1,0,-1,-1
6671,25147630244205,train_oof,1,phishing,0,legitimate,0.325435,0.674565,False,FN,5,-1,1,1,-1,1,1,1,0,-1,-1
6672,123287651747881,train_oof,0,legitimate,0,legitimate,0.244798,0.755202,True,TN,3,1,-1,1,-1,1,1,1,0,0,-1
6673,111880729268267,train_oof,0,legitimate,0,legitimate,0.027742,0.972258,True,TN,5,1,-1,1,-1,1,1,1,0,0,0
6674,143567984389243,train_oof,0,legitimate,0,legitimate,0.120694,0.879306,True,TN,3,-1,-1,1,-1,1,1,1,1,0,-1
6675,25178080254741,train_oof,1,phishing,1,phishing,0.883568,0.116432,True,TP,3,-1,-1,1,-1,1,1,-1,-1,0,1
6676,223327896424543,train_oof,0,legitimate,0,legitimate,0.000974,0.999026,True,TN,4,-1,-1,1,-1,1,1,1,1,1,1
6677,223440918623486,train_oof,1,phishing,1,phishing,0.999524,0.000476,True,TP,3,-1,-1,1,-1,0,1,-1,-1,-1,-1
6678,186356929700482,train_oof,1,phishing,1,phishing,0.883568,0.116432,True,TP,3,-1,-1,1,-1,1,1,-1,-1,0,1
6680,59269569560933,train_oof,1,phishing,1,phishing,0.995608,0.004392,True,TP,3,-1,-1,-1,-1,0,-1,1,-1,1,-1
6683,266397170309493,train_oof,1,phishing,1,phishing,0.994113,0.005887,True,TP,2,-1,-1,1,-1,1,1,-1,-1,-1,-1
6684,217586590037949,train_oof,1,phishing,1,phishing,0.91472,0.08528,True,TP,1,-1,-1,1,-1,0,1,-1,0,-1,-1
6685,69086958588789,train_oof,0,legitimate,0,legitimate,0.013779,0.986221,True,TN,4,1,-1,1,-1,1,1,1,0,1,1
6686,266397170309493,train_oof,1,phishing,1,phishing,0.994113,0.005887,True,TP,2,-1,-1,1,-1,1,1,-1,-1,-1,-1
6687,9830135292206,train_oof,1,phishing,1,phishing,0.99805,0.00195,True,TP,4,1,-1,1,-1,0,1,-1,-1,0,-1
6688,234744068489839,train_oof,0,legitimate,0,legitimate,0.118059,0.881941,True,TN,5,1,-1,1,-1,0,1,1,0,1,-1
6689,192975246019142,train_oof,0,legitimate,0,legitimate,0.3894,0.6106,True,TN,4,-1,-1,1,-1,1,1,1,0,0,-1
6690,107113552625834,train_oof,0,legitimate,0,legitimate,0.068511,0.931489,True,TN,3,-1,1,-1,1,0,1,1,0,-1,-1
6691,267337293717423,train_oof,1,phishing,1,phishing,0.84784,0.15216,True,TP,1,-1,-1,1,-1,1,1,-1,-1,1,1
6692,34510906338284,train_oof,0,legitimate,1,phishing,0.618268,0.381732,False,FP,2,-1,-1,1,-1,0,1,1,0,0,-1
6694,64637351123053,train_oof,1,phishing,1,phishing,0.997644,0.002356,True,TP,3,-1,-1,1,-1,0,-1,-1,-1,-1,-1
6695,246451792744789,train_oof,1,phishing,1,phishing,0.999816,0.000184,True,TP,5,-1,-1,1,-1,0,1,-1,-1,-1,-1
6697,153117644933689,train_oof,0,legitimate,0,legitimate,7e-06,0.999993,True,TN,4,1,-1,1,1,1,1,1,1,1,-1
6698,7537189401959,train_oof,1,phishing,1,phishing,0.999227,0.000773,True,TP,3,-1,-1,1,-1,0,-1,-1,-1,0,-1
6699,190736686817509,train_oof,1,phishing,1,phishing,0.993182,0.006818,True,TP,3,-1,-1,1,-1,0,1,-1,-1,-1,0
6701,64652153272869,train_oof,1,phishing,0,legitimate,0.284853,0.715147,False,FN,1,1,-1,1,-1,0,1,-1,0,1,-1
6702,104752419917408,train_oof,0,legitimate,0,legitimate,0.180487,0.819513,True,TN,4,1,-1,-1,-1,1,1,1,0,-1,0
6703,10712475436285,train_oof,1,phishing,1,phishing,0.989712,0.010288,True,TP,1,-1,1,1,-1,0,-1,-1,-1,0,-1
6704,166452496416009,train_oof,1,phishing,1,phishing,0.995284,0.004716,True,TP,1,1,1,1,-1,0,1,1,-1,-1,-1
6705,160531592269952,train_oof,1,phishing,1,phishing,0.998207,0.001793,True,TP,2,-1,1,1,-1,0,1,1,-1,-1,-1
6707,87549049294624,train_oof,0,legitimate,0,legitimate,0.174628,0.825372,True,TN,2,-1,-1,-1,-1,1,-1,-1,0,1,-1
6708,16581915900193,train_oof,0,legitimate,0,legitimate,0.084201,0.915799,True,TN,4,1,-1,1,-1,1,-1,1,0,1,-1
6710,117428759936124,train_oof,0,legitimate,0,legitimate,0.091792,0.908208,True,TN,4,-1,0,-1,-1,0,1,1,0,0,-1
6711,32064276184917,train_oof,1,phishing,1,phishing,0.948227,0.051773,True,TP,3,1,-1,1,-1,1,-1,-1,-1,1,-1
6713,178271497156582,train_oof,0,legitimate,0,legitimate,0.334029,0.665971,True,TN,5,1,-1,1,-1,0,-1,1,1,-1,-1
6714,136033152340280,train_oof,0,legitimate,1,phishing,0.551595,0.448405,False,FP,1,1,0,1,-1,0,1,-1,0,-1,0
6717,229632729016037,train_oof,0,legitimate,0,legitimate,0.077581,0.922419,True,TN,4,1,-1,1,-1,0,1,1,1,0,1
6718,154688154740009,train_oof,1,phishing,0,legitimate,0.293391,0.706609,False,FN,2,1,-1,1,-1,0,-1,1,0,-1,-1
6719,104206110726817,train_oof,0,legitimate,0,legitimate,0.066182,0.933818,True,TN,3,1,-1,-1,-1,1,1,1,1,1,-1
6720,89894918000284,train_oof,0,legitimate,0,legitimate,0.243128,0.756872,True,TN,2,-1,-1,1,-1,1,-1,1,0,0,-1
6721,154111073610880,train_oof,0,legitimate,0,legitimate,0.12612,0.87388,True,TN,1,-1,-1,1,-1,0,1,1,0,1,0
6722,206192297421722,train_oof,0,legitimate,0,legitimate,0.003847,0.996153,True,TN,1,1,-1,1,-1,1,1,1,1,1,-1
6723,148780325719061,train_oof,0,legitimate,0,legitimate,0.00069,0.99931,True,TN,5,-1,-1,1,1,1,1,1,1,1,-1
6725,108013248633068,train_oof,1,phishing,1,phishing,0.98293,0.01707,True,TP,5,1,-1,1,-1,1,1,1,-1,-1,-1
6726,273116081418463,train_oof,0,legitimate,0,legitimate,0.007903,0.992097,True,TN,3,-1,-1,1,-1,1,1,1,0,1,1
6727,92020774662414,train_oof,0,legitimate,1,phishing,0.673601,0.326399,False,FP,4,1,-1,1,-1,0,1,-1,0,-1,-1
6728,256548199236586,train_oof,0,legitimate,0,legitimate,0.019615,0.980385,True,TN,4,-1,-1,1,1,0,1,1,1,0,1
6729,165688230743120,train_oof,1,phishing,1,phishing,0.643159,0.356841,True,TP,2,1,-1,1,-1,0,1,1,0,-1,-1
6730,103218949877030,train_oof,0,legitimate,0,legitimate,0.016395,0.983605,True,TN,2,1,-1,1,1,0,1,-1,1,0,1
6732,135089763070069,train_oof,1,phishing,1,phishing,0.99821,0.00179,True,TP,3,-1,-1,1,-1,0,1,1,-1,-1,-1
6733,1039457503972,train_oof,1,phishing,1,phishing,0.958855,0.041145,True,TP,3,-1,1,-1,-1,1,1,1,-1,-1,-1
6734,58038160894121,train_oof,0,legitimate,0,legitimate,0.022475,0.977525,True,TN,3,1,1,1,1,0,1,1,0,-1,-1
6735,229970537396684,train_oof,0,legitimate,0,legitimate,0.050355,0.949645,True,TN,1,1,1,1,-1,1,1,1,1,0,-1
6736,209987457938242,train_oof,0,legitimate,0,legitimate,0.095437,0.904563,True,TN,2,1,1,1,-1,1,-1,1,1,-1,-1
6737,222241141102232,train_oof,0,legitimate,0,legitimate,0.223328,0.776672,True,TN,3,-1,-1,-1,-1,0,1,1,0,-1,1
6738,269868211692905,train_oof,0,legitimate,0,legitimate,0.022854,0.977146,True,TN,5,-1,1,-1,1,1,1,1,0,1,-1
6739,263196228370152,train_oof,0,legitimate,0,legitimate,0.030362,0.969638,True,TN,5,-1,1,-1,1,1,1,1,0,0,-1
6740,1813013993689,train_oof,1,phishing,1,phishing,0.962042,0.037958,True,TP,3,1,1,1,-1,1,1,-1,-1,-1,-1
6742,84373457552420,train_oof,1,phishing,1,phishing,0.999816,0.000184,True,TP,5,-1,-1,1,-1,0,1,-1,-1,-1,-1
6743,28235793516068,train_oof,1,phishing,1,phishing,0.997755,0.002245,True,TP,1,-1,-1,1,-1,0,-1,-1,-1,-1,-1
6744,275430931539541,train_oof,0,legitimate,0,legitimate,0.257924,0.742076,True,TN,4,-1,-1,1,-1,0,-1,1,0,1,-1
6745,252988926192299,train_oof,0,legitimate,0,legitimate,0.068124,0.931876,True,TN,1,1,-1,1,-1,1,1,-1,0,0,0
6746,101011272142183,train_oof,1,phishing,1,phishing,0.891789,0.108211,True,TP,2,-1,-1,1,-1,0,1,-1,0,-1,-1
6747,244566523338861,train_oof,1,phishing,0,legitimate,0.073596,0.926404,False,FN,2,1,-1,1,-1,1,1,-1,0,-1,1
6748,24060835292700,train_oof,1,phishing,1,phishing,0.949344,0.050656,True,TP,1,1,-1,1,-1,1,-1,-1,-1,0,-1
6749,189315768191088,train_oof,0,legitimate,0,legitimate,0.009893,0.990107,True,TN,5,-1,-1,1,-1,1,1,1,0,1,1
6750,113020684438491,train_oof,1,phishing,1,phishing,0.756748,0.243252,True,TP,1,1,-1,1,-1,0,1,1,0,-1,-1
6751,54717160373723,train_oof,1,phishing,1,phishing,0.97696,0.02304,True,TP,1,-1,-1,-1,-1,0,1,-1,-1,-1,-1
6752,3794202728933,train_oof,0,legitimate,1,phishing,0.526512,0.473488,False,FP,4,-1,-1,1,-1,0,1,1,0,0,-1
6753,167870367461501,train_oof,0,legitimate,0,legitimate,0.251508,0.748492,True,TN,4,-1,-1,1,-1,0,1,1,0,1,-1
6754,273861130671603,train_oof,1,phishing,0,legitimate,0.195778,0.804222,False,FN,4,1,-1,1,-1,1,1,1,0,1,-1
6755,175729182483835,train_oof,1,phishing,1,phishing,0.968783,0.031217,True,TP,2,-1,1,1,-1,1,1,1,-1,-1,-1
6757,269585282328989,train_oof,1,phishing,0,legitimate,0.091025,0.908975,False,FN,1,-1,-1,1,-1,1,-1,1,0,0,-1
6758,249520038414590,train_oof,0,legitimate,1,phishing,0.927788,0.072212,False,FP,5,-1,-1,1,-1,0,1,1,0,-1,-1
6759,42184776346815,train_oof,1,phishing,1,phishing,0.995273,0.004727,True,TP,1,1,-1,1,-1,0,1,-1,-1,1,-1
6761,193175440390265,train_oof,1,phishing,1,phishing,0.866948,0.133052,True,TP,4,-1,-1,1,-1,0,1,1,0,-1,-1
6762,47067026055643,train_oof,0,legitimate,1,phishing,0.673601,0.326399,False,FP,4,1,-1,1,-1,0,1,-1,0,-1,-1
6763,278653085799087,train_oof,1,phishing,1,phishing,0.609397,0.390603,True,TP,4,-1,-1,1,-1,0,1,-1,0,-1,0
6764,168393635235967,train_oof,1,phishing,1,phishing,0.823952,0.176048,True,TP,5,-1,-1,1,-1,0,1,-1,1,-1,-1
6765,239784322040578,train_oof,1,phishing,1,phishing,0.994161,0.005839,True,TP,2,-1,-1,1,-1,0,1,-1,-1,-1,0
6768,148522602968174,train_oof,0,legitimate,0,legitimate,0.01206,0.98794,True,TN,3,1,-1,1,1,1,1,1,0,-1,-1
6769,221710087862347,train_oof,0,legitimate,0,legitimate,0.139275,0.860725,True,TN,1,-1,-1,1,-1,1,1,1,0,1,-1
6770,264826830138487,train_oof,1,phishing,0,legitimate,0.265185,0.734815,False,FN,5,1,-1,1,-1,0,1,1,0,0,0
6771,275421608319784,train_oof,0,legitimate,0,legitimate,0.16186,0.83814,True,TN,3,-1,-1,1,-1,1,1,-1,1,0,-1
6772,116421659192853,train_oof,0,legitimate,1,phishing,0.598858,0.401142,False,FP,2,-1,-1,1,-1,1,1,1,0,-1,-1
6773,269189134155492,train_oof,1,phishing,1,phishing,0.855984,0.144016,True,TP,3,-1,-1,1,-1,0,1,1,0,-1,-1
6775,238828503905107,train_oof,1,phishing,1,phishing,0.999816,0.000184,True,TP,5,-1,-1,1,-1,0,1,-1,-1,-1,-1
6776,26417251459857,train_oof,1,phishing,1,phishing,0.998113,0.001887,True,TP,3,-1,-1,1,-1,0,1,1,-1,0,-1
6777,276450594699453,train_oof,0,legitimate,0,legitimate,0.004644,0.995356,True,TN,5,1,-1,1,-1,1,1,1,1,1,-1
6778,248457358417671,train_oof,0,legitimate,0,legitimate,0.013779,0.986221,True,TN,4,1,-1,1,-1,1,1,1,0,1,1
6780,253076738293920,train_oof,0,legitimate,0,legitimate,0.010349,0.989651,True,TN,1,1,-1,1,1,0,1,1,0,0,1
6781,151303722004291,train_oof,0,legitimate,0,legitimate,0.023801,0.976199,True,TN,5,-1,-1,1,1,0,1,1,0,0,-1
6782,24862140981784,train_oof,0,legitimate,1,phishing,0.566033,0.433967,False,FP,2,-1,-1,1,-1,0,-1,1,0,0,-1
6784,156601270407967,train_oof,0,legitimate,0,legitimate,0.002135,0.997865,True,TN,2,-1,-1,-1,1,0,1,1,0,0,-1
6785,137608426221858,train_oof,1,phishing,1,phishing,0.999227,0.000773,True,TP,3,-1,-1,1,-1,0,-1,-1,-1,0,-1
6786,192718619091663,train_oof,0,legitimate,0,legitimate,0.066857,0.933143,True,TN,5,1,1,1,-1,1,1,1,0,0,1
6787,74594310570636,train_oof,0,legitimate,0,legitimate,0.36697,0.63303,True,TN,2,1,1,-1,-1,1,1,1,0,-1,-1
6788,96061341091562,train_oof,0,legitimate,1,phishing,0.541734,0.458266,False,FP,5,-1,1,1,-1,0,-1,1,0,-1,-1
6789,149024644086347,train_oof,0,legitimate,0,legitimate,0.02315,0.97685,True,TN,5,-1,1,1,1,0,1,1,0,0,-1
6790,31698769139538,train_oof,0,legitimate,0,legitimate,0.216148,0.783852,True,TN,2,1,1,1,-1,0,1,-1,0,0,1
6791,259717609103602,train_oof,0,legitimate,0,legitimate,0.009158,0.990842,True,TN,3,1,-1,-1,1,1,1,1,1,1,-1
6792,206556536063149,train_oof,1,phishing,1,phishing,0.852476,0.147524,True,TP,2,-1,-1,1,-1,0,1,1,0,-1,-1
6793,275805259929513,train_oof,1,phishing,1,phishing,0.998385,0.001615,True,TP,5,-1,-1,1,-1,0,1,1,-1,-1,-1
6794,14069934941235,train_oof,0,legitimate,1,phishing,0.935306,0.064694,False,FP,5,-1,-1,1,-1,0,1,-1,0,-1,-1
6795,118836621306473,train_oof,1,phishing,1,phishing,0.98416,0.01584,True,TP,4,-1,-1,1,-1,1,1,-1,-1,0,-1
6796,50264954880593,train_oof,1,phishing,1,phishing,0.991133,0.008867,True,TP,2,1,1,1,-1,-1,-1,-1,-1,0,-1
6797,213831095467288,train_oof,1,phishing,1,phishing,0.993959,0.006041,True,TP,5,-1,1,1,-1,-1,1,1,-1,0,-1
6798,220938022548323,train_oof,1,phishing,0,legitimate,0.099685,0.900315,False,FN,5,1,1,1,-1,-1,1,1,0,0,0
6799,210195965650664,train_oof,0,legitimate,1,phishing,0.91472,0.08528,False,FP,1,-1,-1,1,-1,0,1,-1,0,-1,-1
6801,75309736343577,train_oof,0,legitimate,0,legitimate,0.042447,0.957553,True,TN,5,1,1,1,1,0,-1,1,1,-1,-1
6802,16450857628942,train_oof,0,legitimate,0,legitimate,0.000552,0.999448,True,TN,5,1,-1,1,-1,1,1,1,1,0,1
6803,72971951997067,train_oof,0,legitimate,1,phishing,0.570389,0.429611,False,FP,1,-1,-1,1,-1,0,1,1,0,-1,0
6804,64421563640231,train_oof,0,legitimate,0,legitimate,0.000268,0.999732,True,TN,2,1,-1,1,1,1,1,1,1,1,1
6805,257219957490610,train_oof,0,legitimate,0,legitimate,0.000416,0.999584,True,TN,3,1,-1,1,-1,1,1,1,1,0,1
6807,19097077525535,train_oof,1,phishing,1,phishing,0.993389,0.006611,True,TP,2,1,-1,1,-1,1,1,-1,-1,0,-1
6808,77738561722520,train_oof,0,legitimate,0,legitimate,0.017776,0.982224,True,TN,1,-1,-1,-1,-1,1,1,1,1,1,1
6809,114951550066655,train_oof,0,legitimate,1,phishing,0.62569,0.37431,False,FP,5,-1,-1,1,-1,1,1,1,0,-1,-1
6810,240827417702617,train_oof,0,legitimate,0,legitimate,0.10494,0.89506,True,TN,2,-1,-1,1,-1,1,-1,1,0,1,-1
6811,174391824093583,train_oof,0,legitimate,0,legitimate,0.088543,0.911457,True,TN,5,-1,-1,-1,-1,0,1,1,0,0,1
6812,41857132425865,train_oof,0,legitimate,0,legitimate,0.17247,0.82753,True,TN,4,-1,-1,-1,-1,0,1,-1,0,0,-1
6813,166069490912235,train_oof,0,legitimate,0,legitimate,0.033532,0.966468,True,TN,4,-1,-1,1,1,1,-1,-1,1,-1,-1
6814,198711384892886,train_oof,0,legitimate,0,legitimate,0.027742,0.972258,True,TN,5,1,-1,1,-1,1,1,1,0,0,0
6815,311354757228,train_oof,1,phishing,1,phishing,0.981072,0.018928,True,TP,5,-1,1,-1,-1,-1,1,1,-1,-1,-1
6816,141324962871723,train_oof,1,phishing,0,legitimate,0.211751,0.788249,False,FN,1,-1,-1,1,-1,-1,1,1,1,0,-1
6817,29658456127249,train_oof,1,phishing,1,phishing,0.998826,0.001174,True,TP,3,-1,-1,1,-1,-1,1,-1,-1,-1,-1
6818,183259079596633,train_oof,1,phishing,1,phishing,0.964343,0.035657,True,TP,5,-1,-1,-1,-1,1,-1,-1,-1,-1,-1
6820,238589766621525,train_oof,1,phishing,0,legitimate,0.454201,0.545799,False,FN,5,-1,-1,1,-1,-1,1,1,0,-1,1
6821,71242967432337,train_oof,1,phishing,1,phishing,0.998972,0.001028,True,TP,3,-1,-1,1,-1,0,1,-1,-1,0,-1
6822,2040553187992,train_oof,1,phishing,1,phishing,0.916599,0.083401,True,TP,4,1,-1,1,-1,1,1,-1,-1,-1,0
6823,254797808753814,train_oof,0,legitimate,0,legitimate,0.177468,0.822532,True,TN,3,-1,-1,1,-1,1,-1,1,0,0,-1
6824,214248986160684,train_oof,1,phishing,1,phishing,0.673601,0.326399,True,TP,4,1,-1,1,-1,0,1,-1,0,-1,-1
6826,249477050471590,train_oof,0,legitimate,0,legitimate,0.251373,0.748627,True,TN,2,-1,1,1,-1,0,1,1,1,0,-1
6828,166887571374981,train_oof,0,legitimate,0,legitimate,0.02478,0.97522,True,TN,5,1,-1,1,1,0,1,-1,0,0,-1
6829,40302009663938,train_oof,0,legitimate,0,legitimate,0.14953,0.85047,True,TN,5,1,-1,1,-1,0,1,1,0,0,1
6830,91737439344575,train_oof,0,legitimate,0,legitimate,0.002148,0.997852,True,TN,3,1,-1,1,-1,1,1,1,1,1,0
6831,211830946991601,train_oof,0,legitimate,0,legitimate,0.259419,0.740581,True,TN,3,1,-1,1,-1,1,1,-1,0,0,-1
6833,137437563141702,train_oof,1,phishing,1,phishing,0.891789,0.108211,True,TP,2,-1,-1,1,-1,0,1,-1,0,-1,-1
6835,206482097538000,train_oof,1,phishing,1,phishing,0.997934,0.002066,True,TP,4,1,-1,1,-1,0,1,1,-1,-1,-1
6836,151344623320061,train_oof,0,legitimate,1,phishing,0.618268,0.381732,False,FP,2,-1,-1,1,-1,0,1,1,0,0,-1
6837,118133610069523,train_oof,1,phishing,1,phishing,0.987078,0.012922,True,TP,1,1,-1,1,-1,-1,1,-1,-1,-1,0
6838,258725114624923,train_oof,1,phishing,1,phishing,0.99776,0.00224,True,TP,1,1,-1,1,-1,-1,1,-1,-1,-1,-1
6839,125310594597737,train_oof,0,legitimate,0,legitimate,0.002447,0.997553,True,TN,3,-1,-1,1,-1,1,1,1,1,1,1
6840,116348450054967,train_oof,0,legitimate,0,legitimate,0.011116,0.988884,True,TN,2,-1,1,1,1,0,1,1,1,0,-1
6841,28708099382910,train_oof,1,phishing,1,phishing,0.959378,0.040622,True,TP,1,-1,1,1,-1,1,1,1,-1,-1,-1
6842,176655459152265,train_oof,0,legitimate,0,legitimate,0.007883,0.992117,True,TN,5,1,-1,1,-1,1,1,1,1,0,0
6843,152135860963174,train_oof,0,legitimate,0,legitimate,7e-06,0.999993,True,TN,4,1,-1,1,1,1,1,1,1,1,-1
6844,279501971165724,train_oof,0,legitimate,0,legitimate,0.045424,0.954576,True,TN,3,1,-1,1,-1,1,-1,-1,1,0,-1
6845,247904491098345,train_oof,1,phishing,1,phishing,0.685211,0.314789,True,TP,4,-1,-1,1,-1,-1,1,-1,0,-1,-1
6846,85746394359043,train_oof,1,phishing,1,phishing,0.9992,0.0008,True,TP,3,1,-1,1,-1,-1,1,-1,-1,-1,-1
6848,183259079596633,train_oof,1,phishing,1,phishing,0.964343,0.035657,True,TP,5,-1,-1,-1,-1,1,-1,-1,-1,-1,-1
6849,54943246462176,train_oof,0,legitimate,0,legitimate,0.143649,0.856351,True,TN,3,-1,-1,-1,-1,1,1,1,0,-1,1
6850,13738984811581,train_oof,1,phishing,1,phishing,0.98438,0.01562,True,TP,3,-1,-1,-1,-1,0,-1,1,-1,-1,-1
6851,188829498894596,train_oof,0,legitimate,1,phishing,0.846065,0.153935,False,FP,2,-1,-1,1,-1,1,-1,1,-1,1,-1
6852,207820504484623,train_oof,1,phishing,1,phishing,0.998655,0.001345,True,TP,2,-1,1,1,-1,-1,1,-1,-1,-1,-1
6853,127873272460713,train_oof,0,legitimate,0,legitimate,0.005353,0.994647,True,TN,3,1,-1,1,-1,1,1,1,1,1,-1
6855,276075764958320,train_oof,0,legitimate,0,legitimate,0.049122,0.950878,True,TN,1,1,1,1,-1,0,1,1,0,0,1
6856,191164687119007,train_oof,1,phishing,1,phishing,0.756748,0.243252,True,TP,1,1,-1,1,-1,0,1,1,0,-1,-1
6857,162283149727269,train_oof,1,phishing,0,legitimate,0.432337,0.567663,False,FN,4,1,-1,1,-1,1,1,1,0,-1,-1
6858,186642406993926,train_oof,1,phishing,1,phishing,0.988191,0.011809,True,TP,1,-1,1,-1,-1,0,1,1,-1,-1,-1
6859,32309901907166,train_oof,0,legitimate,0,legitimate,0.004801,0.995199,True,TN,1,1,-1,1,-1,1,1,1,1,0,-1
6860,184058606820859,train_oof,0,legitimate,1,phishing,0.755943,0.244057,False,FP,5,-1,-1,1,-1,1,1,-1,0,-1,-1
6861,1225535970526,train_oof,1,phishing,1,phishing,0.891618,0.108382,True,TP,1,-1,1,1,-1,1,-1,1,-1,0,-1
6864,38209532278098,train_oof,1,phishing,0,legitimate,0.287736,0.712264,False,FN,3,-1,-1,-1,-1,0,1,1,0,-1,-1
6865,187422593480565,train_oof,0,legitimate,0,legitimate,0.379817,0.620183,True,TN,2,1,-1,1,-1,1,1,1,0,-1,-1
6867,249085797001926,train_oof,1,phishing,1,phishing,0.654194,0.345806,True,TP,3,1,-1,1,-1,0,1,-1,0,-1,-1
6868,234504089780132,train_oof,0,legitimate,0,legitimate,0.127584,0.872416,True,TN,3,-1,1,1,-1,1,-1,1,0,0,-1
6869,174008865863965,train_oof,0,legitimate,1,phishing,0.756748,0.243252,False,FP,1,1,-1,1,-1,0,1,1,0,-1,-1
6870,127740923372587,train_oof,1,phishing,1,phishing,0.995796,0.004204,True,TP,1,-1,-1,1,-1,0,-1,1,-1,0,-1
6871,25176564263578,train_oof,0,legitimate,0,legitimate,0.055425,0.944575,True,TN,3,-1,-1,1,-1,1,1,1,1,1,-1
6872,124680232077111,train_oof,0,legitimate,0,legitimate,0.214115,0.785885,True,TN,5,1,-1,1,-1,1,1,1,0,0,-1
6873,271832988740515,train_oof,1,phishing,1,phishing,0.99742,0.00258,True,TP,3,1,-1,1,-1,0,1,1,-1,0,-1
6874,33271529393428,train_oof,1,phishing,1,phishing,0.998972,0.001028,True,TP,3,-1,-1,1,-1,0,1,-1,-1,0,-1
6875,163041726276134,train_oof,1,phishing,1,phishing,0.98074,0.01926,True,TP,5,-1,1,1,-1,0,1,1,-1,-1,0
6876,200190420783340,train_oof,1,phishing,1,phishing,0.566033,0.433967,True,TP,2,-1,-1,1,-1,0,-1,1,0,0,-1
6877,111966057077015,train_oof,1,phishing,0,legitimate,0.305893,0.694107,False,FN,4,1,-1,1,-1,0,1,1,0,0,-1
6878,143829982468330,train_oof,0,legitimate,1,phishing,0.636469,0.363531,False,FP,4,-1,-1,1,-1,0,1,-1,0,1,-1
6879,59402339637839,train_oof,1,phishing,1,phishing,0.990586,0.009414,True,TP,3,1,-1,1,-1,0,1,-1,-1,-1,0
6881,149175571500133,train_oof,0,legitimate,0,legitimate,0.174406,0.825594,True,TN,3,-1,-1,1,-1,1,1,-1,1,1,-1
6883,75579946874177,train_oof,0,legitimate,0,legitimate,0.18746,0.81254,True,TN,5,1,1,1,-1,0,1,1,1,1,-1
6884,184306306646993,train_oof,1,phishing,1,phishing,0.561189,0.438811,True,TP,1,1,-1,1,-1,0,-1,-1,0,-1,-1
6885,223783434854110,train_oof,0,legitimate,0,legitimate,0.228489,0.771511,True,TN,2,1,-1,1,-1,-1,1,1,0,0,1
6887,195991938243629,train_oof,1,phishing,1,phishing,0.999826,0.000174,True,TP,1,-1,-1,1,-1,0,1,-1,-1,-1,-1
6892,266300243341537,train_oof,1,phishing,1,phishing,0.999826,0.000174,True,TP,1,-1,-1,1,-1,0,1,-1,-1,-1,-1
6893,33423362402549,train_oof,1,phishing,0,legitimate,0.347088,0.652912,False,FN,1,1,-1,1,-1,0,1,-1,0,0,-1
6894,262325894681226,train_oof,0,legitimate,1,phishing,0.521178,0.478822,False,FP,4,-1,-1,1,-1,-1,-1,1,0,-1,-1
6895,128783400102875,train_oof,0,legitimate,0,legitimate,0.027133,0.972867,True,TN,4,1,-1,1,1,-1,1,1,1,-1,-1
6896,141497735883210,train_oof,0,legitimate,0,legitimate,0.39604,0.60396,True,TN,4,-1,1,1,-1,-1,-1,1,0,-1,-1
6897,51846346628198,train_oof,0,legitimate,0,legitimate,0.025368,0.974632,True,TN,3,1,-1,1,1,-1,-1,-1,0,1,1
6898,85884431836637,train_oof,0,legitimate,0,legitimate,0.325018,0.674982,True,TN,2,1,-1,1,-1,0,1,1,0,0,-1
6899,102993011607702,train_oof,1,phishing,1,phishing,0.998972,0.001028,True,TP,3,-1,-1,1,-1,0,1,-1,-1,0,-1
6900,239880071395854,train_oof,0,legitimate,0,legitimate,0.183969,0.816031,True,TN,2,1,-1,1,-1,1,1,-1,1,-1,-1
6902,148522602968174,train_oof,0,legitimate,0,legitimate,0.01206,0.98794,True,TN,3,1,-1,1,1,1,1,1,0,-1,-1
6903,168382603937387,train_oof,1,phishing,1,phishing,0.643159,0.356841,True,TP,2,1,-1,1,-1,0,1,1,0,-1,-1
6905,222909601502879,train_oof,1,phishing,1,phishing,0.98293,0.01707,True,TP,5,1,-1,1,-1,1,1,1,-1,-1,-1
6906,162483352987664,train_oof,1,phishing,0,legitimate,0.330868,0.669132,False,FN,3,-1,1,-1,-1,1,1,1,0,0,-1
6907,111219522977210,train_oof,1,phishing,1,phishing,0.922443,0.077557,True,TP,3,-1,-1,1,-1,1,1,1,-1,-1,0
6908,267332900362766,train_oof,0,legitimate,0,legitimate,0.110768,0.889232,True,TN,5,-1,-1,1,-1,-1,1,1,0,1,-1
6909,221710087862347,train_oof,0,legitimate,0,legitimate,0.139275,0.860725,True,TN,1,-1,-1,1,-1,1,1,1,0,1,-1
6910,8422015303828,train_oof,0,legitimate,0,legitimate,0.142662,0.857338,True,TN,3,-1,-1,1,-1,1,1,1,1,-1,-1
6911,204133519524295,train_oof,0,legitimate,0,legitimate,0.194416,0.805584,True,TN,2,1,-1,1,-1,-1,1,1,0,1,-1
6912,157760767704589,train_oof,0,legitimate,0,legitimate,0.323051,0.676949,True,TN,1,-1,-1,1,-1,1,-1,-1,1,-1,-1
6913,161063321583230,train_oof,1,phishing,1,phishing,0.99514,0.00486,True,TP,4,-1,-1,-1,-1,0,1,-1,-1,1,-1
6915,160090234571068,train_oof,0,legitimate,0,legitimate,0.000552,0.999448,True,TN,5,1,-1,1,-1,1,1,1,1,0,1
6918,84368241010944,train_oof,0,legitimate,0,legitimate,0.331395,0.668605,True,TN,2,-1,-1,1,-1,-1,1,1,0,0,-1
6919,61733434421138,train_oof,1,phishing,1,phishing,0.961989,0.038011,True,TP,4,-1,-1,1,-1,1,1,1,-1,-1,-1
6922,172959966186264,train_oof,1,phishing,0,legitimate,0.285543,0.714457,False,FN,5,-1,-1,1,-1,1,1,-1,1,-1,-1
6924,104579815974312,train_oof,0,legitimate,0,legitimate,0.000416,0.999584,True,TN,3,1,-1,1,-1,1,1,1,1,0,1
6926,116960116643113,train_oof,0,legitimate,0,legitimate,0.362325,0.637675,True,TN,3,1,-1,1,-1,-1,1,-1,1,-1,1
6927,163939208279539,train_oof,0,legitimate,1,phishing,0.758443,0.241557,False,FP,1,1,-1,1,-1,-1,1,1,0,-1,-1
6928,38741025910861,train_oof,0,legitimate,0,legitimate,0.3657,0.6343,True,TN,2,-1,-1,1,-1,-1,1,-1,0,0,0
6929,268182505638060,train_oof,1,phishing,1,phishing,0.995608,0.004392,True,TP,3,-1,-1,-1,-1,0,-1,1,-1,1,-1
6930,210157055809645,train_oof,0,legitimate,0,legitimate,0.001627,0.998373,True,TN,2,-1,-1,1,1,1,-1,1,1,0,-1
6932,234916157894264,train_oof,1,phishing,1,phishing,0.994972,0.005028,True,TP,2,1,-1,1,-1,1,1,-1,-1,-1,-1
6933,255618237305835,train_oof,1,phishing,1,phishing,0.9945,0.0055,True,TP,3,-1,-1,1,-1,0,-1,1,-1,0,-1
6934,134490579237425,train_oof,0,legitimate,0,legitimate,0.000445,0.999555,True,TN,1,-1,-1,-1,1,-1,1,1,0,0,-1
6935,247085833290472,train_oof,1,phishing,1,phishing,0.989925,0.010075,True,TP,5,-1,-1,1,-1,0,1,-1,-1,-1,0
6936,265937910651960,train_oof,0,legitimate,0,legitimate,0.022828,0.977172,True,TN,2,-1,-1,1,-1,1,-1,1,1,1,-1
6937,185879754148222,train_oof,1,phishing,1,phishing,0.997219,0.002781,True,TP,1,1,-1,1,-1,0,1,-1,-1,-1,-1
6938,238828503905107,train_oof,1,phishing,1,phishing,0.999816,0.000184,True,TP,5,-1,-1,1,-1,0,1,-1,-1,-1,-1
6940,233897865231343,train_oof,1,phishing,1,phishing,0.99961,0.00039,True,TP,5,-1,0,1,-1,0,1,-1,-1,-1,-1
6941,227945210269598,train_oof,1,phishing,1,phishing,0.994161,0.005839,True,TP,2,-1,-1,1,-1,0,1,-1,-1,-1,0
6942,260309441152979,train_oof,0,legitimate,0,legitimate,0.104593,0.895407,True,TN,1,-1,-1,1,-1,-1,1,1,0,1,-1
6943,278672485335319,train_oof,1,phishing,1,phishing,0.874513,0.125487,True,TP,3,-1,-1,1,-1,0,1,-1,0,-1,-1
6944,266397170309493,train_oof,1,phishing,1,phishing,0.994113,0.005887,True,TP,2,-1,-1,1,-1,1,1,-1,-1,-1,-1
6945,252128962534766,train_oof,0,legitimate,0,legitimate,0.001727,0.998273,True,TN,1,-1,-1,-1,1,1,1,-1,1,1,-1
6949,129973192745573,train_oof,0,legitimate,0,legitimate,0.047537,0.952463,True,TN,2,-1,-1,-1,-1,0,1,1,1,1,-1
6950,240894117260569,train_oof,1,phishing,1,phishing,0.997046,0.002954,True,TP,1,1,-1,1,-1,0,1,1,-1,-1,-1
6951,78384474746082,train_oof,1,phishing,1,phishing,0.972226,0.027774,True,TP,2,-1,1,-1,-1,0,-1,-1,-1,1,0
6954,79225931363395,train_oof,1,phishing,1,phishing,0.999816,0.000184,True,TP,5,-1,-1,1,-1,0,1,-1,-1,-1,-1
6956,180006145563207,train_oof,0,legitimate,0,legitimate,0.008109,0.991891,True,TN,1,1,-1,1,-1,1,1,-1,1,0,1
6957,150232652611395,train_oof,0,legitimate,0,legitimate,0.066857,0.933143,True,TN,5,1,1,1,-1,1,1,1,0,0,1
6959,3246122602107,train_oof,0,legitimate,0,legitimate,0.023912,0.976088,True,TN,3,1,-1,1,-1,1,1,-1,1,1,-1
6961,4494305444541,train_oof,1,phishing,1,phishing,0.998972,0.001028,True,TP,3,-1,-1,1,-1,0,1,-1,-1,0,-1
6964,120772751044368,train_oof,0,legitimate,0,legitimate,0.364626,0.635374,True,TN,2,-1,-1,1,-1,1,-1,1,0,-1,-1
6965,116182140340555,train_oof,0,legitimate,0,legitimate,1.9e-05,0.999981,True,TN,4,1,-1,1,1,1,1,1,1,0,-1
6966,103265870231436,train_oof,1,phishing,1,phishing,0.982313,0.017687,True,TP,2,-1,1,-1,-1,0,1,1,-1,0,0
6967,189809213438083,train_oof,0,legitimate,0,legitimate,0.233743,0.766257,True,TN,5,-1,-1,1,-1,0,-1,1,1,0,-1
6968,237767071896282,train_oof,1,phishing,0,legitimate,0.277546,0.722454,False,FN,1,1,-1,1,-1,0,1,-1,0,0,0
6969,14069934941235,train_oof,0,legitimate,1,phishing,0.935306,0.064694,False,FP,5,-1,-1,1,-1,0,1,-1,0,-1,-1
6970,119437592876401,train_oof,0,legitimate,1,phishing,0.534963,0.465037,False,FP,3,1,-1,1,-1,0,1,-1,0,-1,1
6971,260105051453103,train_oof,0,legitimate,0,legitimate,0.004056,0.995944,True,TN,1,1,-1,1,-1,1,1,1,0,0,1
6972,196627486871610,train_oof,0,legitimate,0,legitimate,0.235943,0.764057,True,TN,3,1,-1,1,-1,1,-1,1,0,-1,-1
6973,44043589251696,train_oof,1,phishing,1,phishing,0.999184,0.000816,True,TP,4,-1,-1,1,-1,0,1,-1,-1,0,-1
6974,219591206800793,train_oof,1,phishing,1,phishing,0.977221,0.022779,True,TP,4,1,1,1,-1,0,1,1,-1,0,-1
6975,27151061504182,train_oof,1,phishing,1,phishing,0.526512,0.473488,True,TP,4,-1,-1,1,-1,0,1,1,0,0,-1
6976,14069934941235,train_oof,1,phishing,1,phishing,0.935306,0.064694,True,TP,5,-1,-1,1,-1,0,1,-1,0,-1,-1
6977,242508510495844,train_oof,0,legitimate,0,legitimate,0.17247,0.82753,True,TN,4,-1,-1,-1,-1,0,1,-1,0,0,-1
6978,247068047814381,train_oof,1,phishing,1,phishing,0.979601,0.020399,True,TP,1,1,1,1,-1,0,1,-1,-1,0,0
6980,170674889185949,train_oof,0,legitimate,0,legitimate,0.371973,0.628027,True,TN,3,1,-1,1,-1,-1,1,-1,0,0,0
6981,260111091038167,train_oof,0,legitimate,0,legitimate,0.342841,0.657159,True,TN,1,-1,-1,1,-1,-1,-1,1,0,0,1
6982,194323590660364,train_oof,0,legitimate,0,legitimate,0.170037,0.829963,True,TN,3,-1,1,-1,-1,-1,1,1,0,-1,1
6983,204990442168003,train_oof,1,phishing,1,phishing,0.874513,0.125487,True,TP,3,-1,-1,1,-1,0,1,-1,0,-1,-1
6984,237999683467027,train_oof,0,legitimate,0,legitimate,0.277614,0.722386,True,TN,4,-1,-1,1,-1,0,1,1,1,0,-1
6985,187607466540324,train_oof,0,legitimate,0,legitimate,0.020045,0.979955,True,TN,4,1,-1,1,1,1,-1,-1,0,1,-1
6986,59128908793880,train_oof,0,legitimate,0,legitimate,0.11413,0.88587,True,TN,5,1,0,-1,-1,0,1,1,0,0,0
6987,127873272460713,train_oof,0,legitimate,0,legitimate,0.005353,0.994647,True,TN,3,1,-1,1,-1,1,1,1,1,1,-1
6988,211889537154903,train_oof,1,phishing,1,phishing,0.62948,0.37052,True,TP,2,-1,-1,1,-1,0,1,-1,0,0,-1
6989,77727123734058,train_oof,0,legitimate,0,legitimate,0.287966,0.712034,True,TN,4,-1,-1,1,-1,0,1,-1,0,0,1
6990,178573511193854,train_oof,0,legitimate,0,legitimate,0.037675,0.962325,True,TN,4,-1,-1,1,1,-1,-1,-1,0,1,1
6991,187422593480565,train_oof,0,legitimate,0,legitimate,0.379817,0.620183,True,TN,2,1,-1,1,-1,1,1,1,0,-1,-1
6992,103538063444354,train_oof,0,legitimate,0,legitimate,0.000634,0.999366,True,TN,5,1,-1,1,-1,1,1,1,1,1,1
6993,78040078073651,train_oof,1,phishing,1,phishing,0.711065,0.288935,True,TP,3,1,-1,1,-1,0,1,1,0,-1,-1
6994,2454801389688,train_oof,0,legitimate,0,legitimate,3.9e-05,0.999961,True,TN,3,1,-1,1,1,1,1,-1,1,0,-1
6995,218585607358826,train_oof,0,legitimate,0,legitimate,0.017842,0.982158,True,TN,4,1,-1,1,1,1,1,-1,0,1,-1
6996,36669069724402,train_oof,1,phishing,1,phishing,0.673601,0.326399,True,TP,4,1,-1,1,-1,0,1,-1,0,-1,-1
6997,31921587134983,train_oof,1,phishing,1,phishing,0.989167,0.010833,True,TP,2,1,-1,1,-1,0,1,-1,-1,0,0
6998,238828503905107,train_oof,1,phishing,1,phishing,0.999816,0.000184,True,TP,5,-1,-1,1,-1,0,1,-1,-1,-1,-1
6999,197017682331934,train_oof,0,legitimate,0,legitimate,0.101608,0.898392,True,TN,3,-1,-1,1,-1,1,-1,1,0,1,-1
7000,186588225847062,train_oof,1,phishing,1,phishing,0.570389,0.429611,True,TP,1,-1,-1,1,-1,0,1,1,0,-1,0
7001,252128962534766,train_oof,0,legitimate,0,legitimate,0.001727,0.998273,True,TN,1,-1,-1,-1,1,1,1,-1,1,1,-1
7002,267301929257876,train_oof,0,legitimate,1,phishing,0.712054,0.287946,False,FP,1,-1,-1,1,-1,1,1,1,0,-1,-1
7003,48397288684276,train_oof,0,legitimate,0,legitimate,0.00884,0.99116,True,TN,4,1,-1,1,1,0,1,-1,0,-1,-1
7004,249477050471590,train_oof,0,legitimate,0,legitimate,0.251373,0.748627,True,TN,2,-1,1,1,-1,0,1,1,1,0,-1
7006,231139613723772,train_oof,1,phishing,1,phishing,0.997418,0.002582,True,TP,2,-1,-1,1,-1,0,1,1,-1,0,-1
7007,83423876661289,train_oof,0,legitimate,1,phishing,0.538817,0.461183,False,FP,1,-1,-1,1,-1,0,1,-1,0,1,-1
7009,145211717331986,train_oof,0,legitimate,0,legitimate,0.001284,0.998716,True,TN,2,-1,-1,-1,1,-1,1,1,1,0,-1
7010,194546946469804,train_oof,1,phishing,1,phishing,0.538817,0.461183,True,TP,1,-1,-1,1,-1,0,1,-1,0,1,-1
7011,176326402781926,train_oof,1,phishing,0,legitimate,0.325731,0.674269,False,FN,3,1,-1,1,-1,0,1,-1,0,0,0
7012,222417136804469,train_oof,1,phishing,1,phishing,0.993757,0.006243,True,TP,2,1,-1,1,-1,0,-1,1,-1,0,-1
7013,71032054461845,train_oof,0,legitimate,0,legitimate,0.212974,0.787026,True,TN,1,-1,1,1,-1,-1,-1,1,0,0,-1
7016,251037995893046,train_oof,0,legitimate,0,legitimate,0.146193,0.853807,True,TN,3,1,-1,1,-1,1,1,1,0,-1,0
7018,264578271625673,train_oof,0,legitimate,1,phishing,0.607977,0.392023,False,FP,4,-1,-1,1,-1,0,1,-1,0,0,-1
7019,123846722267177,train_oof,0,legitimate,0,legitimate,0.476026,0.523974,True,TN,5,-1,-1,1,-1,1,1,1,0,0,-1
7020,223440918623486,train_oof,1,phishing,1,phishing,0.999524,0.000476,True,TP,3,-1,-1,1,-1,0,1,-1,-1,-1,-1
7021,249795451235016,train_oof,1,phishing,1,phishing,0.866948,0.133052,True,TP,4,-1,-1,1,-1,0,1,1,0,-1,-1
7022,240902437062012,train_oof,1,phishing,1,phishing,0.998677,0.001323,True,TP,5,-1,-1,-1,-1,0,-1,-1,-1,1,-1
7023,149434771226729,train_oof,0,legitimate,0,legitimate,0.224761,0.775239,True,TN,2,-1,-1,1,-1,-1,-1,-1,1,0,-1
7024,146496319448229,train_oof,1,phishing,1,phishing,0.684331,0.315669,True,TP,5,1,-1,1,-1,0,1,1,0,-1,-1
7025,103056368201934,train_oof,1,phishing,1,phishing,0.94634,0.05366,True,TP,1,1,-1,1,-1,0,-1,1,-1,1,-1
7026,12020663946279,train_oof,1,phishing,1,phishing,0.999184,0.000816,True,TP,4,-1,-1,1,-1,0,1,-1,-1,0,-1
7027,225240225613105,train_oof,0,legitimate,0,legitimate,0.162041,0.837959,True,TN,4,-1,1,-1,-1,-1,-1,-1,0,1,1
7029,56902406005428,train_oof,0,legitimate,0,legitimate,0.370964,0.629036,True,TN,5,-1,1,1,-1,-1,1,-1,1,0,-1
7030,173295128987401,train_oof,1,phishing,1,phishing,0.998504,0.001496,True,TP,2,1,-1,1,-1,0,-1,-1,-1,0,-1
7031,3246122602107,train_oof,0,legitimate,0,legitimate,0.023912,0.976088,True,TN,3,1,-1,1,-1,1,1,-1,1,1,-1
7032,17044478417220,train_oof,1,phishing,1,phishing,0.999957,4.3e-05,True,TP,4,-1,-1,1,-1,0,1,-1,-1,-1,-1
7033,165810251914866,train_oof,1,phishing,1,phishing,0.855984,0.144016,True,TP,3,-1,-1,1,-1,0,1,1,0,-1,-1
7034,171194345455861,train_oof,0,legitimate,1,phishing,0.586441,0.413559,False,FP,2,1,-1,1,-1,-1,1,-1,0,0,-1
7035,78346099432638,train_oof,0,legitimate,0,legitimate,0.011825,0.988175,True,TN,5,1,-1,1,1,-1,1,1,0,0,1
7036,108242720592122,train_oof,0,legitimate,0,legitimate,0.088508,0.911492,True,TN,4,1,1,1,-1,0,-1,1,0,0,0
7038,222612441008237,train_oof,0,legitimate,0,legitimate,0.397364,0.602636,True,TN,1,1,-1,1,-1,0,1,1,1,-1,-1
7039,63361404433499,train_oof,1,phishing,1,phishing,0.999184,0.000816,True,TP,4,-1,-1,1,-1,0,1,-1,-1,0,-1
7040,227438672581560,train_oof,1,phishing,1,phishing,0.993937,0.006063,True,TP,4,-1,1,1,-1,-1,1,1,-1,0,-1
7042,248457358417671,train_oof,0,legitimate,0,legitimate,0.013779,0.986221,True,TN,4,1,-1,1,-1,1,1,1,0,1,1
7044,205131175316365,train_oof,0,legitimate,0,legitimate,0.09555,0.90445,True,TN,5,-1,-1,1,1,0,1,-1,0,-1,1
7045,90205006486853,train_oof,0,legitimate,1,phishing,0.669292,0.330708,False,FP,3,1,-1,1,-1,1,1,-1,0,-1,-1
7046,85808729444604,train_oof,1,phishing,1,phishing,0.589537,0.410463,True,TP,3,1,-1,1,-1,-1,1,-1,0,0,-1
7048,103131788366394,train_oof,1,phishing,1,phishing,0.577897,0.422103,True,TP,2,-1,-1,1,-1,1,1,-1,0,1,-1
7049,82539165069192,train_oof,0,legitimate,0,legitimate,0.09833,0.90167,True,TN,5,1,1,1,-1,1,1,1,0,0,-1
7050,77692901183888,train_oof,0,legitimate,0,legitimate,0.224761,0.775239,True,TN,2,-1,-1,1,-1,-1,-1,-1,1,0,-1
7051,141973189322950,train_oof,0,legitimate,1,phishing,0.658153,0.341847,False,FP,2,-1,-1,1,-1,0,1,1,0,-1,0
7052,39551865956498,train_oof,1,phishing,1,phishing,0.986591,0.013409,True,TP,5,1,-1,1,-1,-1,1,1,-1,-1,-1
7053,100499011640597,train_oof,0,legitimate,0,legitimate,0.060223,0.939777,True,TN,2,-1,-1,1,-1,-1,1,1,1,1,1
7054,206709226366374,train_oof,1,phishing,0,legitimate,0.159467,0.840533,False,FN,1,1,-1,1,-1,-1,1,1,0,1,-1
7056,72670216156063,train_oof,0,legitimate,0,legitimate,0.040323,0.959677,True,TN,2,1,-1,1,-1,1,1,-1,1,1,-1
7057,267332900362766,train_oof,0,legitimate,0,legitimate,0.110768,0.889232,True,TN,5,-1,-1,1,-1,-1,1,1,0,1,-1
7059,30907172392789,train_oof,1,phishing,1,phishing,0.996678,0.003322,True,TP,3,1,-1,1,-1,0,1,-1,-1,0,-1
7061,79673522995242,train_oof,1,phishing,1,phishing,0.991548,0.008452,True,TP,5,-1,-1,1,-1,1,1,-1,-1,-1,-1
7062,31500018557776,train_oof,0,legitimate,0,legitimate,0.29263,0.70737,True,TN,4,1,-1,1,-1,0,-1,1,0,-1,-1
7063,205654050180828,train_oof,0,legitimate,0,legitimate,0.048689,0.951311,True,TN,1,-1,-1,1,-1,1,-1,-1,0,0,0
7064,145211717331986,train_oof,0,legitimate,0,legitimate,0.001284,0.998716,True,TN,2,-1,-1,-1,1,-1,1,1,1,0,-1
7065,130171423993972,train_oof,1,phishing,1,phishing,0.925115,0.074885,True,TP,2,-1,-1,1,-1,1,1,1,-1,0,0
7066,196778716004476,train_oof,1,phishing,1,phishing,0.685211,0.314789,True,TP,4,-1,-1,1,-1,-1,1,-1,0,-1,-1
7067,22871164125346,train_oof,0,legitimate,0,legitimate,0.006742,0.993258,True,TN,3,1,-1,1,-1,1,-1,1,1,1,1
7068,245133135224688,train_oof,0,legitimate,0,legitimate,0.049924,0.950076,True,TN,3,1,-1,1,-1,1,1,-1,1,-1,1
7069,90123678323587,train_oof,0,legitimate,0,legitimate,0.014164,0.985836,True,TN,4,1,-1,1,1,1,1,-1,1,-1,-1
7070,272508831609618,train_oof,0,legitimate,0,legitimate,0.12514,0.87486,True,TN,4,1,1,1,-1,1,1,-1,0,1,1
7071,169933432835461,train_oof,0,legitimate,0,legitimate,0.000397,0.999603,True,TN,4,1,-1,1,1,0,1,1,1,1,-1
7072,205129918359599,train_oof,0,legitimate,0,legitimate,0.004432,0.995568,True,TN,2,-1,-1,1,1,1,1,1,0,1,-1
7073,21425128713640,train_oof,0,legitimate,0,legitimate,0.154328,0.845672,True,TN,2,-1,-1,1,-1,-1,1,-1,0,1,1
7074,63375198787099,train_oof,0,legitimate,0,legitimate,0.163801,0.836199,True,TN,3,-1,1,-1,-1,-1,1,1,0,0,0
7075,155784991382050,train_oof,1,phishing,1,phishing,0.753262,0.246738,True,TP,3,-1,-1,1,-1,0,-1,-1,0,-1,-1
7077,88375028676863,train_oof,0,legitimate,0,legitimate,0.332583,0.667417,True,TN,5,-1,-1,1,-1,-1,1,-1,1,1,-1
7078,184375600553770,train_oof,0,legitimate,0,legitimate,0.000184,0.999816,True,TN,2,1,-1,1,1,1,1,1,0,0,1
7079,13738984811581,train_oof,1,phishing,1,phishing,0.98438,0.01562,True,TP,3,-1,-1,-1,-1,0,-1,1,-1,-1,-1
7080,7330817827016,train_oof,0,legitimate,0,legitimate,0.00344,0.99656,True,TN,3,1,-1,1,1,-1,1,1,1,0,-1
7081,249081921393180,train_oof,0,legitimate,0,legitimate,0.013282,0.986718,True,TN,4,1,-1,1,-1,1,1,-1,0,0,1
7082,90313908448888,train_oof,1,phishing,0,legitimate,0.379817,0.620183,False,FN,2,1,-1,1,-1,1,1,1,0,-1,-1
7083,260607546241793,train_oof,1,phishing,1,phishing,0.993389,0.006611,True,TP,2,1,-1,1,-1,1,1,-1,-1,0,-1
7084,247350387880642,train_oof,0,legitimate,0,legitimate,0.111401,0.888599,True,TN,1,1,-1,1,-1,0,-1,1,1,0,1
7085,233481236451723,train_oof,1,phishing,0,legitimate,0.413312,0.586688,False,FN,1,-1,1,1,-1,1,1,1,0,-1,-1
7088,183387010653105,train_oof,1,phishing,1,phishing,0.975126,0.024874,True,TP,1,-1,1,-1,-1,-1,-1,1,-1,-1,-1
7089,276450594699453,train_oof,0,legitimate,0,legitimate,0.004644,0.995356,True,TN,5,1,-1,1,-1,1,1,1,1,1,-1
7090,78570432549327,train_oof,1,phishing,1,phishing,0.967289,0.032711,True,TP,3,-1,-1,1,-1,1,1,1,-1,-1,-1
7095,123247006500560,train_oof,0,legitimate,1,phishing,0.526512,0.473488,False,FP,4,-1,-1,1,-1,0,1,1,0,0,-1
7096,260735005922511,train_oof,0,legitimate,0,legitimate,0.004079,0.995921,True,TN,4,1,-1,1,-1,1,1,1,0,0,1
7098,165688230743120,train_oof,1,phishing,1,phishing,0.643159,0.356841,True,TP,2,1,-1,1,-1,0,1,1,0,-1,-1
7099,13332131059122,train_oof,1,phishing,1,phishing,0.995511,0.004489,True,TP,5,1,-1,1,-1,0,1,1,-1,0,-1
7100,17005221604402,train_oof,0,legitimate,0,legitimate,0.047802,0.952198,True,TN,3,-1,1,1,-1,1,-1,1,0,0,0
7101,191442664878380,train_oof,0,legitimate,0,legitimate,0.009966,0.990034,True,TN,4,1,1,1,-1,1,1,1,0,0,0
7102,198555503343112,train_oof,0,legitimate,0,legitimate,0.002444,0.997556,True,TN,4,1,-1,1,1,-1,1,1,1,1,1
7106,173338878826492,train_oof,0,legitimate,0,legitimate,0.003056,0.996944,True,TN,3,-1,-1,1,-1,1,-1,1,1,1,1
7107,204466538580310,train_oof,0,legitimate,0,legitimate,0.35083,0.64917,True,TN,4,-1,-1,1,-1,-1,1,-1,0,0,-1
7109,215828951945331,train_oof,0,legitimate,0,legitimate,0.311309,0.688691,True,TN,3,1,-1,-1,-1,0,1,-1,0,-1,0
7110,11413398782753,train_oof,0,legitimate,0,legitimate,0.004056,0.995944,True,TN,1,1,-1,1,-1,1,1,1,0,0,1
7111,73485686165047,train_oof,0,legitimate,0,legitimate,0.010708,0.989292,True,TN,3,-1,1,1,1,-1,1,1,1,0,-1
7112,159310629545508,train_oof,0,legitimate,0,legitimate,0.237728,0.762272,True,TN,2,1,-1,1,-1,-1,1,-1,0,0,1
7114,92918487048872,train_oof,0,legitimate,0,legitimate,0.001674,0.998326,True,TN,4,-1,-1,1,-1,1,-1,1,1,1,1
7115,232066701569239,train_oof,0,legitimate,0,legitimate,0.154905,0.845095,True,TN,1,-1,-1,1,-1,-1,-1,-1,1,0,1
7116,276450594699453,train_oof,0,legitimate,0,legitimate,0.004644,0.995356,True,TN,5,1,-1,1,-1,1,1,1,1,1,-1
7117,134490579237425,train_oof,0,legitimate,0,legitimate,0.000445,0.999555,True,TN,1,-1,-1,-1,1,-1,1,1,0,0,-1
7118,261931612585895,train_oof,0,legitimate,0,legitimate,0.005137,0.994863,True,TN,5,-1,-1,1,1,1,1,-1,1,0,-1
7119,259836740135236,train_oof,1,phishing,1,phishing,0.998816,0.001184,True,TP,4,-1,-1,1,-1,0,1,1,-1,-1,-1
7120,89578979228677,train_oof,0,legitimate,0,legitimate,0.104593,0.895407,True,TN,1,-1,-1,1,-1,-1,1,1,0,1,-1
7122,248606992578484,train_oof,0,legitimate,1,phishing,0.550355,0.449645,False,FP,3,-1,-1,1,-1,-1,-1,1,0,-1,-1
7123,42234943704980,train_oof,1,phishing,1,phishing,0.998653,0.001347,True,TP,5,-1,-1,1,-1,0,-1,-1,-1,-1,-1
7125,276072256527303,train_oof,0,legitimate,0,legitimate,0.008809,0.991191,True,TN,5,1,-1,1,1,0,1,-1,0,-1,-1
7126,19301294817438,train_oof,1,phishing,1,phishing,0.665957,0.334043,True,TP,5,1,-1,1,-1,0,1,-1,0,-1,-1
7128,21957689494907,train_oof,0,legitimate,0,legitimate,0.142924,0.857076,True,TN,5,1,1,1,-1,0,1,1,0,0,-1
7130,49576342167722,train_oof,0,legitimate,0,legitimate,0.13117,0.86883,True,TN,5,1,-1,1,-1,-1,1,1,0,1,1
7131,89894918000284,train_oof,0,legitimate,0,legitimate,0.243128,0.756872,True,TN,2,-1,-1,1,-1,1,-1,1,0,0,-1
7133,195563920966384,train_oof,1,phishing,1,phishing,0.989469,0.010531,True,TP,5,1,-1,1,-1,0,1,-1,-1,-1,0
7134,272250071223569,train_oof,1,phishing,1,phishing,0.874513,0.125487,True,TP,3,-1,-1,1,-1,0,1,-1,0,-1,-1
7137,135089763070069,train_oof,1,phishing,1,phishing,0.99821,0.00179,True,TP,3,-1,-1,1,-1,0,1,1,-1,-1,-1
7138,149223387899229,train_oof,0,legitimate,0,legitimate,0.04557,0.95443,True,TN,3,-1,-1,1,-1,1,1,1,1,0,0
7139,149175571500133,train_oof,0,legitimate,0,legitimate,0.174406,0.825594,True,TN,3,-1,-1,1,-1,1,1,-1,1,1,-1
7140,232877698744009,train_oof,0,legitimate,0,legitimate,0.284853,0.715147,True,TN,1,1,-1,1,-1,0,1,-1,0,1,-1
7143,169257377878496,train_oof,1,phishing,0,legitimate,0.432298,0.567702,False,FN,1,-1,-1,1,-1,0,-1,-1,0,0,0
7144,266262204416823,train_oof,0,legitimate,0,legitimate,0.024625,0.975375,True,TN,3,-1,1,-1,1,0,-1,1,1,1,-1
7146,200269435084,train_oof,0,legitimate,0,legitimate,1.7e-05,0.999983,True,TN,3,1,-1,1,1,1,1,1,1,0,-1
7147,222417136804469,train_oof,1,phishing,1,phishing,0.993757,0.006243,True,TP,2,1,-1,1,-1,0,-1,1,-1,0,-1
7149,64531619486935,train_oof,0,legitimate,0,legitimate,0.195054,0.804946,True,TN,4,1,-1,1,-1,1,1,-1,0,0,-1
7151,280960126208215,train_oof,0,legitimate,0,legitimate,0.042709,0.957291,True,TN,1,1,-1,1,-1,0,1,1,0,1,1
7152,46864070168111,train_oof,0,legitimate,0,legitimate,0.055425,0.944575,True,TN,3,-1,-1,1,-1,1,1,1,1,1,-1
7153,206337577578642,train_oof,0,legitimate,0,legitimate,0.274952,0.725048,True,TN,2,1,-1,1,-1,0,-1,1,0,-1,0
7155,10296154248340,train_oof,0,legitimate,0,legitimate,0.432345,0.567655,True,TN,5,1,-1,1,-1,0,1,-1,0,0,-1
7157,147719248155493,train_oof,0,legitimate,0,legitimate,0.022162,0.977838,True,TN,5,-1,1,1,1,-1,1,1,1,-1,1
7158,165249645942405,train_oof,1,phishing,1,phishing,0.654194,0.345806,True,TP,3,1,-1,1,-1,0,1,-1,0,-1,-1
7159,249081921393180,train_oof,0,legitimate,0,legitimate,0.013282,0.986718,True,TN,4,1,-1,1,-1,1,1,-1,0,0,1
7161,192896899181995,train_oof,1,phishing,1,phishing,0.985669,0.014331,True,TP,3,1,-1,1,-1,0,1,1,-1,-1,0
7162,216104683657856,train_oof,0,legitimate,0,legitimate,0.329106,0.670894,True,TN,3,1,-1,1,-1,-1,1,1,1,-1,-1
7163,269283995447949,train_oof,1,phishing,1,phishing,0.991548,0.008452,True,TP,5,-1,-1,1,-1,1,1,-1,-1,-1,-1
7165,179823059396508,train_oof,1,phishing,1,phishing,0.557095,0.442905,True,TP,2,1,-1,1,-1,0,1,-1,0,-1,1
7168,264479142764193,train_oof,0,legitimate,0,legitimate,0.058287,0.941713,True,TN,1,-1,1,-1,1,-1,1,1,0,-1,-1
7170,148927727843517,train_oof,0,legitimate,0,legitimate,0.043761,0.956239,True,TN,1,-1,-1,-1,-1,1,1,1,1,0,-1
7171,210157055809645,train_oof,0,legitimate,0,legitimate,0.001627,0.998373,True,TN,2,-1,-1,1,1,1,-1,1,1,0,-1
7172,210195965650664,train_oof,1,phishing,1,phishing,0.91472,0.08528,True,TP,1,-1,-1,1,-1,0,1,-1,0,-1,-1
7173,237902951414616,train_oof,1,phishing,0,legitimate,0.289495,0.710505,False,FN,2,-1,1,-1,-1,1,1,1,0,-1,-1
7174,149666113867047,train_oof,0,legitimate,0,legitimate,0.00262,0.99738,True,TN,5,-1,-1,1,1,1,1,1,0,1,-1
7176,272331831338780,train_oof,0,legitimate,0,legitimate,0.268162,0.731838,True,TN,5,1,-1,1,-1,-1,1,1,0,0,0
7178,1051117022947,train_oof,1,phishing,1,phishing,0.984219,0.015781,True,TP,3,-1,1,-1,-1,0,1,1,-1,1,0
7179,61733434421138,train_oof,1,phishing,1,phishing,0.961989,0.038011,True,TP,4,-1,-1,1,-1,1,1,1,-1,-1,-1
7180,268589340290627,train_oof,0,legitimate,0,legitimate,0.000773,0.999227,True,TN,5,1,-1,1,1,0,1,1,1,0,-1
7181,83426101456721,train_oof,1,phishing,1,phishing,0.570389,0.429611,True,TP,1,-1,-1,1,-1,0,1,1,0,-1,0
7182,75579946874177,train_oof,0,legitimate,0,legitimate,0.18746,0.81254,True,TN,5,1,1,1,-1,0,1,1,1,1,-1
7183,21742284687126,train_oof,1,phishing,1,phishing,0.711065,0.288935,True,TP,3,1,-1,1,-1,0,1,1,0,-1,-1
7184,208167696171295,train_oof,0,legitimate,0,legitimate,0.388923,0.611077,True,TN,4,-1,-1,1,-1,-1,1,1,0,0,-1
7185,108622784641927,train_oof,0,legitimate,1,phishing,0.719882,0.280118,False,FP,4,1,-1,1,-1,-1,1,1,0,-1,-1
7186,231951235084601,train_oof,1,phishing,1,phishing,0.96956,0.03044,True,TP,3,1,-1,-1,-1,0,1,1,-1,1,-1
7187,93248258283049,train_oof,0,legitimate,0,legitimate,0.029101,0.970899,True,TN,1,1,-1,1,-1,1,1,1,0,0,0
7188,212645794812191,train_oof,0,legitimate,0,legitimate,0.019072,0.980928,True,TN,5,-1,-1,1,-1,1,1,1,1,-1,1
7189,23284336665791,train_oof,0,legitimate,1,phishing,0.673601,0.326399,False,FP,4,1,-1,1,-1,0,1,-1,0,-1,-1
7190,56930242941794,train_oof,0,legitimate,0,legitimate,0.113879,0.886121,True,TN,5,1,-1,1,-1,1,1,-1,1,-1,-1
7191,267466209857337,train_oof,1,phishing,1,phishing,0.986528,0.013472,True,TP,5,-1,-1,1,-1,1,-1,-1,-1,-1,-1
7194,250301702494366,train_oof,0,legitimate,0,legitimate,0.134097,0.865903,True,TN,3,-1,1,1,-1,0,-1,1,1,0,1
7195,199748983820686,train_oof,1,phishing,1,phishing,0.652162,0.347838,True,TP,1,1,-1,1,-1,0,1,-1,0,-1,-1
7196,155632494433601,train_oof,0,legitimate,0,legitimate,0.070127,0.929873,True,TN,4,1,-1,-1,-1,0,1,1,1,1,-1
7197,185620685337658,train_oof,1,phishing,1,phishing,0.973999,0.026001,True,TP,2,-1,-1,1,-1,1,1,1,-1,0,-1
7198,194174930426662,train_oof,0,legitimate,0,legitimate,0.278084,0.721916,True,TN,4,-1,-1,1,-1,-1,1,1,0,0,1
7199,196470380442479,train_oof,0,legitimate,0,legitimate,0.186836,0.813164,True,TN,1,1,-1,1,-1,1,1,1,0,1,-1
7201,81657372416707,train_oof,0,legitimate,1,phishing,0.712054,0.287946,False,FP,1,-1,-1,1,-1,1,1,1,0,-1,-1
7202,241626470537950,train_oof,1,phishing,1,phishing,0.965867,0.034133,True,TP,3,-1,-1,1,-1,1,1,-1,-1,1,-1
7203,64637351123053,train_oof,1,phishing,1,phishing,0.997644,0.002356,True,TP,3,-1,-1,1,-1,0,-1,-1,-1,-1,-1
7204,52729632397723,train_oof,0,legitimate,1,phishing,0.629953,0.370047,False,FP,2,1,-1,1,-1,1,1,-1,0,-1,-1
7205,213942250800638,train_oof,1,phishing,1,phishing,0.999524,0.000476,True,TP,3,-1,-1,1,-1,0,1,-1,-1,-1,-1
7206,25858410443829,train_oof,1,phishing,1,phishing,0.994368,0.005632,True,TP,3,-1,-1,1,-1,-1,1,1,-1,0,-1
7207,65116449715210,train_oof,0,legitimate,0,legitimate,0.135439,0.864561,True,TN,3,1,1,1,-1,-1,1,1,0,0,-1
7209,153117644933689,train_oof,0,legitimate,0,legitimate,7e-06,0.999993,True,TN,4,1,-1,1,1,1,1,1,1,1,-1
7210,52211376583909,train_oof,1,phishing,1,phishing,0.969822,0.030178,True,TP,1,-1,-1,1,-1,-1,-1,1,-1,0,0
7212,54367621125536,train_oof,1,phishing,1,phishing,0.561333,0.438667,True,TP,5,-1,-1,1,-1,0,1,1,0,0,-1
7213,217974323429166,train_oof,0,legitimate,0,legitimate,0.095102,0.904898,True,TN,3,1,-1,1,-1,-1,1,1,0,1,-1
7214,163214949606239,train_oof,0,legitimate,0,legitimate,0.005355,0.994645,True,TN,2,1,-1,1,1,0,1,1,0,0,-1
7215,211852492235479,train_oof,0,legitimate,0,legitimate,0.000283,0.999717,True,TN,1,-1,-1,1,1,1,1,1,1,1,1
7216,11245267755628,train_oof,0,legitimate,0,legitimate,0.000929,0.999071,True,TN,4,1,-1,1,1,1,1,1,0,0,-1
7217,91561107491357,train_oof,1,phishing,1,phishing,0.990239,0.009761,True,TP,4,1,-1,1,-1,1,1,1,-1,0,-1
7218,59721886591973,train_oof,1,phishing,1,phishing,0.985103,0.014897,True,TP,1,1,-1,1,-1,1,1,-1,-1,-1,-1
7219,263107841049376,train_oof,1,phishing,1,phishing,0.800515,0.199485,True,TP,3,1,-1,1,-1,-1,1,-1,0,-1,-1
7220,217974323429166,train_oof,0,legitimate,0,legitimate,0.095102,0.904898,True,TN,3,1,-1,1,-1,-1,1,1,0,1,-1
7221,31714549810685,train_oof,0,legitimate,0,legitimate,0.022026,0.977974,True,TN,3,1,-1,1,-1,-1,1,1,1,1,-1
7223,9732113455766,train_oof,1,phishing,1,phishing,0.993392,0.006608,True,TP,5,-1,-1,1,-1,0,-1,1,-1,0,-1
7224,82959037394603,train_oof,1,phishing,1,phishing,0.913829,0.086171,True,TP,3,-1,0,1,-1,0,1,-1,0,-1,-1
7225,223564912062522,train_oof,1,phishing,1,phishing,0.564284,0.435716,True,TP,5,-1,-1,1,-1,0,1,-1,0,0,-1
7228,164969301060782,train_oof,0,legitimate,0,legitimate,0.00887,0.99113,True,TN,3,-1,-1,-1,1,1,1,1,0,-1,-1
7229,23988111078793,train_oof,1,phishing,1,phishing,0.927788,0.072212,True,TP,5,-1,-1,1,-1,0,1,1,0,-1,-1
7230,10316250118962,train_oof,0,legitimate,0,legitimate,0.000367,0.999633,True,TN,2,1,-1,1,1,0,1,1,1,1,-1
7233,189594495118898,train_oof,0,legitimate,0,legitimate,0.285602,0.714398,True,TN,4,1,1,1,1,1,1,1,-1,0,-1
7234,153347230940376,train_oof,0,legitimate,0,legitimate,0.011572,0.988428,True,TN,3,-1,-1,1,-1,1,-1,-1,1,1,1
7235,163393778552426,train_oof,0,legitimate,0,legitimate,0.317906,0.682094,True,TN,2,1,-1,1,-1,0,1,-1,1,-1,1
7237,91381837272944,train_oof,0,legitimate,0,legitimate,0.157081,0.842919,True,TN,3,-1,1,-1,-1,1,1,1,1,-1,1
7239,266475945467292,train_oof,1,phishing,1,phishing,0.991938,0.008062,True,TP,3,-1,-1,-1,-1,0,-1,-1,-1,-1,-1
7240,192689353175102,train_oof,0,legitimate,0,legitimate,0.000268,0.999732,True,TN,2,1,-1,1,1,1,1,1,1,1,-1
7241,191342247637116,train_oof,1,phishing,1,phishing,0.9383,0.0617,True,TP,5,-1,-1,-1,-1,1,-1,-1,-1,1,0
7242,7180573211234,train_oof,1,phishing,1,phishing,0.760696,0.239304,True,TP,1,-1,-1,1,-1,0,-1,-1,0,-1,-1
7243,240902437062012,train_oof,1,phishing,1,phishing,0.998677,0.001323,True,TP,5,-1,-1,-1,-1,0,-1,-1,-1,1,-1
7244,97606062220842,train_oof,1,phishing,1,phishing,0.998351,0.001649,True,TP,2,-1,-1,1,-1,0,1,1,-1,-1,-1
7245,153106431727919,train_oof,0,legitimate,0,legitimate,0.030936,0.969064,True,TN,1,-1,-1,-1,-1,0,1,1,1,0,-1
7246,130765951188456,train_oof,0,legitimate,0,legitimate,0.007658,0.992342,True,TN,4,-1,1,1,1,1,1,1,1,0,-1
7249,54243577955542,train_oof,0,legitimate,0,legitimate,0.020373,0.979627,True,TN,4,1,1,-1,1,1,1,-1,0,1,-1
7250,247710655755967,train_oof,0,legitimate,0,legitimate,0.237713,0.762287,True,TN,5,-1,-1,1,-1,0,1,-1,0,0,1
7251,240227455126764,train_oof,1,phishing,0,legitimate,0.113879,0.886121,False,FN,5,1,-1,1,-1,1,1,-1,1,-1,-1
7253,56820106811326,train_oof,1,phishing,1,phishing,0.998351,0.001649,True,TP,2,-1,-1,1,-1,0,1,1,-1,-1,-1
7254,129472484192105,train_oof,0,legitimate,0,legitimate,0.040327,0.959673,True,TN,1,-1,1,1,1,1,-1,-1,0,-1,1
7255,186267627588794,train_oof,1,phishing,1,phishing,0.99735,0.00265,True,TP,5,-1,-1,1,-1,0,1,1,-1,0,-1
7256,197248786337575,train_oof,1,phishing,1,phishing,0.998816,0.001184,True,TP,4,-1,-1,1,-1,0,1,1,-1,-1,-1
7257,1959149834071,train_oof,0,legitimate,0,legitimate,0.068166,0.931834,True,TN,2,1,-1,1,-1,0,1,1,1,0,-1
7259,260790001268497,train_oof,1,phishing,1,phishing,0.852476,0.147524,True,TP,2,-1,-1,1,-1,0,1,1,0,-1,-1
7260,95723340035836,train_oof,1,phishing,1,phishing,0.970801,0.029199,True,TP,3,-1,1,-1,-1,1,1,1,-1,0,-1
7261,68795751999211,train_oof,1,phishing,1,phishing,0.998456,0.001544,True,TP,2,-1,-1,-1,-1,0,-1,-1,-1,1,-1
7262,91054152317350,train_oof,0,legitimate,0,legitimate,0.028847,0.971153,True,TN,2,-1,-1,1,1,-1,1,-1,1,0,1
7263,106766390427116,train_oof,1,phishing,1,phishing,0.995511,0.004489,True,TP,5,1,-1,1,-1,0,1,1,-1,0,-1
7264,203433845401990,train_oof,0,legitimate,0,legitimate,0.379817,0.620183,True,TN,2,1,-1,1,-1,1,1,1,0,-1,-1
7265,34774485703320,train_oof,0,legitimate,0,legitimate,0.210774,0.789226,True,TN,4,-1,-1,-1,-1,0,1,1,1,-1,-1
7266,1938032060089,train_oof,0,legitimate,0,legitimate,0.051135,0.948865,True,TN,5,-1,1,1,-1,1,-1,1,0,-1,0
7269,62507306282816,train_oof,1,phishing,1,phishing,0.673601,0.326399,True,TP,4,1,-1,1,-1,0,1,-1,0,-1,-1
7270,124235652629018,train_oof,1,phishing,1,phishing,0.998316,0.001684,True,TP,3,-1,1,1,-1,-1,1,1,-1,-1,-1
7271,264295411411954,train_oof,1,phishing,1,phishing,0.799991,0.200009,True,TP,1,1,-1,1,-1,-1,1,-1,0,-1,-1
7272,84368241010944,train_oof,0,legitimate,0,legitimate,0.331395,0.668605,True,TN,2,-1,-1,1,-1,-1,1,1,0,0,-1
7273,146592743263318,train_oof,0,legitimate,0,legitimate,0.302545,0.697455,True,TN,4,-1,1,1,-1,1,1,1,0,1,-1
7274,174713061654882,train_oof,1,phishing,1,phishing,0.71397,0.28603,True,TP,1,-1,-1,1,-1,-1,1,-1,0,-1,-1
7275,122744117348080,train_oof,1,phishing,1,phishing,0.800515,0.199485,True,TP,3,1,-1,1,-1,-1,1,-1,0,-1,-1
7277,123846722267177,train_oof,0,legitimate,0,legitimate,0.476026,0.523974,True,TN,5,-1,-1,1,-1,1,1,1,0,0,-1
7278,59179604285236,train_oof,1,phishing,1,phishing,0.946428,0.053572,True,TP,1,-1,-1,1,-1,1,-1,-1,-1,0,-1
7279,150361803499466,train_oof,1,phishing,0,legitimate,0.24554,0.75446,False,FN,1,-1,1,-1,-1,1,1,1,0,1,-1
7280,145526698276106,train_oof,1,phishing,1,phishing,0.99381,0.00619,True,TP,5,-1,-1,1,-1,-1,1,1,-1,-1,-1
7281,64421563640231,train_oof,0,legitimate,0,legitimate,0.000268,0.999732,True,TN,2,1,-1,1,1,1,1,1,1,1,1
7282,67832324384145,train_oof,1,phishing,1,phishing,0.998826,0.001174,True,TP,3,-1,-1,1,-1,-1,1,-1,-1,-1,-1
7284,100815839040509,train_oof,0,legitimate,0,legitimate,0.095365,0.904635,True,TN,4,1,1,1,-1,0,1,1,0,1,0
7285,149618540748329,train_oof,1,phishing,1,phishing,0.95173,0.04827,True,TP,5,1,-1,1,-1,1,-1,1,-1,0,-1
7286,159310629545508,train_oof,0,legitimate,0,legitimate,0.237728,0.762272,True,TN,2,1,-1,1,-1,-1,1,-1,0,0,1
7287,227061792006274,train_oof,0,legitimate,0,legitimate,0.013282,0.986718,True,TN,4,1,-1,1,-1,1,1,-1,0,0,1
7288,240721525370421,train_oof,0,legitimate,0,legitimate,0.265022,0.734978,True,TN,5,1,1,1,-1,-1,1,1,0,1,-1
7289,133894265423762,train_oof,1,phishing,1,phishing,0.998869,0.001131,True,TP,4,-1,1,-1,-1,0,1,-1,-1,1,-1
7290,2324020812793,train_oof,0,legitimate,0,legitimate,0.219995,0.780005,True,TN,2,1,-1,1,-1,0,1,-1,0,0,1
7291,29814555704900,train_oof,1,phishing,1,phishing,0.980254,0.019746,True,TP,2,-1,1,1,-1,-1,-1,1,-1,0,-1
7292,134490579237425,train_oof,0,legitimate,0,legitimate,0.000445,0.999555,True,TN,1,-1,-1,-1,1,-1,1,1,0,0,-1
7293,222766285858745,train_oof,0,legitimate,0,legitimate,0.019337,0.980663,True,TN,4,-1,1,1,1,1,1,1,0,1,-1
7295,46096504960842,train_oof,0,legitimate,0,legitimate,0.063912,0.936088,True,TN,4,-1,-1,-1,-1,1,1,1,0,0,0
7296,169831359708438,train_oof,1,phishing,0,legitimate,0.131894,0.868106,False,FN,4,1,-1,1,-1,-1,-1,1,1,0,-1
7299,104579815974312,train_oof,0,legitimate,0,legitimate,0.000416,0.999584,True,TN,3,1,-1,1,-1,1,1,1,1,0,1
7300,211852492235479,train_oof,0,legitimate,0,legitimate,0.000283,0.999717,True,TN,1,-1,-1,1,1,1,1,1,1,1,1
7301,116781349354747,train_oof,0,legitimate,0,legitimate,0.400457,0.599543,True,TN,5,1,-1,1,-1,1,1,1,0,-1,-1
7302,205951840019806,train_oof,1,phishing,1,phishing,0.987141,0.012859,True,TP,3,-1,-1,1,-1,1,-1,-1,-1,-1,-1
7303,254797808753814,train_oof,0,legitimate,0,legitimate,0.177468,0.822532,True,TN,3,-1,-1,1,-1,1,-1,1,0,0,-1
7304,38847364277649,train_oof,0,legitimate,0,legitimate,0.138318,0.861682,True,TN,4,1,-1,1,-1,-1,1,-1,1,0,0
7306,189493005183654,train_oof,0,legitimate,0,legitimate,0.03303,0.96697,True,TN,4,1,-1,1,-1,0,1,1,1,1,1
7307,191995169116888,train_oof,1,phishing,1,phishing,0.904765,0.095235,True,TP,1,-1,-1,1,-1,0,1,1,0,-1,-1
7308,114644639095525,train_oof,1,phishing,1,phishing,0.997441,0.002559,True,TP,5,1,-1,1,-1,0,1,1,-1,-1,-1
7310,78373814017810,train_oof,1,phishing,1,phishing,0.996521,0.003479,True,TP,5,-1,1,1,-1,0,1,1,-1,-1,-1
7311,184058606820859,train_oof,0,legitimate,1,phishing,0.755943,0.244057,False,FP,5,-1,-1,1,-1,1,1,-1,0,-1,-1
7314,174254914984074,train_oof,1,phishing,0,legitimate,0.1009,0.8991,False,FN,4,1,1,1,-1,0,1,1,0,0,0
7315,146100069202712,train_oof,1,phishing,1,phishing,0.946428,0.053572,True,TP,1,-1,-1,1,-1,1,-1,-1,-1,0,-1
7316,164637591767055,train_oof,0,legitimate,0,legitimate,2e-05,0.99998,True,TN,5,1,-1,1,1,1,1,1,1,1,-1
7319,90313908448888,train_oof,1,phishing,0,legitimate,0.379817,0.620183,False,FN,2,1,-1,1,-1,1,1,1,0,-1,-1
7320,273116081418463,train_oof,0,legitimate,0,legitimate,0.007903,0.992097,True,TN,3,-1,-1,1,-1,1,1,1,0,1,1
7321,134490579237425,train_oof,0,legitimate,0,legitimate,0.000445,0.999555,True,TN,1,-1,-1,-1,1,-1,1,1,0,0,-1
7322,192222343789116,train_oof,0,legitimate,0,legitimate,0.307081,0.692919,True,TN,5,1,-1,1,-1,-1,1,-1,0,0,0
7323,227061792006274,train_oof,0,legitimate,0,legitimate,0.013282,0.986718,True,TN,4,1,-1,1,-1,1,1,-1,0,0,1
7324,24508609150007,train_oof,0,legitimate,0,legitimate,0.045,0.955,True,TN,2,1,-1,1,-1,1,1,1,0,-1,1
7325,103408432883127,train_oof,1,phishing,1,phishing,0.652162,0.347838,True,TP,1,1,-1,1,-1,0,1,-1,0,-1,-1
7326,223119108407270,train_oof,1,phishing,1,phishing,0.959671,0.040329,True,TP,3,-1,1,1,-1,1,1,1,-1,-1,-1
7327,260735005922511,train_oof,0,legitimate,0,legitimate,0.004079,0.995921,True,TN,4,1,-1,1,-1,1,1,1,0,0,1
7329,248457358417671,train_oof,0,legitimate,0,legitimate,0.013779,0.986221,True,TN,4,1,-1,1,-1,1,1,1,0,1,1
7330,211281282514273,train_oof,1,phishing,0,legitimate,0.342279,0.657721,False,FN,2,-1,1,1,-1,1,1,1,0,0,-1
7332,275588054540125,train_oof,0,legitimate,0,legitimate,0.141555,0.858445,True,TN,4,-1,1,1,-1,1,-1,1,0,1,-1
7333,40772517809195,train_oof,0,legitimate,0,legitimate,0.00014,0.99986,True,TN,2,-1,-1,-1,1,1,1,1,0,0,-1
7334,142841149862359,train_oof,1,phishing,1,phishing,0.971747,0.028253,True,TP,2,-1,-1,-1,-1,0,1,1,-1,-1,-1
7335,241333448199677,train_oof,1,phishing,1,phishing,0.991718,0.008282,True,TP,3,-1,-1,1,-1,1,1,-1,-1,-1,-1
7336,32260582908070,train_oof,1,phishing,1,phishing,0.991781,0.008219,True,TP,2,-1,-1,1,-1,1,-1,-1,-1,-1,-1
7338,90123678323587,train_oof,0,legitimate,0,legitimate,0.014164,0.985836,True,TN,4,1,-1,1,1,1,1,-1,1,-1,-1
7340,98907033704235,train_oof,1,phishing,1,phishing,0.901072,0.098928,True,TP,4,-1,-1,1,-1,1,-1,-1,-1,0,0
7341,84725452157344,train_oof,0,legitimate,0,legitimate,0.00787,0.99213,True,TN,3,1,-1,1,-1,1,1,-1,0,1,1
7342,274667073177022,train_oof,0,legitimate,0,legitimate,0.013827,0.986173,True,TN,2,-1,-1,1,1,1,-1,1,1,-1,-1
7343,236604105849242,train_oof,0,legitimate,0,legitimate,0.022194,0.977806,True,TN,4,1,1,1,-1,1,1,1,1,0,1
7344,104913120244475,train_oof,1,phishing,1,phishing,0.979607,0.020393,True,TP,5,-1,1,1,-1,0,1,1,-1,0,0
7345,258739680939381,train_oof,0,legitimate,0,legitimate,0.107364,0.892636,True,TN,3,1,1,1,-1,1,1,1,0,0,-1
7346,51044023012088,train_oof,0,legitimate,0,legitimate,0.216148,0.783852,True,TN,2,1,1,1,-1,0,1,-1,0,0,1
7347,105411933476649,train_oof,1,phishing,1,phishing,0.994113,0.005887,True,TP,2,-1,-1,1,-1,1,1,-1,-1,-1,-1
7350,125353311613763,train_oof,0,legitimate,0,legitimate,0.032723,0.967277,True,TN,5,1,1,1,-1,1,1,1,1,0,0
7351,101486203722276,train_oof,0,legitimate,0,legitimate,0.022828,0.977172,True,TN,2,-1,-1,1,-1,1,-1,1,1,1,-1
7352,204702253861509,train_oof,0,legitimate,0,legitimate,0.004403,0.995597,True,TN,2,-1,1,1,1,1,1,1,1,-1,-1
7353,266620770030821,train_oof,1,phishing,1,phishing,0.994813,0.005187,True,TP,4,-1,-1,1,-1,1,1,-1,-1,-1,-1
7354,221181686346134,train_oof,1,phishing,1,phishing,0.968069,0.031931,True,TP,1,1,1,1,-1,0,1,1,-1,0,-1
7355,214433690762539,train_oof,0,legitimate,0,legitimate,0.213927,0.786073,True,TN,5,-1,-1,1,-1,0,-1,-1,1,1,-1
7356,131998316807517,train_oof,1,phishing,1,phishing,0.855984,0.144016,True,TP,3,-1,-1,1,-1,0,1,1,0,-1,-1
7359,6816776116155,train_oof,1,phishing,0,legitimate,0.406399,0.593601,False,FN,2,1,-1,1,-1,0,1,-1,0,0,-1
7360,191164687119007,train_oof,1,phishing,1,phishing,0.756748,0.243252,True,TP,1,1,-1,1,-1,0,1,1,0,-1,-1
7362,113827261508540,train_oof,1,phishing,1,phishing,0.994679,0.005321,True,TP,2,1,-1,1,-1,0,1,1,-1,0,-1
7363,230081991891788,train_oof,1,phishing,1,phishing,0.997418,0.002582,True,TP,2,-1,-1,1,-1,0,1,1,-1,0,-1
7364,178966020118489,train_oof,1,phishing,1,phishing,0.995484,0.004516,True,TP,4,-1,-1,-1,-1,0,-1,1,-1,1,-1
7365,51592608954252,train_oof,0,legitimate,0,legitimate,0.013435,0.986565,True,TN,5,-1,1,1,1,0,1,1,0,0,1
7366,75143134227307,train_oof,1,phishing,1,phishing,0.711065,0.288935,True,TP,3,1,-1,1,-1,0,1,1,0,-1,-1
7367,194678059878356,train_oof,0,legitimate,0,legitimate,0.079,0.921,True,TN,1,1,1,1,-1,1,1,1,0,1,1
7368,245047771882656,train_oof,0,legitimate,0,legitimate,0.212324,0.787676,True,TN,2,-1,-1,1,-1,1,1,1,1,-1,-1
7369,123247006500560,train_oof,0,legitimate,1,phishing,0.526512,0.473488,False,FP,4,-1,-1,1,-1,0,1,1,0,0,-1
7370,187734080446724,train_oof,0,legitimate,0,legitimate,0.059044,0.940956,True,TN,1,-1,-1,1,1,-1,1,1,0,-1,-1
7371,92807647226511,train_oof,1,phishing,1,phishing,0.960956,0.039044,True,TP,1,-1,-1,1,-1,1,1,1,-1,0,-1
7373,37782357329742,train_oof,1,phishing,1,phishing,0.997219,0.002781,True,TP,1,1,-1,1,-1,0,1,-1,-1,-1,-1
7375,253976325152962,train_oof,1,phishing,1,phishing,0.997393,0.002607,True,TP,2,1,-1,1,-1,0,1,1,-1,-1,-1
7376,198773711216776,train_oof,0,legitimate,0,legitimate,0.464662,0.535338,True,TN,3,1,-1,1,-1,-1,1,1,0,0,-1
7379,125870875692791,train_oof,1,phishing,1,phishing,0.91472,0.08528,True,TP,1,-1,-1,1,-1,0,1,-1,0,-1,-1
7380,191126242636295,train_oof,0,legitimate,0,legitimate,0.141555,0.858445,True,TN,4,-1,1,1,-1,1,-1,1,0,1,-1
7381,205129918359599,train_oof,0,legitimate,0,legitimate,0.004432,0.995568,True,TN,2,-1,-1,1,1,1,1,1,0,1,-1
7382,189743562553847,train_oof,1,phishing,1,phishing,0.90315,0.09685,True,TP,5,1,1,1,-1,1,-1,1,-1,-1,-1
7383,10956174052761,train_oof,0,legitimate,0,legitimate,0.086112,0.913888,True,TN,2,-1,-1,-1,-1,1,1,-1,0,-1,1
7384,95744136907864,train_oof,1,phishing,1,phishing,0.654194,0.345806,True,TP,3,1,-1,1,-1,0,1,-1,0,-1,-1
7385,35112552185982,train_oof,1,phishing,1,phishing,0.538817,0.461183,True,TP,1,-1,-1,1,-1,0,1,-1,0,1,-1
7388,32855589313218,train_oof,0,legitimate,0,legitimate,0.307422,0.692578,True,TN,2,1,-1,1,-1,0,1,1,0,0,0
7391,122045852124301,train_oof,0,legitimate,0,legitimate,0.370992,0.629008,True,TN,5,1,-1,1,-1,0,1,1,0,0,-1
7392,187161489311644,train_oof,0,legitimate,0,legitimate,0.01999,0.98001,True,TN,4,-1,1,-1,1,0,1,1,1,1,-1
7393,37782357329742,train_oof,1,phishing,1,phishing,0.997219,0.002781,True,TP,1,1,-1,1,-1,0,1,-1,-1,-1,-1
7394,150711909567235,train_oof,0,legitimate,0,legitimate,0.001824,0.998176,True,TN,4,-1,-1,1,1,1,-1,1,0,1,-1
7395,84579532739956,train_oof,1,phishing,1,phishing,0.654194,0.345806,True,TP,3,1,-1,1,-1,0,1,-1,0,-1,-1
7396,146068754492669,train_oof,0,legitimate,0,legitimate,0.047537,0.952463,True,TN,3,-1,-1,1,1,-1,-1,1,1,-1,-1
7397,270526010264361,train_oof,0,legitimate,0,legitimate,0.002758,0.997242,True,TN,2,-1,-1,1,1,1,-1,1,0,1,-1
7398,103583364177867,train_oof,0,legitimate,0,legitimate,0.307535,0.692465,True,TN,1,1,-1,1,-1,-1,1,-1,1,0,-1
7399,265843449068321,train_oof,0,legitimate,0,legitimate,0.27245,0.72755,True,TN,3,-1,-1,1,-1,-1,-1,1,0,-1,1
7402,164921464145184,train_oof,1,phishing,1,phishing,0.986568,0.013432,True,TP,5,-1,-1,1,-1,0,1,-1,-1,0,0
7403,265286261853797,train_oof,0,legitimate,1,phishing,0.62948,0.37052,False,FP,2,-1,-1,1,-1,0,1,-1,0,0,-1
7404,97046413922563,train_oof,0,legitimate,0,legitimate,0.008221,0.991779,True,TN,2,-1,-1,1,-1,1,1,1,0,1,1
7406,33423362402549,train_oof,1,phishing,0,legitimate,0.347088,0.652912,False,FN,1,1,-1,1,-1,0,1,-1,0,0,-1
7407,181148602989641,train_oof,1,phishing,0,legitimate,0.317305,0.682695,False,FN,3,1,-1,1,-1,0,1,-1,1,-1,-1
7410,131573097863545,train_oof,1,phishing,1,phishing,0.995511,0.004489,True,TP,5,1,-1,1,-1,0,1,1,-1,0,-1
7411,15200446151819,train_oof,0,legitimate,0,legitimate,0.31094,0.68906,True,TN,1,1,-1,1,-1,-1,1,-1,0,1,-1
7412,211830946991601,train_oof,0,legitimate,0,legitimate,0.259419,0.740581,True,TN,3,1,-1,1,-1,1,1,-1,0,0,-1
7414,170236157721091,train_oof,0,legitimate,0,legitimate,0.212628,0.787372,True,TN,4,1,-1,1,-1,1,1,1,0,0,-1
7416,11873133020382,train_oof,1,phishing,1,phishing,0.995484,0.004516,True,TP,4,-1,-1,-1,-1,0,-1,1,-1,1,-1
7417,215366947051728,train_oof,0,legitimate,0,legitimate,0.016274,0.983726,True,TN,4,1,-1,1,-1,1,1,1,0,1,0
7418,110556455232440,train_oof,0,legitimate,0,legitimate,0.101608,0.898392,True,TN,3,-1,-1,1,-1,1,-1,1,0,1,-1
7419,252096615970262,train_oof,1,phishing,1,phishing,0.996931,0.003069,True,TP,4,-1,-1,-1,-1,0,-1,-1,-1,1,-1
7420,62790337859987,train_oof,0,legitimate,0,legitimate,0.13727,0.86273,True,TN,4,-1,-1,1,-1,1,1,-1,1,-1,1
7421,238828503905107,train_oof,1,phishing,1,phishing,0.999816,0.000184,True,TP,5,-1,-1,1,-1,0,1,-1,-1,-1,-1
7422,250232450940953,train_oof,1,phishing,1,phishing,0.866948,0.133052,True,TP,4,-1,-1,1,-1,0,1,1,0,-1,-1
7423,262308398637617,train_oof,1,phishing,1,phishing,0.998837,0.001163,True,TP,5,-1,-1,1,-1,0,-1,-1,-1,0,-1
7424,202821390305947,train_oof,1,phishing,1,phishing,0.998384,0.001616,True,TP,3,1,-1,1,-1,0,1,-1,-1,-1,-1
7425,232877698744009,train_oof,0,legitimate,0,legitimate,0.284853,0.715147,True,TN,1,1,-1,1,-1,0,1,-1,0,1,-1
7426,30470153320676,train_oof,1,phishing,1,phishing,0.987612,0.012388,True,TP,4,-1,-1,1,-1,0,1,1,-1,1,-1
7427,227872015466104,train_oof,0,legitimate,0,legitimate,0.027099,0.972901,True,TN,2,1,-1,1,1,-1,1,-1,0,0,-1
7428,6816776116155,train_oof,1,phishing,0,legitimate,0.406399,0.593601,False,FN,2,1,-1,1,-1,0,1,-1,0,0,-1
7429,252173363412255,train_oof,1,phishing,1,phishing,0.891088,0.108912,True,TP,4,-1,-1,1,-1,1,1,-1,-1,1,0
7430,30936846709975,train_oof,0,legitimate,0,legitimate,0.21428,0.78572,True,TN,2,-1,-1,1,-1,-1,1,-1,0,1,0
7431,40844895324771,train_oof,1,phishing,1,phishing,0.992975,0.007025,True,TP,4,1,-1,1,-1,0,1,-1,-1,0,0
7432,76255260406392,train_oof,1,phishing,1,phishing,0.999186,0.000814,True,TP,5,-1,-1,1,-1,0,1,-1,-1,0,-1
7433,18276113124961,train_oof,0,legitimate,0,legitimate,0.027886,0.972114,True,TN,4,-1,-1,1,-1,1,1,1,0,0,1
7435,26288172745834,train_oof,1,phishing,1,phishing,0.936199,0.063801,True,TP,3,-1,-1,-1,-1,1,-1,-1,-1,1,0
7436,116781349354747,train_oof,1,phishing,0,legitimate,0.400457,0.599543,False,FN,5,1,-1,1,-1,1,1,1,0,-1,-1
7437,118674289070272,train_oof,1,phishing,1,phishing,0.958022,0.041978,True,TP,5,-1,1,1,-1,1,1,1,-1,0,-1
7438,52535068751584,train_oof,0,legitimate,0,legitimate,0.001345,0.998655,True,TN,5,-1,-1,-1,1,1,1,-1,1,0,-1
7439,138348688272334,train_oof,1,phishing,1,phishing,0.996686,0.003314,True,TP,3,-1,0,1,-1,-1,1,1,-1,0,-1
7440,62847644214785,train_oof,0,legitimate,0,legitimate,0.03703,0.96297,True,TN,1,1,-1,1,-1,0,1,1,1,0,-1
7441,135285841283034,train_oof,0,legitimate,0,legitimate,0.004718,0.995282,True,TN,1,1,-1,1,-1,1,1,-1,0,1,1
7442,15200446151819,train_oof,0,legitimate,0,legitimate,0.31094,0.68906,True,TN,1,1,-1,1,-1,-1,1,-1,0,1,-1
7443,238932629227164,train_oof,1,phishing,1,phishing,0.988502,0.011498,True,TP,1,1,-1,1,-1,1,1,1,-1,0,-1
7444,58278962079641,train_oof,1,phishing,1,phishing,0.62569,0.37431,True,TP,5,-1,-1,1,-1,1,1,1,0,-1,-1
7446,161188270910836,train_oof,1,phishing,1,phishing,0.719882,0.280118,True,TP,4,1,-1,1,-1,-1,1,1,0,-1,-1
7447,65385191978884,train_oof,1,phishing,1,phishing,0.997219,0.002781,True,TP,1,1,-1,1,-1,0,1,-1,-1,-1,-1
7448,125546284971173,train_oof,0,legitimate,0,legitimate,0.234547,0.765453,True,TN,3,1,1,1,-1,-1,1,1,0,0,1
7449,78648902481833,train_oof,1,phishing,1,phishing,0.999593,0.000407,True,TP,2,-1,-1,1,-1,0,-1,-1,-1,0,-1
7450,191442664878380,train_oof,0,legitimate,0,legitimate,0.009966,0.990034,True,TN,4,1,1,1,-1,1,1,1,0,0,0
7451,116781349354747,train_oof,1,phishing,0,legitimate,0.400457,0.599543,False,FN,5,1,-1,1,-1,1,1,1,0,-1,-1
7452,85606612089619,train_oof,1,phishing,1,phishing,0.994753,0.005247,True,TP,5,-1,1,1,-1,0,1,1,-1,0,-1
7453,254618072114909,train_oof,0,legitimate,0,legitimate,0.181092,0.818908,True,TN,3,-1,-1,1,-1,1,-1,1,1,-1,-1
7454,187740866424904,train_oof,1,phishing,1,phishing,0.968783,0.031217,True,TP,2,-1,1,1,-1,1,1,1,-1,-1,-1
7455,28527913714877,train_oof,1,phishing,1,phishing,0.973999,0.026001,True,TP,2,-1,-1,1,-1,1,1,1,-1,0,-1
7456,84579532739956,train_oof,1,phishing,1,phishing,0.654194,0.345806,True,TP,3,1,-1,1,-1,0,1,-1,0,-1,-1
7457,245407922663420,train_oof,1,phishing,1,phishing,0.996537,0.003463,True,TP,2,1,-1,1,-1,-1,-1,-1,-1,-1,-1
7458,37653067004327,train_oof,1,phishing,1,phishing,0.986591,0.013409,True,TP,5,1,-1,1,-1,-1,1,1,-1,-1,-1
7459,176446024020356,train_oof,0,legitimate,0,legitimate,0.218939,0.781061,True,TN,3,1,1,1,-1,-1,1,1,0,1,-1
7460,84344968352152,train_oof,1,phishing,0,legitimate,0.160399,0.839601,False,FN,1,-1,-1,1,-1,1,1,1,0,-1,0
7461,192417978310821,train_oof,0,legitimate,0,legitimate,0.21135,0.78865,True,TN,3,-1,-1,1,-1,0,-1,1,1,0,-1
7462,274086279057509,train_oof,0,legitimate,1,phishing,0.61656,0.38344,False,FP,2,1,-1,1,-1,0,1,-1,0,-1,-1
7463,277396693191940,train_oof,0,legitimate,0,legitimate,0.170616,0.829384,True,TN,4,-1,1,1,-1,1,-1,1,1,-1,-1
7464,217906656167237,train_oof,1,phishing,1,phishing,0.990502,0.009498,True,TP,2,1,-1,1,-1,0,1,-1,-1,-1,0
7465,104320118336123,train_oof,0,legitimate,0,legitimate,0.027487,0.972513,True,TN,5,-1,1,-1,1,-1,-1,1,1,1,-1
7466,255629562921852,train_oof,0,legitimate,0,legitimate,0.001501,0.998499,True,TN,2,-1,-1,-1,1,1,1,-1,0,0,-1
7467,174627716987809,train_oof,0,legitimate,0,legitimate,0.042683,0.957317,True,TN,4,-1,-1,1,1,1,1,-1,1,-1,-1
7468,173329273543654,train_oof,1,phishing,1,phishing,0.609397,0.390603,True,TP,4,-1,-1,1,-1,0,1,-1,0,-1,0
7471,149261930352034,train_oof,0,legitimate,0,legitimate,0.17247,0.82753,True,TN,4,-1,-1,-1,-1,0,1,-1,0,0,-1
7472,79915590255246,train_oof,0,legitimate,0,legitimate,0.114706,0.885294,True,TN,3,1,1,1,-1,-1,-1,1,0,-1,0
7473,181113906803775,train_oof,1,phishing,1,phishing,0.991114,0.008886,True,TP,4,1,-1,1,-1,-1,1,1,-1,-1,-1
7474,32595240903623,train_oof,0,legitimate,0,legitimate,0.084201,0.915799,True,TN,4,1,-1,1,-1,1,-1,1,0,1,-1
7475,58432846584171,train_oof,0,legitimate,0,legitimate,0.096065,0.903935,True,TN,2,-1,1,-1,-1,-1,-1,-1,1,1,1
7476,81791408738516,train_oof,1,phishing,1,phishing,0.771098,0.228902,True,TP,2,-1,-1,1,-1,-1,1,1,0,-1,-1
7477,35521697993915,train_oof,1,phishing,1,phishing,0.987913,0.012087,True,TP,4,1,-1,1,-1,1,1,-1,-1,-1,-1
7478,2863512900145,train_oof,0,legitimate,0,legitimate,0.019485,0.980515,True,TN,5,-1,-1,1,-1,1,-1,1,0,-1,1
7480,257043157496687,train_oof,0,legitimate,0,legitimate,0.036633,0.963367,True,TN,3,-1,-1,-1,1,0,1,1,0,-1,-1
7481,144879932793230,train_oof,1,phishing,1,phishing,0.959378,0.040622,True,TP,1,-1,1,1,-1,1,1,1,-1,-1,-1
7482,207218126590614,train_oof,0,legitimate,0,legitimate,0.002823,0.997177,True,TN,2,-1,-1,-1,1,1,1,1,1,-1,-1
7483,18276113124961,train_oof,0,legitimate,0,legitimate,0.027886,0.972114,True,TN,4,-1,-1,1,-1,1,1,1,0,0,1
7484,163159387096471,train_oof,0,legitimate,0,legitimate,0.053924,0.946076,True,TN,5,-1,-1,1,-1,-1,1,1,0,1,1
7485,161657404833249,train_oof,1,phishing,0,legitimate,0.270682,0.729318,False,FN,3,1,-1,1,-1,1,1,1,0,1,-1
7486,61864051613139,train_oof,0,legitimate,0,legitimate,0.040018,0.959982,True,TN,5,-1,-1,1,1,0,1,-1,0,0,-1
7487,50848151831822,train_oof,0,legitimate,0,legitimate,0.494172,0.505828,True,TN,1,-1,-1,1,-1,0,-1,1,0,0,1
7488,99927608902738,train_oof,0,legitimate,0,legitimate,0.107364,0.892636,True,TN,3,1,1,1,-1,1,1,1,0,0,-1
7489,89286718882663,train_oof,1,phishing,1,phishing,0.986863,0.013137,True,TP,1,-1,-1,-1,-1,-1,-1,1,-1,1,-1
7490,201696780494429,train_oof,0,legitimate,0,legitimate,0.023785,0.976215,True,TN,4,-1,-1,1,-1,1,1,1,1,-1,1
7491,234350767525393,train_oof,0,legitimate,0,legitimate,0.049946,0.950054,True,TN,1,-1,-1,1,-1,1,-1,1,1,0,-1
7492,121144467079500,train_oof,1,phishing,1,phishing,0.920994,0.079006,True,TP,4,-1,-1,-1,-1,1,-1,-1,-1,1,-1
7496,181113906803775,train_oof,1,phishing,1,phishing,0.991114,0.008886,True,TP,4,1,-1,1,-1,-1,1,1,-1,-1,-1
7497,53872109037123,train_oof,0,legitimate,0,legitimate,0.024466,0.975534,True,TN,1,-1,1,1,1,0,1,1,0,1,-1
7498,160161656226587,train_oof,0,legitimate,0,legitimate,0.397364,0.602636,True,TN,1,1,-1,1,-1,0,1,1,1,-1,-1
7499,1548865407013,train_oof,1,phishing,1,phishing,0.998826,0.001174,True,TP,3,-1,-1,1,-1,-1,1,-1,-1,-1,-1
7500,26378427423202,train_oof,1,phishing,1,phishing,0.799991,0.200009,True,TP,1,1,-1,1,-1,-1,1,-1,0,-1,-1
7501,272648452481123,train_oof,1,phishing,1,phishing,0.996803,0.003197,True,TP,4,-1,-1,1,-1,-1,1,-1,-1,-1,0
7502,187151004757062,train_oof,1,phishing,1,phishing,0.998677,0.001323,True,TP,5,-1,-1,-1,-1,0,-1,-1,-1,1,-1
7504,195336112706119,train_oof,1,phishing,1,phishing,0.988756,0.011244,True,TP,1,1,-1,1,-1,-1,1,1,-1,-1,-1
7507,110191038592390,train_oof,0,legitimate,0,legitimate,0.215168,0.784832,True,TN,3,-1,-1,1,-1,-1,-1,1,1,-1,1
7508,2461118415682,train_oof,1,phishing,1,phishing,0.990276,0.009724,True,TP,4,1,-1,1,-1,-1,1,-1,-1,0,0
7510,144389917617538,train_oof,1,phishing,1,phishing,0.99821,0.00179,True,TP,3,-1,-1,1,-1,0,1,1,-1,-1,-1
7511,10296469636885,train_oof,1,phishing,1,phishing,0.992856,0.007144,True,TP,1,-1,0,1,-1,0,1,1,-1,0,-1
7513,223807703723609,train_oof,0,legitimate,0,legitimate,0.212974,0.787026,True,TN,1,-1,1,1,-1,-1,-1,1,0,0,-1
7514,90205006486853,train_oof,0,legitimate,1,phishing,0.669292,0.330708,False,FP,3,1,-1,1,-1,1,1,-1,0,-1,-1
7515,249013376369374,train_oof,0,legitimate,0,legitimate,0.000358,0.999642,True,TN,3,-1,-1,1,1,1,-1,1,1,1,-1
7517,265289246334660,train_oof,1,phishing,1,phishing,0.997567,0.002433,True,TP,5,-1,1,-1,-1,0,1,-1,-1,1,-1
7518,111930426870481,train_oof,1,phishing,1,phishing,0.999957,4.3e-05,True,TP,4,-1,-1,1,-1,0,1,-1,-1,-1,-1
7519,14221362373493,train_oof,0,legitimate,0,legitimate,0.04276,0.95724,True,TN,5,1,1,1,-1,-1,1,1,1,1,1
7521,240894117260569,train_oof,1,phishing,1,phishing,0.997046,0.002954,True,TP,1,1,-1,1,-1,0,1,1,-1,-1,-1
7523,185943556822606,train_oof,0,legitimate,0,legitimate,0.096639,0.903361,True,TN,4,-1,-1,-1,-1,0,1,-1,1,1,-1
7524,23284336665791,train_oof,0,legitimate,1,phishing,0.673601,0.326399,False,FP,4,1,-1,1,-1,0,1,-1,0,-1,-1
7525,263196228370152,train_oof,0,legitimate,0,legitimate,0.030362,0.969638,True,TN,5,-1,1,-1,1,1,1,1,0,0,-1
7526,210195965650664,train_oof,1,phishing,1,phishing,0.91472,0.08528,True,TP,1,-1,-1,1,-1,0,1,-1,0,-1,-1
7528,220578278099674,train_oof,1,phishing,1,phishing,0.995511,0.004489,True,TP,5,1,-1,1,-1,0,1,1,-1,0,-1
7530,76267734134254,train_oof,0,legitimate,0,legitimate,0.451383,0.548617,True,TN,4,1,-1,1,-1,-1,1,1,0,0,-1
7531,2102477976825,train_oof,0,legitimate,1,phishing,0.577897,0.422103,False,FP,2,-1,-1,1,-1,1,1,-1,0,1,-1
7532,198711384892886,train_oof,0,legitimate,0,legitimate,0.027742,0.972258,True,TN,5,1,-1,1,-1,1,1,1,0,0,0
7533,57728858148920,train_oof,1,phishing,1,phishing,0.855984,0.144016,True,TP,3,-1,-1,1,-1,0,1,1,0,-1,-1
7534,83525070164108,train_oof,0,legitimate,0,legitimate,0.163043,0.836957,True,TN,3,1,-1,1,-1,-1,1,1,1,0,-1
7535,248580180484228,train_oof,1,phishing,1,phishing,0.997182,0.002818,True,TP,5,-1,-1,1,-1,0,1,-1,-1,1,-1
7536,96114230155406,train_oof,1,phishing,1,phishing,0.990765,0.009235,True,TP,4,-1,1,1,-1,0,1,1,-1,0,-1
7538,103722256876365,train_oof,1,phishing,1,phishing,0.989576,0.010424,True,TP,1,1,-1,1,-1,0,1,-1,-1,-1,0
7540,65660371621269,train_oof,0,legitimate,0,legitimate,0.018319,0.981681,True,TN,1,1,-1,1,1,0,1,-1,0,-1,-1
7541,176196797540133,train_oof,0,legitimate,0,legitimate,0.03612,0.96388,True,TN,4,1,-1,1,-1,1,1,-1,0,1,0
7542,36239739266192,train_oof,0,legitimate,0,legitimate,0.032557,0.967443,True,TN,2,-1,-1,1,1,1,1,-1,0,1,-1
7543,122916876146998,train_oof,1,phishing,1,phishing,0.986177,0.013823,True,TP,1,-1,-1,1,-1,0,-1,-1,-1,0,0
7544,130149555542160,train_oof,0,legitimate,0,legitimate,0.23386,0.76614,True,TN,4,1,-1,1,-1,-1,1,-1,1,0,-1
7546,249085797001926,train_oof,1,phishing,1,phishing,0.654194,0.345806,True,TP,3,1,-1,1,-1,0,1,-1,0,-1,-1
7548,123447002465271,train_oof,0,legitimate,0,legitimate,0.009301,0.990699,True,TN,5,1,1,1,1,1,1,1,1,0,-1
7549,18662727090397,train_oof,0,legitimate,0,legitimate,0.075599,0.924401,True,TN,2,-1,0,-1,-1,-1,1,1,0,0,-1
7550,2454801389688,train_oof,0,legitimate,0,legitimate,3.9e-05,0.999961,True,TN,3,1,-1,1,1,1,1,-1,1,0,-1
7551,49149455616722,train_oof,1,phishing,1,phishing,0.999106,0.000894,True,TP,5,1,-1,1,-1,0,1,-1,-1,-1,-1
7553,20244035485247,train_oof,0,legitimate,0,legitimate,0.017993,0.982007,True,TN,2,-1,-1,1,-1,1,1,1,1,0,1
7555,11343572301790,train_oof,1,phishing,1,phishing,0.755943,0.244057,True,TP,5,-1,-1,1,-1,1,1,-1,0,-1,-1
7557,137595625047455,train_oof,0,legitimate,0,legitimate,0.173839,0.826161,True,TN,2,1,1,1,-1,0,1,1,0,1,-1
7558,137068035846632,train_oof,0,legitimate,0,legitimate,0.000552,0.999448,True,TN,5,1,-1,1,-1,1,1,1,1,0,1
7559,244510337270502,train_oof,0,legitimate,0,legitimate,0.000218,0.999782,True,TN,3,1,-1,1,1,-1,1,1,1,1,-1
7561,128472007684638,train_oof,0,legitimate,0,legitimate,0.027667,0.972333,True,TN,4,1,-1,1,-1,-1,1,1,1,1,1
7562,185066235700013,train_oof,0,legitimate,0,legitimate,0.026692,0.973308,True,TN,2,1,-1,1,-1,0,1,1,1,1,-1
7563,74660451258129,train_oof,1,phishing,1,phishing,0.999184,0.000816,True,TP,4,-1,-1,1,-1,0,1,-1,-1,0,-1
7564,131974177493962,train_oof,1,phishing,1,phishing,0.950064,0.049936,True,TP,2,-1,1,-1,-1,1,1,1,-1,0,0
7565,249012761242019,train_oof,1,phishing,1,phishing,0.988072,0.011928,True,TP,3,-1,1,-1,-1,0,-1,1,-1,1,-1
7566,147719248155493,train_oof,0,legitimate,0,legitimate,0.022162,0.977838,True,TN,5,-1,1,1,1,-1,1,1,1,-1,1
7568,123447002465271,train_oof,0,legitimate,0,legitimate,0.009301,0.990699,True,TN,5,1,1,1,1,1,1,1,1,0,-1
7569,14553307815976,train_oof,0,legitimate,0,legitimate,7e-06,0.999993,True,TN,4,1,-1,1,1,1,1,1,1,1,-1
7570,63635908284743,train_oof,1,phishing,1,phishing,0.667325,0.332675,True,TP,3,-1,-1,1,-1,1,-1,-1,0,-1,-1
7571,174929687356667,train_oof,0,legitimate,0,legitimate,0.001519,0.998481,True,TN,1,1,-1,1,1,1,1,1,0,1,-1
7572,32325887887444,train_oof,1,phishing,1,phishing,0.9989,0.0011,True,TP,1,-1,-1,1,-1,0,1,1,-1,-1,-1
7573,17724543728389,train_oof,1,phishing,1,phishing,0.534963,0.465037,True,TP,3,1,-1,1,-1,0,1,-1,0,-1,1
7575,253394492759096,train_oof,1,phishing,1,phishing,0.935306,0.064694,True,TP,5,-1,-1,1,-1,0,1,-1,0,-1,-1
7576,24006055476986,train_oof,1,phishing,1,phishing,0.995904,0.004096,True,TP,4,1,1,1,-1,0,1,-1,-1,0,-1
7578,273502929227097,train_oof,1,phishing,1,phishing,0.999186,0.000814,True,TP,5,-1,-1,1,-1,0,1,-1,-1,0,-1
7579,24257799702906,train_oof,0,legitimate,0,legitimate,0.217357,0.782643,True,TN,3,1,1,1,-1,-1,-1,1,1,-1,-1
7580,141867061561573,train_oof,0,legitimate,0,legitimate,0.013055,0.986945,True,TN,2,1,1,1,1,1,1,-1,1,1,-1
7581,74067587498625,train_oof,1,phishing,1,phishing,0.975004,0.024996,True,TP,5,-1,-1,1,-1,1,-1,-1,-1,0,-1
7582,197288160165668,train_oof,1,phishing,1,phishing,0.999826,0.000174,True,TP,1,-1,-1,1,-1,0,1,-1,-1,-1,-1
7583,161361000890391,train_oof,0,legitimate,1,phishing,0.91472,0.08528,False,FP,1,-1,-1,1,-1,0,1,-1,0,-1,-1
7584,8260525912014,train_oof,0,legitimate,0,legitimate,0.010421,0.989579,True,TN,5,-1,-1,1,-1,1,1,1,1,0,1
7585,75477316346624,train_oof,1,phishing,1,phishing,0.955153,0.044847,True,TP,4,-1,-1,1,-1,1,1,-1,-1,1,-1
7586,212707617526361,train_oof,0,legitimate,0,legitimate,0.232,0.768,True,TN,5,1,-1,-1,-1,-1,1,-1,0,0,-1
7587,22859802054115,train_oof,1,phishing,0,legitimate,0.483589,0.516411,False,FN,1,-1,1,1,-1,0,1,-1,0,1,-1
7588,263349217868253,train_oof,1,phishing,1,phishing,0.999816,0.000184,True,TP,5,-1,-1,1,-1,0,1,-1,-1,-1,-1
7590,32281071102864,train_oof,1,phishing,1,phishing,0.998642,0.001358,True,TP,1,-1,1,-1,-1,0,1,-1,-1,1,-1
7592,182673176637794,train_oof,0,legitimate,0,legitimate,0.167632,0.832368,True,TN,4,1,1,1,-1,-1,1,1,0,0,0
7593,269538848179939,train_oof,0,legitimate,0,legitimate,0.023759,0.976241,True,TN,2,1,-1,-1,-1,1,1,1,0,0,0
7595,154071474977382,train_oof,1,phishing,1,phishing,0.990824,0.009176,True,TP,3,-1,1,1,-1,0,-1,-1,-1,-1,-1
7596,244704006824543,train_oof,0,legitimate,0,legitimate,0.122679,0.877321,True,TN,1,1,1,1,-1,-1,1,1,0,0,-1
7597,260762921367082,train_oof,1,phishing,1,phishing,0.984736,0.015264,True,TP,5,1,-1,1,-1,0,1,-1,-1,-1,1
7599,189598213272164,train_oof,0,legitimate,0,legitimate,0.071701,0.928299,True,TN,4,1,-1,-1,-1,-1,1,1,1,0,-1
7600,555559222442,train_oof,0,legitimate,0,legitimate,0.007608,0.992392,True,TN,4,1,-1,1,-1,1,1,1,1,0,-1
7602,152787956234507,train_oof,0,legitimate,0,legitimate,0.071956,0.928044,True,TN,3,1,-1,1,-1,0,1,-1,0,0,1
7603,204931384123377,train_oof,1,phishing,1,phishing,0.995772,0.004228,True,TP,2,-1,-1,-1,-1,0,1,-1,-1,1,-1
7604,140293976492912,train_oof,1,phishing,1,phishing,0.99735,0.00265,True,TP,5,-1,-1,1,-1,0,1,1,-1,0,-1
7605,106536516070203,train_oof,1,phishing,1,phishing,0.935306,0.064694,True,TP,5,-1,-1,1,-1,0,1,-1,0,-1,-1
7606,125349347620815,train_oof,0,legitimate,0,legitimate,0.076436,0.923564,True,TN,3,1,-1,-1,-1,-1,-1,1,1,0,-1
7607,50354280724660,train_oof,1,phishing,1,phishing,0.981723,0.018277,True,TP,4,1,-1,1,-1,0,1,-1,-1,-1,1
7608,75912433237090,train_oof,1,phishing,1,phishing,0.968782,0.031218,True,TP,5,1,-1,1,-1,0,1,-1,-1,0,1
7609,194067270567558,train_oof,0,legitimate,0,legitimate,0.233096,0.766904,True,TN,5,-1,-1,1,-1,-1,-1,1,0,-1,1
7610,84155369536224,train_oof,0,legitimate,0,legitimate,0.086931,0.913069,True,TN,3,1,-1,-1,-1,1,1,-1,0,0,-1
7611,178511369002163,train_oof,1,phishing,1,phishing,0.774521,0.225479,True,TP,4,-1,-1,1,-1,1,-1,1,-1,1,-1
7612,259936039175530,train_oof,1,phishing,1,phishing,0.87072,0.12928,True,TP,4,1,-1,1,-1,1,1,1,-1,0,0
7613,264578271625673,train_oof,0,legitimate,1,phishing,0.607977,0.392023,False,FP,4,-1,-1,1,-1,0,1,-1,0,0,-1
7615,2738096328780,train_oof,0,legitimate,0,legitimate,0.225649,0.774351,True,TN,5,1,-1,1,-1,1,1,-1,0,0,-1
7616,30040331872091,train_oof,0,legitimate,0,legitimate,0.031946,0.968054,True,TN,4,-1,-1,-1,-1,1,1,1,0,1,-1
7617,28452631548369,train_oof,1,phishing,1,phishing,0.800515,0.199485,True,TP,3,1,-1,1,-1,-1,1,-1,0,-1,-1
7618,243783755864418,train_oof,0,legitimate,0,legitimate,0.297482,0.702518,True,TN,2,1,-1,1,-1,1,-1,1,0,0,-1
7619,246932491962179,train_oof,0,legitimate,0,legitimate,0.095768,0.904232,True,TN,5,-1,1,1,-1,1,1,1,1,-1,0
7620,111910228582301,train_oof,0,legitimate,0,legitimate,0.033663,0.966337,True,TN,5,1,-1,-1,-1,1,1,1,1,0,-1
7621,193459994262716,train_oof,1,phishing,1,phishing,0.962476,0.037524,True,TP,1,-1,-1,1,-1,1,1,-1,-1,1,-1
7622,237249960659955,train_oof,1,phishing,1,phishing,0.564284,0.435716,True,TP,5,-1,-1,1,-1,0,1,-1,0,0,-1
7624,202354371077816,train_oof,0,legitimate,0,legitimate,0.006128,0.993872,True,TN,2,1,1,1,1,-1,1,1,1,1,-1
7625,251810958846174,train_oof,1,phishing,1,phishing,0.986679,0.013321,True,TP,5,-1,1,1,-1,0,-1,-1,-1,1,-1
7626,267948831400201,train_oof,1,phishing,0,legitimate,0.44533,0.55467,False,FN,1,-1,1,-1,-1,1,-1,-1,0,-1,-1
7627,252834041299982,train_oof,0,legitimate,0,legitimate,0.317478,0.682522,True,TN,5,1,1,1,-1,1,1,1,0,1,1
7628,145663709208807,train_oof,0,legitimate,0,legitimate,0.014642,0.985358,True,TN,3,-1,1,1,1,1,-1,1,0,-1,-1
7629,154922276042670,train_oof,0,legitimate,0,legitimate,0.049978,0.950022,True,TN,5,-1,0,-1,-1,1,1,1,0,1,0
7630,97907837131838,train_oof,0,legitimate,0,legitimate,0.363091,0.636909,True,TN,2,1,-1,-1,-1,-1,1,1,0,-1,-1
7631,95102840224022,train_oof,0,legitimate,0,legitimate,0.062812,0.937188,True,TN,4,-1,-1,-1,-1,1,-1,-1,1,1,-1
7632,192396659672492,train_oof,0,legitimate,0,legitimate,0.07998,0.92002,True,TN,3,1,-1,-1,-1,-1,1,-1,0,1,1
7633,162107050587190,train_oof,0,legitimate,0,legitimate,0.01528,0.98472,True,TN,4,-1,-1,1,1,-1,1,1,1,0,-1
7634,158265460846566,train_oof,0,legitimate,0,legitimate,0.082365,0.917635,True,TN,2,1,-1,1,-1,1,1,-1,0,0,0
7635,7330817827016,train_oof,0,legitimate,0,legitimate,0.00344,0.99656,True,TN,3,1,-1,1,1,-1,1,1,1,0,-1
7637,260234200096553,train_oof,0,legitimate,0,legitimate,0.179671,0.820329,True,TN,4,1,-1,-1,-1,1,-1,-1,0,1,-1
7638,5308726933165,train_oof,1,phishing,0,legitimate,0.142883,0.857117,False,FN,2,-1,-1,-1,-1,1,1,1,0,-1,0
7639,33196904195544,train_oof,0,legitimate,0,legitimate,0.000111,0.999889,True,TN,3,-1,-1,-1,1,1,1,1,0,0,-1
7640,238339508338511,train_oof,0,legitimate,0,legitimate,0.08207,0.91793,True,TN,1,-1,-1,-1,-1,0,1,1,0,0,0
7641,279537842744037,train_oof,0,legitimate,0,legitimate,0.006766,0.993234,True,TN,4,1,-1,1,1,-1,1,-1,0,1,-1
7642,142827037917781,train_oof,0,legitimate,0,legitimate,0.007287,0.992713,True,TN,5,1,1,1,1,0,1,1,0,0,-1
7643,64115728289248,train_oof,1,phishing,1,phishing,0.969196,0.030804,True,TP,3,1,1,1,-1,-1,1,1,-1,0,0
7644,223089638319749,train_oof,1,phishing,1,phishing,0.995273,0.004727,True,TP,1,1,-1,1,-1,0,1,-1,-1,1,-1
7646,75878928050980,train_oof,1,phishing,1,phishing,0.975872,0.024128,True,TP,3,-1,-1,1,-1,-1,1,-1,-1,-1,1
7647,147207808028221,train_oof,1,phishing,1,phishing,0.999636,0.000364,True,TP,2,-1,-1,1,-1,-1,1,-1,-1,-1,-1
7648,264295411411954,train_oof,1,phishing,1,phishing,0.799991,0.200009,True,TP,1,1,-1,1,-1,-1,1,-1,0,-1,-1
7649,87232775695888,train_oof,1,phishing,1,phishing,0.995772,0.004228,True,TP,2,-1,-1,-1,-1,0,1,-1,-1,1,-1
7651,262057409085785,train_oof,1,phishing,0,legitimate,0.091172,0.908828,False,FN,4,-1,-1,1,-1,1,1,1,0,1,-1
7652,222715507750520,train_oof,1,phishing,0,legitimate,0.111703,0.888297,False,FN,1,1,-1,1,-1,-1,1,1,0,0,1
7653,107544772925326,train_oof,0,legitimate,0,legitimate,0.000552,0.999448,True,TN,5,1,-1,1,-1,1,1,1,1,0,1
7654,135858040350012,train_oof,0,legitimate,0,legitimate,0.149378,0.850622,True,TN,1,-1,1,1,-1,-1,1,1,0,0,0
7655,107622078275593,train_oof,0,legitimate,1,phishing,0.669292,0.330708,False,FP,3,1,-1,1,-1,1,1,-1,0,-1,-1
7656,150232652611395,train_oof,0,legitimate,0,legitimate,0.066857,0.933143,True,TN,5,1,1,1,-1,1,1,1,0,0,1
7657,87562829873434,train_oof,0,legitimate,1,phishing,0.563897,0.436103,False,FP,5,1,1,1,-1,-1,1,1,0,-1,-1
7658,176366146485825,train_oof,0,legitimate,0,legitimate,0.004659,0.995341,True,TN,5,-1,-1,1,1,1,1,1,0,0,1
7660,26168836869173,train_oof,0,legitimate,0,legitimate,0.005682,0.994318,True,TN,1,1,-1,1,1,0,1,1,0,0,-1
7662,8035353261358,train_oof,0,legitimate,0,legitimate,0.398851,0.601149,True,TN,4,-1,-1,1,-1,-1,-1,1,0,0,0
7664,234916157894264,train_oof,1,phishing,1,phishing,0.994972,0.005028,True,TP,2,1,-1,1,-1,1,1,-1,-1,-1,-1
7665,89891010524987,train_oof,1,phishing,1,phishing,0.98416,0.01584,True,TP,4,-1,-1,1,-1,1,1,-1,-1,0,-1
7666,143128894441176,train_oof,0,legitimate,0,legitimate,0.009795,0.990205,True,TN,5,1,-1,1,1,1,1,1,1,-1,-1
7667,276450594699453,train_oof,0,legitimate,0,legitimate,0.004644,0.995356,True,TN,5,1,-1,1,-1,1,1,1,1,1,-1
7668,192429314731182,train_oof,0,legitimate,0,legitimate,0.033201,0.966799,True,TN,2,-1,-1,-1,-1,0,1,1,1,0,-1
7669,229452123214650,train_oof,0,legitimate,0,legitimate,0.016607,0.983393,True,TN,3,-1,-1,1,1,0,1,-1,1,1,-1
7670,229632729016037,train_oof,0,legitimate,0,legitimate,0.077581,0.922419,True,TN,4,1,-1,1,-1,0,1,1,1,0,1
7672,27202208070366,train_oof,1,phishing,1,phishing,0.998729,0.001271,True,TP,1,-1,-1,-1,-1,0,-1,-1,-1,1,-1
7673,258872791894550,train_oof,0,legitimate,0,legitimate,0.379245,0.620755,True,TN,5,1,-1,1,-1,0,1,-1,0,0,0
7674,49180663435910,train_oof,1,phishing,1,phishing,0.86608,0.13392,True,TP,4,1,-1,1,-1,1,1,-1,-1,0,0
7677,238346158165122,train_oof,1,phishing,1,phishing,0.999186,0.000814,True,TP,5,-1,-1,1,-1,0,1,-1,-1,0,-1
7678,49882892026994,train_oof,0,legitimate,0,legitimate,0.356048,0.643952,True,TN,2,-1,-1,1,-1,0,1,1,0,0,0
7679,65417857137685,train_oof,0,legitimate,0,legitimate,0.293297,0.706703,True,TN,3,-1,1,-1,-1,1,1,1,0,-1,-1
7680,80694746332288,train_oof,1,phishing,1,phishing,0.993003,0.006997,True,TP,4,-1,-1,1,-1,-1,1,1,-1,0,-1
7681,47148685018437,train_oof,1,phishing,1,phishing,0.998238,0.001762,True,TP,2,-1,1,1,-1,-1,1,1,-1,-1,-1
7682,168556137445709,train_oof,1,phishing,1,phishing,0.99995,5e-05,True,TP,2,-1,-1,1,-1,0,1,-1,-1,-1,-1
7684,82412337335988,train_oof,0,legitimate,0,legitimate,0.25221,0.74779,True,TN,1,-1,-1,-1,-1,0,1,1,0,-1,-1
7685,179027213321677,train_oof,0,legitimate,0,legitimate,0.126577,0.873423,True,TN,2,-1,-1,1,-1,0,1,1,1,0,1
7686,91531422698253,train_oof,0,legitimate,0,legitimate,0.004456,0.995544,True,TN,5,1,-1,1,-1,1,1,1,0,0,1
7687,163618063212662,train_oof,0,legitimate,0,legitimate,0.099685,0.900315,True,TN,5,1,1,1,-1,-1,1,1,0,0,0
7688,19237996948106,train_oof,0,legitimate,1,phishing,0.712054,0.287946,False,FP,1,-1,-1,1,-1,1,1,1,0,-1,-1
7689,67607242580444,train_oof,0,legitimate,0,legitimate,0.013695,0.986305,True,TN,2,-1,1,-1,1,1,1,1,0,1,-1
7691,186926820649741,train_oof,1,phishing,1,phishing,0.787728,0.212272,True,TP,5,-1,-1,1,-1,-1,1,1,0,-1,-1
7693,141086953010547,train_oof,0,legitimate,0,legitimate,0.003847,0.996153,True,TN,1,1,-1,1,-1,1,1,1,1,1,-1
7694,232715974733701,train_oof,1,phishing,1,phishing,0.971209,0.028791,True,TP,2,-1,-1,-1,-1,-1,-1,1,-1,1,-1
7695,149507260912484,train_oof,0,legitimate,0,legitimate,0.198106,0.801894,True,TN,4,1,-1,-1,-1,0,1,-1,0,1,-1
7696,157729704690812,train_oof,0,legitimate,0,legitimate,0.051135,0.948865,True,TN,5,-1,1,1,-1,1,-1,1,0,-1,0
7697,107305273189513,train_oof,1,phishing,1,phishing,0.941939,0.058061,True,TP,3,1,-1,1,-1,-1,-1,1,-1,-1,0
7698,144517294588486,train_oof,0,legitimate,0,legitimate,0.001946,0.998054,True,TN,2,1,-1,1,1,1,1,1,0,0,-1
7699,100815839040509,train_oof,0,legitimate,0,legitimate,0.095365,0.904635,True,TN,4,1,1,1,-1,0,1,1,0,1,0
7700,264762976311722,train_oof,0,legitimate,0,legitimate,0.09833,0.90167,True,TN,5,1,1,1,-1,1,1,1,0,0,-1
7701,24008170100404,train_oof,0,legitimate,0,legitimate,0.005047,0.994953,True,TN,3,-1,1,1,1,1,1,1,1,-1,-1
7703,233445719661294,train_oof,0,legitimate,0,legitimate,0.011943,0.988057,True,TN,5,-1,-1,1,1,1,1,1,0,-1,1
7704,79911310433736,train_oof,1,phishing,0,legitimate,0.305084,0.694916,False,FN,5,1,-1,1,-1,0,1,1,1,-1,-1
7705,151228987298849,train_oof,0,legitimate,0,legitimate,0.003154,0.996846,True,TN,1,-1,-1,1,1,1,-1,-1,1,1,-1
7706,234333763719291,train_oof,0,legitimate,0,legitimate,0.186836,0.813164,True,TN,1,1,-1,1,-1,1,1,1,0,1,-1
7708,266860744307341,train_oof,0,legitimate,1,phishing,0.719882,0.280118,False,FP,4,1,-1,1,-1,-1,1,1,0,-1,-1
7709,157905489958350,train_oof,1,phishing,1,phishing,0.994943,0.005057,True,TP,2,1,1,1,-1,0,1,1,-1,-1,-1
7710,73685476442887,train_oof,0,legitimate,0,legitimate,0.274516,0.725484,True,TN,2,-1,-1,1,-1,1,1,-1,0,-1,0
7712,56905530725343,train_oof,1,phishing,1,phishing,0.998085,0.001915,True,TP,2,-1,0,1,-1,0,-1,-1,-1,0,-1
7713,119783575851892,train_oof,1,phishing,1,phishing,0.997998,0.002002,True,TP,1,-1,-1,1,-1,0,1,1,-1,0,-1
7714,21957689494907,train_oof,0,legitimate,0,legitimate,0.142924,0.857076,True,TN,5,1,1,1,-1,0,1,1,0,0,-1
7715,177959047658544,train_oof,1,phishing,1,phishing,0.99995,5e-05,True,TP,2,-1,-1,1,-1,0,1,-1,-1,-1,-1
7716,156834788714642,train_oof,0,legitimate,0,legitimate,0.09585,0.90415,True,TN,2,1,1,1,-1,1,-1,1,0,0,-1
7717,166622078720112,train_oof,0,legitimate,0,legitimate,0.404956,0.595044,True,TN,5,-1,1,-1,-1,0,1,1,0,0,-1
7718,1860007809725,train_oof,0,legitimate,0,legitimate,0.448793,0.551207,True,TN,2,-1,-1,1,-1,1,1,1,0,0,-1
7719,128974970552464,train_oof,0,legitimate,0,legitimate,0.400457,0.599543,True,TN,5,1,-1,1,-1,1,1,1,0,-1,-1
7720,184456661597186,train_oof,0,legitimate,0,legitimate,0.413312,0.586688,True,TN,1,-1,1,1,-1,1,1,1,0,-1,-1
7721,245047771882656,train_oof,0,legitimate,0,legitimate,0.212324,0.787676,True,TN,2,-1,-1,1,-1,1,1,1,1,-1,-1
7723,38172023776027,train_oof,1,phishing,1,phishing,0.986177,0.013823,True,TP,5,1,-1,1,-1,1,1,-1,-1,-1,-1
7724,169933432835461,train_oof,0,legitimate,0,legitimate,0.000397,0.999603,True,TN,4,1,-1,1,1,0,1,1,1,1,-1
7725,131974177493962,train_oof,1,phishing,1,phishing,0.950064,0.049936,True,TP,2,-1,1,-1,-1,1,1,1,-1,0,0
7726,260105051453103,train_oof,0,legitimate,0,legitimate,0.004056,0.995944,True,TN,1,1,-1,1,-1,1,1,1,0,0,1
7727,233897865231343,train_oof,1,phishing,1,phishing,0.99961,0.00039,True,TP,5,-1,0,1,-1,0,1,-1,-1,-1,-1
7729,194030637334670,train_oof,0,legitimate,0,legitimate,0.356159,0.643841,True,TN,1,-1,-1,-1,-1,0,1,-1,0,-1,0
7730,211822661048114,train_oof,1,phishing,1,phishing,0.999826,0.000174,True,TP,1,-1,-1,1,-1,0,1,-1,-1,-1,-1
7732,215113192409532,train_oof,1,phishing,1,phishing,0.997414,0.002586,True,TP,4,-1,1,1,-1,0,1,1,-1,-1,-1
7733,49021514498303,train_oof,0,legitimate,0,legitimate,0.000265,0.999735,True,TN,5,-1,-1,1,1,1,1,1,1,0,-1
7734,240768772658620,train_oof,0,legitimate,0,legitimate,0.001781,0.998219,True,TN,5,1,-1,-1,1,1,1,1,0,0,-1
7735,30393503444612,train_oof,0,legitimate,0,legitimate,0.021895,0.978105,True,TN,4,-1,-1,1,1,-1,1,1,0,0,-1
7736,205243703691499,train_oof,0,legitimate,0,legitimate,0.093359,0.906641,True,TN,3,-1,-1,1,-1,-1,1,1,0,1,-1
7738,175159643987605,train_oof,1,phishing,1,phishing,0.991612,0.008388,True,TP,4,-1,-1,1,-1,0,-1,-1,-1,1,-1
7739,270862143486622,train_oof,1,phishing,1,phishing,0.988806,0.011194,True,TP,2,-1,-1,1,-1,0,-1,-1,-1,0,0
7740,259003962272091,train_oof,0,legitimate,0,legitimate,0.013647,0.986353,True,TN,5,-1,-1,1,-1,1,-1,1,1,1,-1
7741,78570432549327,train_oof,1,phishing,1,phishing,0.967289,0.032711,True,TP,3,-1,-1,1,-1,1,1,1,-1,-1,-1
7742,218774991745322,train_oof,1,phishing,0,legitimate,0.327208,0.672792,False,FN,1,1,-1,1,-1,0,1,1,0,0,-1
7743,160303916164143,train_oof,0,legitimate,0,legitimate,0.32014,0.67986,True,TN,4,-1,-1,1,-1,-1,1,-1,0,0,0
7744,217065374200705,train_oof,1,phishing,1,phishing,0.994679,0.005321,True,TP,2,1,-1,1,-1,0,1,1,-1,0,-1
7748,217399072242031,train_oof,0,legitimate,0,legitimate,0.102252,0.897748,True,TN,3,1,1,1,-1,-1,1,1,1,0,1
7749,174929687356667,train_oof,0,legitimate,0,legitimate,0.001519,0.998481,True,TN,1,1,-1,1,1,1,1,1,0,1,-1
7750,39532284439408,train_oof,0,legitimate,1,phishing,0.73271,0.26729,False,FP,5,-1,-1,1,-1,-1,1,-1,1,-1,-1
7751,159601573345573,train_oof,1,phishing,1,phishing,0.540928,0.459072,True,TP,3,-1,-1,1,-1,0,-1,1,0,0,-1
7752,32855589313218,train_oof,0,legitimate,0,legitimate,0.307422,0.692578,True,TN,2,1,-1,1,-1,0,1,1,0,0,0
7755,141200633418960,train_oof,1,phishing,1,phishing,0.99718,0.00282,True,TP,4,1,-1,1,-1,0,-1,-1,-1,0,-1
7756,206997992212423,train_oof,0,legitimate,0,legitimate,0.108767,0.891233,True,TN,2,-1,-1,-1,-1,1,1,-1,0,1,-1
7757,70955729288369,train_oof,1,phishing,1,phishing,0.92249,0.07751,True,TP,4,-1,-1,1,-1,1,1,-1,-1,0,0
7759,130765951188456,train_oof,0,legitimate,0,legitimate,0.007658,0.992342,True,TN,4,-1,1,1,1,1,1,1,1,0,-1
7760,555559222442,train_oof,0,legitimate,0,legitimate,0.007608,0.992392,True,TN,4,1,-1,1,-1,1,1,1,1,0,-1
7762,272640773439986,train_oof,0,legitimate,0,legitimate,0.156899,0.843101,True,TN,5,-1,-1,1,-1,1,1,1,0,1,-1
7763,188491710775526,train_oof,1,phishing,1,phishing,0.99805,0.00195,True,TP,4,1,-1,1,-1,0,1,-1,-1,0,-1
7765,202710532404511,train_oof,0,legitimate,0,legitimate,0.054169,0.945831,True,TN,5,1,-1,1,-1,1,1,-1,1,-1,1
7766,4494305444541,train_oof,1,phishing,1,phishing,0.998972,0.001028,True,TP,3,-1,-1,1,-1,0,1,-1,-1,0,-1
7768,131079180832101,train_oof,1,phishing,1,phishing,0.998821,0.001179,True,TP,4,-1,-1,1,-1,0,1,-1,-1,1,-1
7769,211295645523167,train_oof,1,phishing,1,phishing,0.961179,0.038821,True,TP,3,-1,-1,1,-1,0,1,-1,-1,0,1
7770,134427085582497,train_oof,1,phishing,1,phishing,0.997331,0.002669,True,TP,3,1,-1,1,-1,0,1,1,-1,-1,-1
7771,126018451234742,train_oof,0,legitimate,0,legitimate,0.127904,0.872096,True,TN,1,1,1,1,-1,-1,-1,1,0,-1,0
7772,70834280053243,train_oof,1,phishing,1,phishing,0.994659,0.005341,True,TP,5,1,-1,1,-1,0,-1,1,-1,0,-1
7773,28972311002422,train_oof,1,phishing,1,phishing,0.954096,0.045904,True,TP,1,1,-1,1,-1,0,1,1,-1,1,0
7774,162329489216687,train_oof,1,phishing,1,phishing,0.997146,0.002854,True,TP,5,1,-1,1,-1,0,1,-1,-1,0,-1
7775,2324020812793,train_oof,0,legitimate,0,legitimate,0.219995,0.780005,True,TN,2,1,-1,1,-1,0,1,-1,0,0,1
7776,95871133445213,train_oof,1,phishing,1,phishing,0.988072,0.011928,True,TP,3,-1,1,-1,-1,0,-1,1,-1,1,-1
7779,97495258184631,train_oof,0,legitimate,0,legitimate,0.148851,0.851149,True,TN,2,1,-1,1,-1,-1,1,-1,0,1,0
7780,54409342533841,train_oof,0,legitimate,0,legitimate,0.068094,0.931906,True,TN,1,-1,-1,1,-1,-1,1,1,0,1,0
7782,200340079530298,train_oof,0,legitimate,0,legitimate,0.035202,0.964798,True,TN,4,1,-1,1,1,-1,1,1,0,-1,-1
7783,18450405584743,train_oof,1,phishing,1,phishing,0.602016,0.397984,True,TP,2,-1,-1,1,-1,0,1,-1,0,1,-1
7784,277102789332698,train_oof,1,phishing,1,phishing,0.985286,0.014714,True,TP,3,-1,1,-1,-1,0,1,1,-1,-1,-1
7786,207328120013874,train_oof,1,phishing,1,phishing,0.987778,0.012222,True,TP,5,1,-1,-1,-1,0,1,-1,-1,1,-1
7787,66841305765299,train_oof,1,phishing,0,legitimate,0.109933,0.890067,False,FN,3,1,-1,1,-1,1,1,-1,1,-1,-1
7789,106886964289123,train_oof,1,phishing,1,phishing,0.956696,0.043304,True,TP,2,1,-1,1,-1,1,-1,-1,-1,-1,-1
7792,137044939766593,train_oof,1,phishing,1,phishing,0.712054,0.287946,True,TP,1,-1,-1,1,-1,1,1,1,0,-1,-1
7794,201696780494429,train_oof,0,legitimate,0,legitimate,0.023785,0.976215,True,TN,4,-1,-1,1,-1,1,1,1,1,-1,1
7796,248418980581547,train_oof,1,phishing,1,phishing,0.997944,0.002056,True,TP,2,1,-1,1,-1,0,1,-1,-1,-1,-1
7797,156094761761773,train_oof,1,phishing,1,phishing,0.654194,0.345806,True,TP,3,1,-1,1,-1,0,1,-1,0,-1,-1
7798,272485025271160,train_oof,1,phishing,1,phishing,0.852476,0.147524,True,TP,2,-1,-1,1,-1,0,1,1,0,-1,-1
7799,116781349354747,train_oof,0,legitimate,0,legitimate,0.400457,0.599543,True,TN,5,1,-1,1,-1,1,1,1,0,-1,-1
7801,119437592876401,train_oof,0,legitimate,1,phishing,0.534963,0.465037,False,FP,3,1,-1,1,-1,0,1,-1,0,-1,1
7802,46083144760511,train_oof,0,legitimate,0,legitimate,0.002666,0.997334,True,TN,3,-1,-1,-1,1,0,1,1,1,1,-1
7803,103596854857784,train_oof,1,phishing,1,phishing,0.997755,0.002245,True,TP,1,-1,-1,1,-1,0,-1,-1,-1,-1,-1
7804,1225535970526,train_oof,1,phishing,1,phishing,0.891618,0.108382,True,TP,1,-1,1,1,-1,1,-1,1,-1,0,-1
7805,5850428788601,train_oof,0,legitimate,0,legitimate,0.096581,0.903419,True,TN,1,-1,0,-1,-1,0,1,1,0,0,0
7806,73137362162957,train_oof,1,phishing,1,phishing,0.996801,0.003199,True,TP,4,-1,-1,1,-1,0,1,1,-1,0,-1
7807,242493727711992,train_oof,1,phishing,0,legitimate,0.331395,0.668605,False,FN,2,-1,-1,1,-1,-1,1,1,0,0,-1
7808,267466209857337,train_oof,1,phishing,1,phishing,0.986528,0.013472,True,TP,5,-1,-1,1,-1,1,-1,-1,-1,-1,-1
7809,255629562921852,train_oof,0,legitimate,0,legitimate,0.001501,0.998499,True,TN,2,-1,-1,-1,1,1,1,-1,0,0,-1
7810,35164515855632,train_oof,1,phishing,1,phishing,0.973609,0.026391,True,TP,2,1,-1,1,-1,-1,-1,-1,-1,0,1
7812,231134889569874,train_oof,0,legitimate,0,legitimate,0.019485,0.980515,True,TN,5,-1,-1,1,-1,1,-1,1,0,-1,1
7813,229299055394609,train_oof,0,legitimate,0,legitimate,0.050243,0.949757,True,TN,3,-1,-1,1,-1,1,-1,1,0,0,1
7816,239156794967822,train_oof,1,phishing,1,phishing,0.994575,0.005425,True,TP,1,-1,1,1,-1,-1,1,-1,-1,0,-1
7818,215366947051728,train_oof,0,legitimate,0,legitimate,0.016274,0.983726,True,TN,4,1,-1,1,-1,1,1,1,0,1,0
7819,161762727226181,train_oof,0,legitimate,1,phishing,0.904765,0.095235,False,FP,1,-1,-1,1,-1,0,1,1,0,-1,-1
7820,118097965531999,train_oof,1,phishing,1,phishing,0.655341,0.344659,True,TP,2,1,-1,1,-1,-1,1,1,0,-1,-1
7821,120683797761067,train_oof,0,legitimate,0,legitimate,0.024803,0.975197,True,TN,3,-1,-1,1,-1,1,1,-1,1,1,1
7823,208349044054552,train_oof,1,phishing,1,phishing,0.958022,0.041978,True,TP,5,-1,1,1,-1,1,1,1,-1,0,-1
7824,46083144760511,train_oof,0,legitimate,0,legitimate,0.002666,0.997334,True,TN,3,-1,-1,-1,1,0,1,1,1,1,-1
7825,120490762566229,train_oof,1,phishing,1,phishing,0.981157,0.018843,True,TP,1,1,0,1,-1,-1,-1,-1,-1,0,1
7830,163800393559516,train_oof,0,legitimate,0,legitimate,0.234731,0.765269,True,TN,1,1,-1,1,-1,1,1,-1,0,-1,0
7831,84322227568586,train_oof,1,phishing,1,phishing,0.983212,0.016788,True,TP,1,1,-1,-1,-1,-1,1,-1,-1,1,-1
7833,66603196877427,train_oof,1,phishing,1,phishing,0.997944,0.002056,True,TP,2,1,-1,1,-1,0,1,-1,-1,-1,-1
7834,112804892282937,train_oof,1,phishing,1,phishing,0.998758,0.001242,True,TP,1,-1,-1,1,-1,-1,1,-1,-1,-1,-1
7835,180006145563207,train_oof,0,legitimate,0,legitimate,0.008109,0.991891,True,TN,1,1,-1,1,-1,1,1,-1,1,0,1
7836,133692007561663,train_oof,0,legitimate,0,legitimate,0.219995,0.780005,True,TN,2,1,-1,1,-1,0,1,-1,0,0,1
7837,110621158894379,train_oof,1,phishing,1,phishing,0.998207,0.001793,True,TP,2,-1,1,1,-1,0,1,1,-1,-1,-1
7838,63020156059230,train_oof,0,legitimate,0,legitimate,0.065714,0.934286,True,TN,2,-1,-1,1,1,0,1,-1,1,-1,1
7839,28217814604071,train_oof,0,legitimate,0,legitimate,0.027225,0.972775,True,TN,5,-1,-1,1,-1,1,1,-1,1,1,1
7840,83525070164108,train_oof,0,legitimate,0,legitimate,0.163043,0.836957,True,TN,3,1,-1,1,-1,-1,1,1,1,0,-1
7841,31862385055090,train_oof,1,phishing,1,phishing,0.950021,0.049979,True,TP,1,-1,-1,-1,-1,1,1,-1,-1,1,-1
7842,58228028074811,train_oof,1,phishing,1,phishing,0.991012,0.008988,True,TP,1,-1,1,1,-1,0,1,1,-1,0,-1
7843,27717179234987,train_oof,0,legitimate,0,legitimate,0.357685,0.642315,True,TN,1,-1,-1,1,-1,-1,1,1,0,0,-1
7848,54009170092032,train_oof,0,legitimate,0,legitimate,0.085058,0.914942,True,TN,1,-1,-1,-1,-1,-1,1,-1,1,0,-1
7849,33086418166956,train_oof,0,legitimate,0,legitimate,0.074605,0.925395,True,TN,1,1,1,1,-1,0,-1,1,1,0,1
7850,225316858614549,train_oof,0,legitimate,0,legitimate,0.000334,0.999666,True,TN,4,1,-1,1,-1,1,1,1,1,0,1
7851,252834041299982,train_oof,0,legitimate,0,legitimate,0.317478,0.682522,True,TN,5,1,1,1,-1,1,1,1,0,1,1
7853,233445719661294,train_oof,0,legitimate,0,legitimate,0.011943,0.988057,True,TN,5,-1,-1,1,1,1,1,1,0,-1,1
7854,165587927074066,train_oof,1,phishing,1,phishing,0.711065,0.288935,True,TP,3,1,-1,1,-1,0,1,1,0,-1,-1
7855,38201554977886,train_oof,1,phishing,1,phishing,0.927044,0.072956,True,TP,4,-1,0,-1,-1,1,1,-1,-1,0,-1
7856,130705397790086,train_oof,1,phishing,1,phishing,0.967524,0.032476,True,TP,2,-1,-1,1,-1,0,1,1,-1,1,0
7857,148197643443624,train_oof,0,legitimate,0,legitimate,0.157779,0.842221,True,TN,1,-1,-1,1,-1,-1,-1,-1,1,1,-1
7858,170236157721091,train_oof,0,legitimate,0,legitimate,0.212628,0.787372,True,TN,4,1,-1,1,-1,1,1,1,0,0,-1
7860,218585607358826,train_oof,0,legitimate,0,legitimate,0.017842,0.982158,True,TN,4,1,-1,1,1,1,1,-1,0,1,-1
7861,194448199754508,train_oof,0,legitimate,0,legitimate,0.292591,0.707409,True,TN,4,-1,-1,1,-1,0,1,1,0,0,1
7862,165471339965466,train_oof,1,phishing,1,phishing,0.996931,0.003069,True,TP,4,-1,-1,-1,-1,0,-1,-1,-1,1,-1
7863,217289156146183,train_oof,0,legitimate,0,legitimate,0.027202,0.972798,True,TN,5,1,1,-1,1,0,1,1,1,1,-1
7865,267332900362766,train_oof,0,legitimate,0,legitimate,0.110768,0.889232,True,TN,5,-1,-1,1,-1,-1,1,1,0,1,-1
7866,195966187167764,train_oof,1,phishing,1,phishing,0.997146,0.002854,True,TP,5,1,-1,1,-1,0,1,-1,-1,0,-1
7867,66972116954180,train_oof,0,legitimate,0,legitimate,0.117413,0.882587,True,TN,5,1,-1,1,-1,1,1,1,1,-1,-1
7868,217065374200705,train_oof,1,phishing,1,phishing,0.994679,0.005321,True,TP,2,1,-1,1,-1,0,1,1,-1,0,-1
7869,45166617222580,train_oof,1,phishing,1,phishing,0.802671,0.197329,True,TP,4,-1,1,1,-1,0,1,-1,0,-1,-1
7870,121017381791450,train_oof,0,legitimate,0,legitimate,0.125816,0.874184,True,TN,3,1,1,1,-1,1,1,1,1,1,-1
7871,152135860963174,train_oof,0,legitimate,0,legitimate,7e-06,0.999993,True,TN,4,1,-1,1,1,1,1,1,1,1,-1
7872,235514896226711,train_oof,0,legitimate,0,legitimate,0.135288,0.864712,True,TN,1,1,-1,1,-1,-1,1,1,1,0,0
7873,200726596549640,train_oof,1,phishing,1,phishing,0.998113,0.001887,True,TP,3,-1,-1,1,-1,0,1,1,-1,0,-1
7874,188491710775526,train_oof,1,phishing,1,phishing,0.99805,0.00195,True,TP,4,1,-1,1,-1,0,1,-1,-1,0,-1
7875,258941526323646,train_oof,1,phishing,1,phishing,0.988056,0.011944,True,TP,5,-1,-1,1,-1,1,1,-1,-1,0,-1
7877,249795451235016,train_oof,1,phishing,1,phishing,0.866948,0.133052,True,TP,4,-1,-1,1,-1,0,1,1,0,-1,-1
7879,19892215205361,train_oof,1,phishing,1,phishing,0.838623,0.161377,True,TP,1,1,0,1,-1,0,1,-1,0,-1,-1
7881,181835404015859,train_oof,1,phishing,1,phishing,0.995902,0.004098,True,TP,5,-1,-1,1,-1,0,-1,-1,-1,1,-1
7882,145051133634812,train_oof,0,legitimate,0,legitimate,0.147593,0.852407,True,TN,4,-1,-1,1,-1,-1,1,-1,0,1,1
7884,182186885690270,train_oof,0,legitimate,0,legitimate,0.027613,0.972387,True,TN,1,-1,-1,1,-1,1,-1,-1,0,1,1
7887,169404889468492,train_oof,1,phishing,1,phishing,0.561333,0.438667,True,TP,5,-1,-1,1,-1,0,1,1,0,0,-1
7889,272124283012330,train_oof,1,phishing,1,phishing,0.861067,0.138933,True,TP,4,1,-1,-1,-1,1,1,-1,-1,1,0
7890,91381837272944,train_oof,0,legitimate,0,legitimate,0.157081,0.842919,True,TN,3,-1,1,-1,-1,1,1,1,1,-1,1
7892,240721525370421,train_oof,0,legitimate,0,legitimate,0.265022,0.734978,True,TN,5,1,1,1,-1,-1,1,1,0,1,-1
7893,32358478072760,train_oof,0,legitimate,0,legitimate,0.166804,0.833196,True,TN,5,1,1,1,-1,1,-1,-1,0,0,-1
7894,120661920912158,train_oof,0,legitimate,0,legitimate,0.123077,0.876923,True,TN,5,-1,-1,1,-1,1,1,-1,0,0,0
7895,141867061561573,train_oof,0,legitimate,0,legitimate,0.013055,0.986945,True,TN,2,1,1,1,1,1,1,-1,1,1,-1
7897,203224756595133,train_oof,0,legitimate,0,legitimate,0.156767,0.843233,True,TN,1,-1,1,-1,-1,1,1,1,1,-1,-1
7898,65986403396731,train_oof,0,legitimate,0,legitimate,0.003036,0.996964,True,TN,5,-1,-1,-1,1,1,1,1,1,0,1
7899,123520540604592,train_oof,1,phishing,1,phishing,0.998816,0.001184,True,TP,4,-1,-1,1,-1,0,1,1,-1,-1,-1
7900,196470380442479,train_oof,0,legitimate,0,legitimate,0.186836,0.813164,True,TN,1,1,-1,1,-1,1,1,1,0,1,-1
7902,129472484192105,train_oof,0,legitimate,0,legitimate,0.040327,0.959673,True,TN,1,-1,1,1,1,1,-1,-1,0,-1,1
7903,24508609150007,train_oof,0,legitimate,0,legitimate,0.045,0.955,True,TN,2,1,-1,1,-1,1,1,1,0,-1,1
7904,145706994731977,train_oof,1,phishing,1,phishing,0.995079,0.004921,True,TP,3,1,-1,1,-1,0,-1,1,-1,0,-1
7905,47590466491600,train_oof,1,phishing,1,phishing,0.526512,0.473488,True,TP,4,-1,-1,1,-1,0,1,1,0,0,-1
7906,56372155294190,train_oof,0,legitimate,0,legitimate,0.437852,0.562148,True,TN,3,1,-1,1,-1,0,1,1,0,-1,1
7907,52584219291805,train_oof,1,phishing,1,phishing,0.926663,0.073337,True,TP,2,-1,-1,1,-1,1,1,1,-1,-1,0
7908,160109614285139,train_oof,0,legitimate,0,legitimate,0.054198,0.945802,True,TN,3,1,-1,1,-1,0,1,1,0,1,1
7909,48595329572411,train_oof,0,legitimate,0,legitimate,0.303242,0.696758,True,TN,4,-1,-1,1,-1,-1,1,-1,0,0,1
7910,78570432549327,train_oof,1,phishing,1,phishing,0.967289,0.032711,True,TP,3,-1,-1,1,-1,1,1,1,-1,-1,-1
7911,232347890407780,train_oof,0,legitimate,0,legitimate,0.000868,0.999132,True,TN,4,1,-1,1,-1,1,1,1,1,1,1
7912,198711384892886,train_oof,0,legitimate,0,legitimate,0.027742,0.972258,True,TN,5,1,-1,1,-1,1,1,1,0,0,0
7913,42997803478138,train_oof,0,legitimate,0,legitimate,0.001818,0.998182,True,TN,4,1,-1,1,1,1,1,1,1,-1,1
7914,111787937310324,train_oof,1,phishing,1,phishing,0.987299,0.012701,True,TP,5,1,-1,1,-1,1,1,-1,-1,0,-1
7915,34133957877616,train_oof,1,phishing,1,phishing,0.994072,0.005928,True,TP,2,-1,-1,1,-1,0,-1,1,-1,0,-1
7916,127873272460713,train_oof,0,legitimate,0,legitimate,0.005353,0.994647,True,TN,3,1,-1,1,-1,1,1,1,1,1,-1
7917,211281282514273,train_oof,1,phishing,0,legitimate,0.342279,0.657721,False,FN,2,-1,1,1,-1,1,1,1,0,0,-1
7918,140537793800989,train_oof,1,phishing,1,phishing,0.994437,0.005563,True,TP,3,1,1,1,-1,0,1,1,-1,-1,-1
7919,53709829265407,train_oof,0,legitimate,0,legitimate,0.21151,0.78849,True,TN,2,-1,-1,-1,-1,0,1,1,0,-1,1
7920,244510337270502,train_oof,0,legitimate,0,legitimate,0.000218,0.999782,True,TN,3,1,-1,1,1,-1,1,1,1,1,-1
7921,269110519508460,train_oof,0,legitimate,0,legitimate,0.015475,0.984525,True,TN,3,1,-1,1,-1,1,-1,1,1,-1,1
7922,250534005788138,train_oof,0,legitimate,0,legitimate,0.051952,0.948048,True,TN,2,-1,-1,-1,-1,1,1,1,0,1,-1
7923,160431978351279,train_oof,1,phishing,1,phishing,0.874513,0.125487,True,TP,3,-1,-1,1,-1,0,1,-1,0,-1,-1
7924,219439593230899,train_oof,1,phishing,0,legitimate,0.437852,0.562148,False,FN,3,1,-1,1,-1,0,1,1,0,-1,1
7925,46207552233173,train_oof,1,phishing,0,legitimate,0.379817,0.620183,False,FN,2,1,-1,1,-1,1,1,1,0,-1,-1
7926,222480587422789,train_oof,1,phishing,1,phishing,0.997934,0.002066,True,TP,4,1,-1,1,-1,0,1,1,-1,-1,-1
7928,254864112746463,train_oof,1,phishing,1,phishing,0.997241,0.002759,True,TP,3,-1,1,1,-1,0,1,1,-1,0,-1
7929,269701862767050,train_oof,0,legitimate,0,legitimate,0.008768,0.991232,True,TN,4,1,-1,1,1,1,-1,-1,1,-1,-1
7930,9772344317553,train_oof,0,legitimate,0,legitimate,0.000682,0.999318,True,TN,2,-1,-1,-1,1,1,1,1,1,1,-1
7931,25588601044849,train_oof,0,legitimate,0,legitimate,0.189647,0.810353,True,TN,1,1,-1,1,-1,-1,1,1,1,0,-1
7932,210195965650664,train_oof,0,legitimate,1,phishing,0.91472,0.08528,False,FP,1,-1,-1,1,-1,0,1,-1,0,-1,-1
7933,32848904193343,train_oof,0,legitimate,0,legitimate,0.132798,0.867202,True,TN,3,1,-1,1,-1,0,1,1,0,1,-1
7934,44137521500404,train_oof,1,phishing,1,phishing,0.925829,0.074171,True,TP,3,-1,-1,1,-1,1,1,-1,-1,-1,0
7935,63280542848148,train_oof,0,legitimate,0,legitimate,0.342738,0.657262,True,TN,4,1,-1,1,-1,0,1,-1,0,0,0
7937,64587230707400,train_oof,1,phishing,1,phishing,0.990765,0.009235,True,TP,4,-1,1,1,-1,0,1,1,-1,0,-1
7940,51984884525151,train_oof,1,phishing,1,phishing,0.999957,4.3e-05,True,TP,4,-1,-1,1,-1,0,1,-1,-1,-1,-1
7941,62923289991034,train_oof,0,legitimate,0,legitimate,0.061653,0.938347,True,TN,3,1,1,1,-1,0,1,1,1,1,1
7942,94526206283562,train_oof,1,phishing,1,phishing,0.781098,0.218902,True,TP,5,-1,-1,1,-1,0,-1,1,0,-1,-1
7943,52260867526306,train_oof,0,legitimate,0,legitimate,0.066168,0.933832,True,TN,1,-1,-1,-1,-1,0,1,1,0,0,-1
7944,59269569560933,train_oof,1,phishing,1,phishing,0.995608,0.004392,True,TP,3,-1,-1,-1,-1,0,-1,1,-1,1,-1
7945,205602300273306,train_oof,0,legitimate,0,legitimate,0.01332,0.98668,True,TN,1,1,1,1,1,1,1,1,0,1,-1
7946,223309885354501,train_oof,1,phishing,1,phishing,0.997441,0.002559,True,TP,5,1,-1,1,-1,0,1,1,-1,-1,-1
7947,208086985644297,train_oof,0,legitimate,0,legitimate,0.050952,0.949048,True,TN,5,-1,-1,1,-1,1,1,-1,0,1,0
7948,248580180484228,train_oof,1,phishing,1,phishing,0.997182,0.002818,True,TP,5,-1,-1,1,-1,0,1,-1,-1,1,-1
7949,1051117022947,train_oof,1,phishing,1,phishing,0.984219,0.015781,True,TP,3,-1,1,-1,-1,0,1,1,-1,1,0
7950,60776318669438,train_oof,0,legitimate,0,legitimate,0.012385,0.987615,True,TN,1,-1,1,-1,1,1,1,-1,0,1,-1
7951,156601270407967,train_oof,0,legitimate,0,legitimate,0.002135,0.997865,True,TN,2,-1,-1,-1,1,0,1,1,0,0,-1
7952,276520939644485,train_oof,0,legitimate,0,legitimate,0.372771,0.627229,True,TN,3,-1,1,1,-1,0,1,1,0,0,-1
7953,249592767578570,train_oof,0,legitimate,0,legitimate,0.014232,0.985768,True,TN,2,-1,-1,-1,-1,1,1,1,0,1,1
7954,248847629327651,train_oof,0,legitimate,1,phishing,0.526512,0.473488,False,FP,4,-1,-1,1,-1,0,1,1,0,0,-1
7955,76054498919535,train_oof,1,phishing,1,phishing,0.998351,0.001649,True,TP,2,-1,-1,1,-1,0,1,1,-1,-1,-1
7956,21742284687126,train_oof,1,phishing,1,phishing,0.711065,0.288935,True,TP,3,1,-1,1,-1,0,1,1,0,-1,-1
7957,253364228458187,train_oof,0,legitimate,0,legitimate,0.242388,0.757612,True,TN,5,1,-1,-1,-1,0,1,1,0,-1,1
7958,272744919790221,train_oof,0,legitimate,0,legitimate,0.016626,0.983374,True,TN,3,1,-1,1,1,0,1,1,1,-1,-1
7959,48729161964308,train_oof,0,legitimate,0,legitimate,0.020069,0.979931,True,TN,3,-1,-1,1,-1,1,1,-1,0,1,1
7960,25911058448205,train_oof,1,phishing,1,phishing,0.997182,0.002818,True,TP,5,-1,-1,1,-1,0,1,-1,-1,1,-1
7962,63257525863034,train_oof,1,phishing,1,phishing,0.997418,0.002582,True,TP,2,-1,-1,1,-1,0,1,1,-1,0,-1
7963,231134889569874,train_oof,0,legitimate,0,legitimate,0.019485,0.980515,True,TN,5,-1,-1,1,-1,1,-1,1,0,-1,1
7964,141973189322950,train_oof,0,legitimate,1,phishing,0.658153,0.341847,False,FP,2,-1,-1,1,-1,0,1,1,0,-1,0
7965,275588054540125,train_oof,0,legitimate,0,legitimate,0.141555,0.858445,True,TN,4,-1,1,1,-1,1,-1,1,0,1,-1
7966,145834524337414,train_oof,0,legitimate,0,legitimate,0.070036,0.929964,True,TN,4,-1,-1,1,-1,1,1,1,0,-1,1
7967,142506493921459,train_oof,1,phishing,1,phishing,0.998972,0.001028,True,TP,3,-1,-1,1,-1,0,1,-1,-1,0,-1
7968,170236157721091,train_oof,0,legitimate,0,legitimate,0.212628,0.787372,True,TN,4,1,-1,1,-1,1,1,1,0,0,-1
7969,274086279057509,train_oof,1,phishing,1,phishing,0.61656,0.38344,True,TP,2,1,-1,1,-1,0,1,-1,0,-1,-1
7970,228636332285059,train_oof,1,phishing,0,legitimate,0.35421,0.64579,False,FN,2,-1,-1,1,-1,0,-1,1,0,0,1
7971,140537793800989,train_oof,1,phishing,1,phishing,0.994437,0.005563,True,TP,3,1,1,1,-1,0,1,1,-1,-1,-1
7976,158612317941028,train_oof,1,phishing,1,phishing,0.985103,0.014897,True,TP,1,1,-1,1,-1,1,1,-1,-1,-1,-1
7979,170166050657488,train_oof,1,phishing,1,phishing,0.684331,0.315669,True,TP,5,1,-1,1,-1,0,1,1,0,-1,-1
7982,62024518103424,train_oof,0,legitimate,0,legitimate,0.330237,0.669763,True,TN,2,-1,-1,1,-1,-1,1,-1,0,1,-1
7983,55115500731943,train_oof,0,legitimate,0,legitimate,0.128766,0.871234,True,TN,1,1,-1,1,-1,-1,1,-1,0,1,0
7986,226579581935353,train_oof,0,legitimate,0,legitimate,0.100823,0.899177,True,TN,4,1,-1,-1,-1,1,1,1,0,1,-1
7987,194174930426662,train_oof,0,legitimate,0,legitimate,0.278084,0.721916,True,TN,4,-1,-1,1,-1,-1,1,1,0,0,1
7988,167485061319014,train_oof,1,phishing,1,phishing,0.935306,0.064694,True,TP,5,-1,-1,1,-1,0,1,-1,0,-1,-1
7989,72661709848703,train_oof,1,phishing,1,phishing,0.991548,0.008452,True,TP,5,-1,-1,1,-1,1,1,-1,-1,-1,-1
7990,192975246019142,train_oof,1,phishing,0,legitimate,0.3894,0.6106,False,FN,4,-1,-1,1,-1,1,1,1,0,0,-1
7991,27151061504182,train_oof,1,phishing,1,phishing,0.526512,0.473488,True,TP,4,-1,-1,1,-1,0,1,1,0,0,-1
7992,187247875464805,train_oof,1,phishing,1,phishing,0.989576,0.010424,True,TP,1,1,-1,1,-1,0,1,-1,-1,-1,0
7993,4992248574496,train_oof,0,legitimate,0,legitimate,0.3657,0.6343,True,TN,2,-1,-1,1,-1,-1,1,-1,0,0,0
7994,127653607657612,train_oof,1,phishing,1,phishing,0.526512,0.473488,True,TP,4,-1,-1,1,-1,0,1,1,0,0,-1
7995,198996420511980,train_oof,1,phishing,1,phishing,0.53712,0.46288,True,TP,1,1,-1,1,-1,-1,1,1,0,0,-1
7997,161029596686694,train_oof,1,phishing,1,phishing,0.995927,0.004073,True,TP,3,-1,-1,1,-1,-1,-1,-1,-1,-1,-1
7998,40772517809195,train_oof,0,legitimate,0,legitimate,0.00014,0.99986,True,TN,2,-1,-1,-1,1,1,1,1,0,0,-1
7999,69998543241965,train_oof,1,phishing,1,phishing,0.993959,0.006041,True,TP,5,-1,1,1,-1,-1,1,1,-1,0,-1
8000,168050432719703,train_oof,0,legitimate,0,legitimate,0.158144,0.841856,True,TN,1,1,1,1,-1,1,1,1,0,1,-1
8002,125141019701651,train_oof,1,phishing,1,phishing,0.994798,0.005202,True,TP,4,-1,1,1,-1,-1,1,-1,-1,0,-1
8003,170334003114144,train_oof,1,phishing,1,phishing,0.993646,0.006354,True,TP,5,-1,-1,1,-1,-1,-1,-1,-1,0,-1
8004,14035380943530,train_oof,1,phishing,1,phishing,0.958022,0.041978,True,TP,5,-1,1,1,-1,1,1,1,-1,0,-1
8007,198044606680535,train_oof,1,phishing,1,phishing,0.993389,0.006611,True,TP,2,1,-1,1,-1,1,1,-1,-1,0,-1
8008,107449349076163,train_oof,1,phishing,1,phishing,0.993937,0.006063,True,TP,4,-1,1,1,-1,-1,1,1,-1,0,-1
8010,204522442546878,train_oof,0,legitimate,0,legitimate,0.001593,0.998407,True,TN,2,1,-1,1,1,1,1,-1,1,1,-1
8011,221108909914423,train_oof,0,legitimate,0,legitimate,0.013282,0.986718,True,TN,4,1,-1,1,-1,1,1,-1,0,0,1
8013,126018451234742,train_oof,0,legitimate,0,legitimate,0.127904,0.872096,True,TN,1,1,1,1,-1,-1,-1,1,0,-1,0
8014,41881922238211,train_oof,0,legitimate,0,legitimate,0.262816,0.737184,True,TN,2,-1,-1,-1,-1,-1,1,-1,1,-1,-1
8015,196777516945857,train_oof,0,legitimate,0,legitimate,0.011116,0.988884,True,TN,2,-1,1,1,1,0,1,1,1,0,-1
8017,172088454432736,train_oof,0,legitimate,0,legitimate,0.006308,0.993692,True,TN,2,1,1,1,1,-1,1,1,0,0,1
8018,257043157496687,train_oof,0,legitimate,0,legitimate,0.036633,0.963367,True,TN,3,-1,-1,-1,1,0,1,1,0,-1,-1
8019,20616068497206,train_oof,0,legitimate,0,legitimate,0.454201,0.545799,True,TN,5,-1,-1,1,-1,-1,1,1,0,-1,1
8020,223404349937234,train_oof,0,legitimate,0,legitimate,0.013021,0.986979,True,TN,3,-1,-1,1,-1,1,-1,1,0,1,1
8022,221722426697998,train_oof,0,legitimate,0,legitimate,0.047123,0.952877,True,TN,3,1,-1,1,-1,0,1,1,1,0,-1
8024,204941629891202,train_oof,0,legitimate,0,legitimate,0.297482,0.702518,True,TN,2,1,-1,1,-1,1,-1,1,0,0,-1
8025,115010285761031,train_oof,0,legitimate,0,legitimate,0.155487,0.844513,True,TN,1,1,1,1,-1,1,1,-1,0,-1,1
8026,263368264559313,train_oof,1,phishing,1,phishing,0.971985,0.028015,True,TP,1,-1,-1,-1,-1,-1,1,1,-1,1,0
8027,235903248178672,train_oof,0,legitimate,0,legitimate,0.153572,0.846428,True,TN,5,1,1,1,-1,0,1,1,0,0,0
8028,86244308622801,train_oof,1,phishing,1,phishing,0.985928,0.014072,True,TP,2,1,-1,1,-1,1,1,-1,-1,1,-1
8029,106946708637496,train_oof,1,phishing,0,legitimate,0.307422,0.692578,False,FN,2,1,-1,1,-1,0,1,1,0,0,0
8031,156834788714642,train_oof,0,legitimate,0,legitimate,0.09585,0.90415,True,TN,2,1,1,1,-1,1,-1,1,0,0,-1
8032,72398447846452,train_oof,0,legitimate,0,legitimate,0.011274,0.988726,True,TN,4,-1,-1,1,1,1,-1,1,0,0,-1
8034,264027073274630,train_oof,1,phishing,1,phishing,0.996158,0.003842,True,TP,5,-1,1,1,-1,0,1,-1,-1,0,-1
8035,34306848660393,train_oof,0,legitimate,0,legitimate,0.308633,0.691367,True,TN,4,-1,1,1,-1,0,-1,1,0,0,-1
8038,192277895768295,train_oof,1,phishing,1,phishing,0.61656,0.38344,True,TP,2,1,-1,1,-1,0,1,-1,0,-1,-1
8039,253076738293920,train_oof,0,legitimate,0,legitimate,0.010349,0.989651,True,TN,1,1,-1,1,1,0,1,1,0,0,1
8042,149567696640346,train_oof,1,phishing,1,phishing,0.995608,0.004392,True,TP,3,-1,-1,-1,-1,0,-1,1,-1,1,-1
8043,146561504255272,train_oof,0,legitimate,0,legitimate,0.209388,0.790612,True,TN,2,1,1,1,-1,0,1,1,1,-1,1
8044,22843529578884,train_oof,0,legitimate,0,legitimate,0.075238,0.924762,True,TN,3,-1,-1,-1,-1,0,1,-1,0,1,1
8045,157786753252447,train_oof,0,legitimate,0,legitimate,0.091822,0.908178,True,TN,5,-1,-1,1,-1,1,-1,1,0,-1,0
8046,130710442102811,train_oof,1,phishing,1,phishing,0.612906,0.387094,True,TP,4,-1,-1,1,-1,1,1,-1,0,0,-1
8047,87232775695888,train_oof,1,phishing,1,phishing,0.995772,0.004228,True,TP,2,-1,-1,-1,-1,0,1,-1,-1,1,-1
8048,157729704690812,train_oof,0,legitimate,0,legitimate,0.051135,0.948865,True,TN,5,-1,1,1,-1,1,-1,1,0,-1,0
8049,256149584608126,train_oof,0,legitimate,0,legitimate,0.432337,0.567663,True,TN,4,1,-1,1,-1,1,1,1,0,-1,-1
8050,101486203722276,train_oof,0,legitimate,0,legitimate,0.022828,0.977172,True,TN,2,-1,-1,1,-1,1,-1,1,1,1,-1
8051,222241141102232,train_oof,0,legitimate,0,legitimate,0.223328,0.776672,True,TN,3,-1,-1,-1,-1,0,1,1,0,-1,1
8052,100684357228852,train_oof,0,legitimate,0,legitimate,0.106643,0.893357,True,TN,1,1,-1,1,-1,0,1,1,0,0,1
8053,90753531999366,train_oof,0,legitimate,0,legitimate,0.238496,0.761504,True,TN,3,1,1,1,-1,1,1,1,0,-1,-1
8055,28891065485822,train_oof,0,legitimate,0,legitimate,0.171835,0.828165,True,TN,2,-1,-1,1,-1,1,1,1,0,-1,0
8056,40389963375373,train_oof,0,legitimate,0,legitimate,0.120565,0.879435,True,TN,5,-1,-1,-1,-1,0,1,-1,0,1,-1
8057,220992966001290,train_oof,0,legitimate,0,legitimate,0.040039,0.959961,True,TN,5,-1,1,1,-1,1,-1,1,0,1,0
8058,146561504255272,train_oof,0,legitimate,0,legitimate,0.209388,0.790612,True,TN,2,1,1,1,-1,0,1,1,1,-1,1
8059,176446024020356,train_oof,0,legitimate,0,legitimate,0.218939,0.781061,True,TN,3,1,1,1,-1,-1,1,1,0,1,-1
8060,148780325719061,train_oof,0,legitimate,0,legitimate,0.00069,0.99931,True,TN,5,-1,-1,1,1,1,1,1,1,1,-1
8061,170506307194081,train_oof,1,phishing,1,phishing,0.562813,0.437187,True,TP,1,-1,-1,1,-1,1,1,-1,0,0,-1
8062,66972116954180,train_oof,0,legitimate,0,legitimate,0.117413,0.882587,True,TN,5,1,-1,1,-1,1,1,1,1,-1,-1
8063,241747845632085,train_oof,1,phishing,1,phishing,0.994679,0.005321,True,TP,2,1,-1,1,-1,0,1,1,-1,0,-1
8064,81617829885909,train_oof,0,legitimate,0,legitimate,0.105118,0.894882,True,TN,4,1,1,1,-1,1,-1,1,0,1,-1
8065,241697381788741,train_oof,1,phishing,1,phishing,0.855984,0.144016,True,TP,3,-1,-1,1,-1,0,1,1,0,-1,-1
8066,78283329050583,train_oof,0,legitimate,0,legitimate,0.028577,0.971423,True,TN,5,-1,-1,-1,-1,1,1,1,1,1,-1
8068,81657372416707,train_oof,0,legitimate,1,phishing,0.712054,0.287946,False,FP,1,-1,-1,1,-1,1,1,1,0,-1,-1
8070,260105051453103,train_oof,0,legitimate,0,legitimate,0.004056,0.995944,True,TN,1,1,-1,1,-1,1,1,1,0,0,1
8071,230459804024404,train_oof,1,phishing,0,legitimate,0.45634,0.54366,False,FN,5,1,-1,1,-1,0,1,-1,0,-1,1
8072,170074702564393,train_oof,1,phishing,1,phishing,0.701071,0.298929,True,TP,4,1,-1,1,-1,0,1,1,0,-1,-1
8073,180250618832569,train_oof,1,phishing,1,phishing,0.981222,0.018778,True,TP,5,-1,1,1,-1,1,1,-1,-1,-1,-1
8074,208308523075746,train_oof,1,phishing,0,legitimate,0.223096,0.776904,False,FN,5,-1,-1,1,-1,0,1,1,0,1,-1
8075,205711737613543,train_oof,0,legitimate,1,phishing,0.706438,0.293562,False,FP,1,-1,-1,1,-1,-1,1,-1,0,-1,1
8076,169607847629186,train_oof,0,legitimate,0,legitimate,0.150502,0.849498,True,TN,4,1,-1,1,-1,1,1,-1,0,-1,1
8077,64447221267869,train_oof,1,phishing,0,legitimate,0.397364,0.602636,False,FN,1,1,-1,1,-1,0,1,1,1,-1,-1
8078,80811512431142,train_oof,1,phishing,1,phishing,0.998351,0.001649,True,TP,2,-1,-1,1,-1,0,1,1,-1,-1,-1
8079,158058986862345,train_oof,1,phishing,1,phishing,0.99805,0.00195,True,TP,4,1,-1,1,-1,0,1,-1,-1,0,-1
8080,247146653973311,train_oof,1,phishing,1,phishing,0.889799,0.110201,True,TP,4,-1,-1,1,-1,0,1,-1,0,-1,-1
8081,233205914522203,train_oof,0,legitimate,0,legitimate,0.073596,0.926404,True,TN,2,1,-1,1,-1,1,1,-1,0,-1,1
8082,251037995893046,train_oof,0,legitimate,0,legitimate,0.146193,0.853807,True,TN,3,1,-1,1,-1,1,1,1,0,-1,0
8083,75392738129369,train_oof,1,phishing,1,phishing,0.991244,0.008756,True,TP,2,-1,1,1,-1,0,1,1,-1,1,-1
8085,24497993610849,train_oof,1,phishing,1,phishing,0.996698,0.003302,True,TP,2,-1,-1,1,-1,0,1,-1,-1,1,-1
8086,220879144314379,train_oof,1,phishing,1,phishing,0.98293,0.01707,True,TP,5,1,-1,1,-1,1,1,1,-1,-1,-1
8088,78373814017810,train_oof,1,phishing,1,phishing,0.996521,0.003479,True,TP,5,-1,1,1,-1,0,1,1,-1,-1,-1
8089,95673833443583,train_oof,0,legitimate,1,phishing,0.586441,0.413559,False,FP,2,1,-1,1,-1,-1,1,-1,0,0,-1
8090,192653012951039,train_oof,0,legitimate,0,legitimate,0.164354,0.835646,True,TN,5,-1,1,1,-1,1,1,1,1,1,-1
8091,269701862767050,train_oof,0,legitimate,0,legitimate,0.008768,0.991232,True,TN,4,1,-1,1,1,1,-1,-1,1,-1,-1
8092,102128882817808,train_oof,1,phishing,1,phishing,0.990797,0.009203,True,TP,3,1,-1,1,-1,0,1,1,-1,1,-1
8093,131812135678188,train_oof,0,legitimate,0,legitimate,0.000664,0.999336,True,TN,2,1,-1,1,-1,1,1,1,1,0,1
8094,245006586941589,train_oof,1,phishing,1,phishing,0.976667,0.023333,True,TP,2,1,-1,1,-1,0,1,1,-1,0,0
8095,174627716987809,train_oof,0,legitimate,0,legitimate,0.042683,0.957317,True,TN,4,-1,-1,1,1,1,1,-1,1,-1,-1
8096,166867131764224,train_oof,1,phishing,1,phishing,0.935306,0.064694,True,TP,5,-1,-1,1,-1,0,1,-1,0,-1,-1
8097,43940772178055,train_oof,1,phishing,1,phishing,0.999106,0.000894,True,TP,5,1,-1,1,-1,0,1,-1,-1,-1,-1
8098,155656610150694,train_oof,0,legitimate,0,legitimate,0.001335,0.998665,True,TN,1,1,-1,1,-1,1,1,-1,1,1,1
8099,113578138703280,train_oof,0,legitimate,0,legitimate,0.036795,0.963205,True,TN,3,-1,-1,1,-1,1,1,-1,0,1,0
8100,43005185181768,train_oof,0,legitimate,0,legitimate,0.379655,0.620345,True,TN,1,1,1,1,-1,-1,1,1,0,-1,0
8102,166965355310885,train_oof,0,legitimate,0,legitimate,0.219605,0.780395,True,TN,3,1,1,1,-1,-1,1,1,0,0,0
8103,234893715079291,train_oof,1,phishing,1,phishing,0.983427,0.016573,True,TP,2,1,-1,-1,-1,0,1,-1,-1,1,-1
8105,166012901269394,train_oof,1,phishing,1,phishing,0.99821,0.00179,True,TP,3,-1,-1,1,-1,0,1,1,-1,-1,-1
8106,50512073570648,train_oof,0,legitimate,0,legitimate,0.000937,0.999063,True,TN,3,1,-1,1,1,0,1,1,1,0,-1
8107,105810066690037,train_oof,1,phishing,0,legitimate,0.394164,0.605836,False,FN,1,1,-1,1,-1,0,-1,-1,0,0,0
8109,64615031478119,train_oof,1,phishing,1,phishing,0.925829,0.074171,True,TP,3,-1,-1,1,-1,1,1,-1,-1,-1,0
8110,248304854121211,train_oof,0,legitimate,0,legitimate,0.027133,0.972867,True,TN,4,1,-1,1,1,-1,1,1,1,-1,-1
8111,149323983944048,train_oof,0,legitimate,0,legitimate,0.370992,0.629008,True,TN,5,1,-1,1,-1,0,1,1,0,0,-1
8112,65702658702567,train_oof,0,legitimate,0,legitimate,0.14953,0.85047,True,TN,5,1,-1,1,-1,0,1,1,0,0,1
8114,104787468211705,train_oof,1,phishing,0,legitimate,0.2061,0.7939,False,FN,4,-1,-1,1,-1,1,1,-1,0,-1,0
8115,133943999560521,train_oof,0,legitimate,0,legitimate,0.096421,0.903579,True,TN,5,-1,1,1,-1,1,-1,1,0,1,-1
8117,74100527291043,train_oof,0,legitimate,0,legitimate,1.9e-05,0.999981,True,TN,4,1,-1,1,1,1,1,1,1,0,-1
8118,274642349480042,train_oof,0,legitimate,0,legitimate,0.068166,0.931834,True,TN,2,1,-1,1,-1,0,1,1,1,0,-1
8119,243949299836367,train_oof,1,phishing,1,phishing,0.855984,0.144016,True,TP,3,-1,-1,1,-1,0,1,1,0,-1,-1
8120,205951840019806,train_oof,1,phishing,1,phishing,0.987141,0.012859,True,TP,3,-1,-1,1,-1,1,-1,-1,-1,-1,-1
8121,30122940062398,train_oof,0,legitimate,0,legitimate,0.099685,0.900315,True,TN,5,1,1,1,-1,-1,1,1,0,0,0
8122,28217814604071,train_oof,0,legitimate,0,legitimate,0.027225,0.972775,True,TN,5,-1,-1,1,-1,1,1,-1,1,1,1
8123,163939208279539,train_oof,0,legitimate,1,phishing,0.758443,0.241557,False,FP,1,1,-1,1,-1,-1,1,1,0,-1,-1
8124,97495258184631,train_oof,0,legitimate,0,legitimate,0.148851,0.851149,True,TN,2,1,-1,1,-1,-1,1,-1,0,1,0
8125,14945362321662,train_oof,1,phishing,1,phishing,0.992724,0.007276,True,TP,1,-1,-1,1,-1,1,-1,-1,-1,-1,-1
8126,247672942034488,train_oof,1,phishing,1,phishing,0.889799,0.110201,True,TP,4,-1,-1,1,-1,0,1,-1,0,-1,-1
8127,57395738071071,train_oof,0,legitimate,0,legitimate,0.206703,0.793297,True,TN,4,-1,-1,1,-1,1,1,-1,1,0,-1
8129,84460946350405,train_oof,1,phishing,1,phishing,0.998972,0.001028,True,TP,3,-1,-1,1,-1,0,1,-1,-1,0,-1
8131,80639710300875,train_oof,1,phishing,1,phishing,0.589021,0.410979,True,TP,1,-1,-1,1,-1,0,-1,1,0,-1,-1
8132,82829069492669,train_oof,1,phishing,1,phishing,0.912514,0.087486,True,TP,2,1,-1,1,-1,0,-1,1,-1,1,-1
8133,222417136804469,train_oof,1,phishing,1,phishing,0.993757,0.006243,True,TP,2,1,-1,1,-1,0,-1,1,-1,0,-1
8135,168744667918850,train_oof,0,legitimate,0,legitimate,0.014246,0.985754,True,TN,1,1,-1,1,-1,1,1,1,1,-1,1
8136,196933023717101,train_oof,0,legitimate,0,legitimate,0.245597,0.754403,True,TN,3,-1,1,1,-1,1,-1,-1,0,0,-1
8137,30681512757605,train_oof,0,legitimate,0,legitimate,0.005135,0.994865,True,TN,5,1,-1,1,1,0,1,-1,1,1,-1
8140,100757772308509,train_oof,1,phishing,1,phishing,0.997441,0.002559,True,TP,5,1,-1,1,-1,0,1,1,-1,-1,-1
8141,72661709848703,train_oof,1,phishing,1,phishing,0.991548,0.008452,True,TP,5,-1,-1,1,-1,1,1,-1,-1,-1,-1
8142,6815510961871,train_oof,0,legitimate,0,legitimate,0.144358,0.855642,True,TN,3,-1,1,1,-1,1,1,1,0,0,1
8144,104437513672282,train_oof,0,legitimate,0,legitimate,0.080638,0.919362,True,TN,4,-1,-1,1,-1,1,-1,-1,1,0,-1
8145,192344879147350,train_oof,1,phishing,1,phishing,0.621676,0.378324,True,TP,3,-1,-1,1,-1,0,1,-1,0,-1,1
8146,234744068489839,train_oof,0,legitimate,0,legitimate,0.118059,0.881941,True,TN,5,1,-1,1,-1,0,1,1,0,1,-1
8147,52260867526306,train_oof,0,legitimate,0,legitimate,0.066168,0.933832,True,TN,1,-1,-1,-1,-1,0,1,1,0,0,-1
8148,231951235084601,train_oof,1,phishing,1,phishing,0.96956,0.03044,True,TP,3,1,-1,-1,-1,0,1,1,-1,1,-1
8149,64615031478119,train_oof,1,phishing,1,phishing,0.925829,0.074171,True,TP,3,-1,-1,1,-1,1,1,-1,-1,-1,0
8150,206556536063149,train_oof,1,phishing,1,phishing,0.852476,0.147524,True,TP,2,-1,-1,1,-1,0,1,1,0,-1,-1
8151,143594753853352,train_oof,1,phishing,1,phishing,0.946428,0.053572,True,TP,1,-1,-1,1,-1,1,-1,-1,-1,0,-1
8152,97413872997250,train_oof,0,legitimate,0,legitimate,0.054385,0.945615,True,TN,5,1,-1,1,-1,1,-1,1,0,-1,0
8153,42997803478138,train_oof,0,legitimate,0,legitimate,0.001818,0.998182,True,TN,4,1,-1,1,1,1,1,1,1,-1,1
8154,238932629227164,train_oof,1,phishing,1,phishing,0.988502,0.011498,True,TP,1,1,-1,1,-1,1,1,1,-1,0,-1
8155,192429314731182,train_oof,0,legitimate,0,legitimate,0.033201,0.966799,True,TN,2,-1,-1,-1,-1,0,1,1,1,0,-1
8157,165263776214960,train_oof,0,legitimate,0,legitimate,0.081553,0.918447,True,TN,2,1,-1,1,-1,0,1,1,0,1,-1
8158,140890478270901,train_oof,0,legitimate,0,legitimate,0.146604,0.853396,True,TN,5,-1,-1,1,-1,0,1,-1,0,1,1
8159,32279278025453,train_oof,1,phishing,1,phishing,0.998351,0.001649,True,TP,2,-1,-1,1,-1,0,1,1,-1,-1,-1
8160,10296154248340,train_oof,0,legitimate,0,legitimate,0.432345,0.567655,True,TN,5,1,-1,1,-1,0,1,-1,0,0,-1
8162,16166377790085,train_oof,0,legitimate,0,legitimate,0.000656,0.999344,True,TN,2,1,-1,1,1,1,-1,1,1,1,-1
8163,110939321384810,train_oof,1,phishing,1,phishing,0.95475,0.04525,True,TP,5,-1,1,1,-1,0,-1,1,-1,-1,0
8165,175159643987605,train_oof,1,phishing,1,phishing,0.991612,0.008388,True,TP,4,-1,-1,1,-1,0,-1,-1,-1,1,-1
8167,156902712592758,train_oof,1,phishing,0,legitimate,0.107353,0.892647,False,FN,3,1,-1,1,-1,-1,1,-1,1,1,-1
8169,1460458299653,train_oof,0,legitimate,0,legitimate,0.004732,0.995268,True,TN,4,1,-1,1,-1,1,1,1,1,0,0
8170,12638412795482,train_oof,1,phishing,0,legitimate,0.221952,0.778048,False,FN,3,-1,-1,1,-1,-1,1,-1,1,1,-1
8172,21387204176475,train_oof,1,phishing,1,phishing,0.995715,0.004285,True,TP,5,-1,1,-1,-1,-1,1,-1,-1,1,-1
8173,121555742658214,train_oof,1,phishing,1,phishing,0.698726,0.301274,True,TP,3,-1,-1,1,-1,-1,1,-1,1,-1,-1
8174,12972608540042,train_oof,1,phishing,1,phishing,0.985105,0.014895,True,TP,1,1,-1,-1,-1,0,1,-1,-1,-1,-1
8175,164780722362696,train_oof,1,phishing,1,phishing,0.993973,0.006027,True,TP,3,1,1,-1,-1,-1,1,-1,-1,-1,-1
8176,76814012125032,train_oof,0,legitimate,0,legitimate,0.317478,0.682522,True,TN,5,1,1,1,-1,1,1,1,0,1,1
8177,72244016839882,train_oof,0,legitimate,0,legitimate,0.167632,0.832368,True,TN,4,1,1,1,-1,-1,1,1,0,0,0
8178,166163475495856,train_oof,0,legitimate,0,legitimate,0.149106,0.850894,True,TN,2,1,-1,-1,-1,-1,1,1,0,0,0
8179,217208993788695,train_oof,0,legitimate,0,legitimate,0.292603,0.707397,True,TN,5,1,1,-1,-1,-1,1,1,0,1,0
8180,224318474621482,train_oof,1,phishing,1,phishing,0.999467,0.000533,True,TP,1,-1,0,1,-1,0,1,-1,-1,-1,-1
8181,135536545001036,train_oof,0,legitimate,0,legitimate,0.105519,0.894481,True,TN,2,1,1,1,-1,0,1,1,0,0,-1
8182,136692396210192,train_oof,1,phishing,1,phishing,0.967306,0.032694,True,TP,5,1,0,1,-1,0,1,-1,-1,1,1
8183,67056797436714,train_oof,0,legitimate,0,legitimate,0.010358,0.989642,True,TN,1,1,-1,1,-1,1,-1,1,1,1,0
8184,257683839620755,train_oof,0,legitimate,0,legitimate,0.022995,0.977005,True,TN,1,1,-1,-1,-1,1,1,1,1,0,0
8186,242456622445873,train_oof,1,phishing,1,phishing,0.992002,0.007998,True,TP,5,1,-1,1,-1,0,1,1,-1,1,-1
8188,214151071044985,train_oof,1,phishing,1,phishing,0.993083,0.006917,True,TP,2,-1,0,-1,-1,-1,1,-1,-1,1,-1
8189,186672719249230,train_oof,1,phishing,1,phishing,0.951714,0.048286,True,TP,2,1,-1,1,-1,-1,1,1,-1,1,-1
8190,48024142615606,train_oof,1,phishing,0,legitimate,0.185326,0.814674,False,FN,5,1,-1,-1,-1,-1,1,-1,0,1,-1
8191,244172851537427,train_oof,0,legitimate,0,legitimate,0.116659,0.883341,True,TN,2,-1,-1,-1,-1,-1,-1,1,1,0,-1
8192,269659199174608,train_oof,1,phishing,1,phishing,0.951628,0.048372,True,TP,3,1,-1,-1,-1,-1,1,-1,-1,1,1
8193,120381974734283,train_oof,1,phishing,1,phishing,0.990475,0.009525,True,TP,2,1,1,1,-1,-1,1,-1,-1,0,1
8194,225618034039479,train_oof,0,legitimate,0,legitimate,0.205358,0.794642,True,TN,2,-1,-1,1,-1,-1,-1,1,0,-1,1
8195,169448578590250,train_oof,0,legitimate,0,legitimate,0.20811,0.79189,True,TN,1,1,-1,-1,-1,-1,1,-1,0,0,-1
8197,66269992455484,train_oof,1,phishing,0,legitimate,0.362681,0.637319,False,FN,2,1,1,1,-1,-1,1,1,1,-1,-1
8198,170615229374643,train_oof,0,legitimate,0,legitimate,0.35083,0.64917,True,TN,4,-1,-1,1,-1,-1,1,-1,0,0,-1
8199,249847204434094,train_oof,0,legitimate,0,legitimate,0.133392,0.866608,True,TN,1,-1,1,1,-1,-1,-1,1,0,1,0
8200,148762608529969,train_oof,0,legitimate,0,legitimate,0.114067,0.885933,True,TN,1,1,-1,1,-1,1,1,-1,0,0,-1
8201,123995692870293,train_oof,0,legitimate,0,legitimate,0.041486,0.958514,True,TN,5,-1,-1,-1,-1,1,1,1,0,1,-1
8202,254142818915137,train_oof,1,phishing,1,phishing,0.578337,0.421663,True,TP,4,1,-1,1,-1,1,1,-1,0,-1,-1
8203,76715595788372,train_oof,0,legitimate,0,legitimate,0.221734,0.778266,True,TN,1,1,-1,1,-1,1,-1,1,0,0,-1
8206,46584384837415,train_oof,1,phishing,0,legitimate,0.224849,0.775151,False,FN,1,1,1,1,-1,-1,1,-1,1,1,-1
8207,70801153053695,train_oof,1,phishing,1,phishing,0.951284,0.048716,True,TP,4,-1,-1,-1,-1,1,1,-1,-1,-1,-1
8208,42573189256122,train_oof,0,legitimate,0,legitimate,0.059243,0.940757,True,TN,5,1,1,1,-1,1,1,-1,1,1,0
8209,168684934571889,train_oof,0,legitimate,0,legitimate,0.009325,0.990675,True,TN,4,1,1,1,1,1,1,1,1,1,-1
8210,235438468926528,train_oof,1,phishing,0,legitimate,0.340516,0.659484,False,FN,3,-1,1,-1,-1,-1,1,-1,1,-1,-1
8211,10323050564135,train_oof,1,phishing,1,phishing,0.988965,0.011035,True,TP,5,-1,1,-1,-1,0,-1,-1,-1,-1,-1
8212,162559689059907,train_oof,0,legitimate,0,legitimate,0.317478,0.682522,True,TN,5,1,1,1,-1,1,1,1,0,1,1
8213,74659684677298,train_oof,0,legitimate,0,legitimate,0.043907,0.956093,True,TN,2,-1,1,1,1,-1,-1,1,0,-1,-1
8214,56467574024968,train_oof,0,legitimate,0,legitimate,0.085353,0.914647,True,TN,2,-1,0,-1,-1,-1,1,1,0,1,0
8216,92420217396153,train_oof,0,legitimate,0,legitimate,0.143111,0.856889,True,TN,2,-1,-1,-1,-1,-1,-1,-1,1,1,-1
8217,52719520966181,train_oof,0,legitimate,0,legitimate,0.040185,0.959815,True,TN,3,1,-1,-1,-1,1,1,-1,0,1,1
8218,15984022893641,train_oof,0,legitimate,0,legitimate,0.002763,0.997237,True,TN,1,-1,-1,1,1,1,1,1,1,0,-1
8220,127837913939734,train_oof,0,legitimate,0,legitimate,1.9e-05,0.999981,True,TN,4,1,-1,1,1,1,1,1,1,0,-1
8221,83181608023828,train_oof,0,legitimate,0,legitimate,0.010109,0.989891,True,TN,2,1,-1,1,-1,1,1,1,1,0,-1
8222,195647190556400,train_oof,0,legitimate,0,legitimate,0.121214,0.878786,True,TN,5,1,-1,-1,-1,0,-1,-1,0,1,1
8223,174030598491,train_oof,1,phishing,0,legitimate,0.114955,0.885045,False,FN,3,-1,-1,-1,-1,-1,1,1,0,-1,-1
8224,278332399189376,train_oof,0,legitimate,0,legitimate,0.000445,0.999555,True,TN,1,-1,-1,-1,1,-1,1,1,0,0,-1
8225,259180260940253,train_oof,0,legitimate,0,legitimate,0.068694,0.931306,True,TN,5,-1,-1,-1,-1,1,1,1,0,0,0
8226,279537842744037,train_oof,0,legitimate,0,legitimate,0.006766,0.993234,True,TN,4,1,-1,1,1,-1,1,-1,0,1,-1
8227,7281598227554,train_oof,0,legitimate,0,legitimate,0.001508,0.998492,True,TN,1,1,1,1,1,1,1,1,0,0,0
8229,98115055463181,train_oof,0,legitimate,0,legitimate,0.016975,0.983025,True,TN,2,1,1,1,-1,1,-1,1,1,0,0
8231,142182438068431,train_oof,0,legitimate,0,legitimate,0.368311,0.631689,True,TN,5,-1,-1,1,-1,0,1,-1,1,-1,1
8232,261391045025771,train_oof,1,phishing,1,phishing,0.997927,0.002073,True,TP,3,1,1,1,-1,-1,1,-1,-1,-1,-1
8233,77073175032832,train_oof,0,legitimate,0,legitimate,0.012264,0.987736,True,TN,2,-1,1,1,1,-1,1,1,0,0,1
8234,269145465049779,train_oof,0,legitimate,0,legitimate,0.00154,0.99846,True,TN,4,-1,-1,-1,1,-1,1,1,1,0,-1
8235,232566989878932,train_oof,0,legitimate,0,legitimate,0.0,1.0,True,TN,1,1,-1,1,1,1,-1,-1,1,0,-1
8236,189096588499583,train_oof,1,phishing,1,phishing,0.997441,0.002559,True,TP,5,1,-1,1,-1,0,1,1,-1,-1,-1
8237,179962729763105,train_oof,1,phishing,1,phishing,0.948328,0.051672,True,TP,1,-1,-1,-1,-1,-1,1,1,-1,0,-1
8238,251588052301901,train_oof,1,phishing,1,phishing,0.998816,0.001184,True,TP,4,-1,-1,1,-1,0,1,1,-1,-1,-1
8239,96889085399214,train_oof,0,legitimate,0,legitimate,0.387534,0.612466,True,TN,2,-1,-1,1,-1,-1,1,-1,0,0,-1
8240,5410074050582,train_oof,1,phishing,1,phishing,0.649528,0.350472,True,TP,1,1,-1,1,-1,-1,1,-1,1,-1,-1
8241,63091299508231,train_oof,0,legitimate,0,legitimate,0.166122,0.833878,True,TN,5,1,-1,1,-1,0,-1,1,0,0,-1
8242,61934156974580,train_oof,0,legitimate,0,legitimate,0.006398,0.993602,True,TN,4,1,-1,-1,1,1,1,-1,1,0,1
8243,236698383632030,train_oof,0,legitimate,0,legitimate,0.008586,0.991414,True,TN,1,-1,-1,1,1,1,1,1,1,0,0
8244,887000655293,train_oof,0,legitimate,1,phishing,0.669292,0.330708,False,FP,3,1,-1,1,-1,1,1,-1,0,-1,-1
8246,99349315075516,train_oof,0,legitimate,0,legitimate,0.01094,0.98906,True,TN,2,1,1,-1,1,-1,1,1,0,0,1
8247,280764380950567,train_oof,1,phishing,0,legitimate,0.207854,0.792146,False,FN,3,-1,-1,-1,-1,-1,-1,-1,0,1,-1
8248,120755661731312,train_oof,0,legitimate,0,legitimate,0.439006,0.560994,True,TN,1,1,-1,1,-1,-1,1,1,0,-1,1
8249,60023776343465,train_oof,1,phishing,1,phishing,0.995469,0.004531,True,TP,1,-1,-1,1,-1,-1,-1,-1,-1,0,-1
8250,70974548181115,train_oof,0,legitimate,0,legitimate,0.0,1.0,True,TN,4,-1,-1,-1,1,1,1,1,1,0,-1
8251,64769748565186,train_oof,0,legitimate,0,legitimate,0.270682,0.729318,True,TN,3,1,-1,1,-1,1,1,1,0,1,-1
8252,207091374616482,train_oof,0,legitimate,0,legitimate,0.025694,0.974306,True,TN,3,1,-1,1,-1,1,1,-1,0,0,0
8253,60964246628820,train_oof,0,legitimate,0,legitimate,0.325435,0.674565,True,TN,5,-1,1,1,-1,1,1,1,0,-1,-1
8254,72612717283852,train_oof,1,phishing,1,phishing,0.993697,0.006303,True,TP,1,-1,1,1,-1,-1,1,-1,-1,1,-1
8255,100745402611185,train_oof,0,legitimate,1,phishing,0.712139,0.287861,False,FP,3,1,-1,1,-1,-1,1,-1,1,-1,-1
8256,218019075255213,train_oof,0,legitimate,0,legitimate,0.001067,0.998933,True,TN,3,1,-1,1,-1,1,1,1,1,1,1
8257,22625200325756,train_oof,1,phishing,1,phishing,0.991824,0.008176,True,TP,4,-1,-1,1,-1,-1,-1,-1,-1,1,-1
8258,138141868105021,train_oof,0,legitimate,0,legitimate,0.005213,0.994787,True,TN,1,1,1,1,1,-1,1,1,0,0,1
8260,157354561833668,train_oof,0,legitimate,0,legitimate,0.013159,0.986841,True,TN,5,1,1,1,1,0,1,1,0,1,-1
8261,192516731323080,train_oof,1,phishing,1,phishing,0.995747,0.004253,True,TP,4,1,-1,1,-1,0,1,-1,-1,1,-1
8263,208023060600299,train_oof,0,legitimate,0,legitimate,0.340035,0.659965,True,TN,5,-1,1,1,-1,0,1,1,0,0,-1
8264,202475090166671,train_oof,1,phishing,1,phishing,0.995736,0.004264,True,TP,3,-1,1,1,-1,-1,1,-1,-1,1,-1
8266,210360506911001,train_oof,0,legitimate,0,legitimate,0.002603,0.997397,True,TN,2,1,1,1,1,-1,1,1,1,0,1
8267,14326785278710,train_oof,0,legitimate,0,legitimate,0.018787,0.981213,True,TN,3,-1,-1,1,1,0,1,-1,1,0,0
8268,259707455498878,train_oof,0,legitimate,0,legitimate,0.064782,0.935218,True,TN,4,1,-1,1,-1,0,1,1,1,0,-1
8269,170667254847182,train_oof,0,legitimate,0,legitimate,0.006978,0.993022,True,TN,1,1,-1,1,1,0,1,1,0,-1,-1
8270,144576092413334,train_oof,0,legitimate,0,legitimate,0.477386,0.522614,True,TN,3,1,-1,1,-1,-1,1,-1,0,-1,0
8271,159079037355945,train_oof,0,legitimate,0,legitimate,0.087916,0.912084,True,TN,2,1,-1,1,-1,0,1,-1,1,1,1
8272,129213589258045,train_oof,1,phishing,1,phishing,0.970471,0.029529,True,TP,5,-1,-1,1,-1,-1,1,1,-1,1,-1
8273,249826427718202,train_oof,1,phishing,1,phishing,0.977085,0.022915,True,TP,3,-1,-1,1,-1,-1,1,1,-1,1,-1
8275,355949035147,train_oof,0,legitimate,0,legitimate,0.067604,0.932396,True,TN,1,1,1,1,-1,1,1,1,0,-1,0
8276,12669569917641,train_oof,1,phishing,1,phishing,0.99884,0.00116,True,TP,5,1,-1,1,-1,-1,1,-1,-1,-1,-1
8278,144923318403937,train_oof,1,phishing,1,phishing,0.981754,0.018246,True,TP,4,-1,-1,-1,-1,-1,1,-1,-1,-1,-1
8279,257235502714221,train_oof,0,legitimate,0,legitimate,0.002763,0.997237,True,TN,1,-1,-1,1,1,1,1,1,1,0,-1
8280,100117034207202,train_oof,1,phishing,1,phishing,0.588208,0.411792,True,TP,1,-1,-1,1,-1,-1,1,-1,1,-1,-1
8281,42808514432656,train_oof,0,legitimate,0,legitimate,0.001072,0.998928,True,TN,1,-1,-1,1,1,1,-1,1,0,1,-1
8282,193725050895175,train_oof,0,legitimate,0,legitimate,0.130678,0.869322,True,TN,2,1,1,1,-1,1,1,1,0,1,1
8283,251063243079423,train_oof,1,phishing,1,phishing,0.920994,0.079006,True,TP,4,-1,-1,-1,-1,1,-1,-1,-1,1,-1
8284,246091082982730,train_oof,1,phishing,0,legitimate,0.49874,0.50126,False,FN,4,-1,-1,1,-1,-1,1,1,1,-1,-1
8285,217901810951955,train_oof,0,legitimate,0,legitimate,0.11812,0.88188,True,TN,4,1,-1,1,-1,0,1,-1,0,0,1
8286,89221812091837,train_oof,0,legitimate,0,legitimate,0.300693,0.699307,True,TN,3,-1,-1,1,1,1,1,1,-1,-1,-1
8288,34755011760309,train_oof,1,phishing,1,phishing,0.50652,0.49348,True,TP,3,-1,-1,1,-1,-1,1,1,1,-1,-1
8289,96106399357704,train_oof,1,phishing,1,phishing,0.668791,0.331209,True,TP,4,-1,-1,1,-1,1,-1,-1,0,-1,-1
8291,197063546793715,train_oof,1,phishing,1,phishing,0.998816,0.001184,True,TP,4,-1,-1,1,-1,0,1,1,-1,-1,-1
8294,23287660941419,train_oof,0,legitimate,1,phishing,0.681161,0.318839,False,FP,1,-1,-1,1,-1,1,1,-1,0,-1,-1
8296,230955987513975,train_oof,0,legitimate,0,legitimate,0.065567,0.934433,True,TN,5,-1,-1,1,-1,1,-1,-1,0,0,0
8297,223119456851997,train_oof,0,legitimate,0,legitimate,0.09833,0.90167,True,TN,5,1,1,1,-1,1,1,1,0,0,-1
8299,143871343742405,train_oof,1,phishing,1,phishing,0.999524,0.000476,True,TP,3,-1,-1,1,-1,0,1,-1,-1,-1,-1
8300,94875986274797,train_oof,0,legitimate,0,legitimate,0.019098,0.980902,True,TN,1,1,1,1,-1,1,-1,1,0,-1,0
8301,67224506087791,train_oof,1,phishing,1,phishing,0.999181,0.000819,True,TP,2,-1,-1,1,-1,-1,1,-1,-1,0,-1
8306,84179658047597,train_oof,0,legitimate,0,legitimate,0.285543,0.714457,True,TN,5,-1,-1,1,-1,1,1,-1,1,-1,-1
8307,231013722744859,train_oof,1,phishing,0,legitimate,0.298335,0.701665,False,FN,4,1,-1,1,-1,0,1,-1,0,1,-1
8308,280307942192585,train_oof,0,legitimate,0,legitimate,0.202169,0.797831,True,TN,2,-1,-1,1,-1,1,1,1,0,1,-1
8309,34707469014835,train_oof,0,legitimate,0,legitimate,0.010134,0.989866,True,TN,3,1,-1,1,-1,1,1,-1,1,0,0
8310,72101957248613,train_oof,0,legitimate,0,legitimate,0.067033,0.932967,True,TN,1,1,-1,1,-1,1,1,1,0,-1,1
8311,83181608023828,train_oof,0,legitimate,0,legitimate,0.010109,0.989891,True,TN,2,1,-1,1,-1,1,1,1,1,0,-1
8312,42326384180427,train_oof,1,phishing,1,phishing,0.996923,0.003077,True,TP,3,-1,-1,-1,-1,-1,-1,-1,-1,1,-1
8313,142928477687380,train_oof,0,legitimate,0,legitimate,0.183525,0.816475,True,TN,2,1,-1,1,-1,0,-1,1,0,0,-1
8315,73653283762182,train_oof,0,legitimate,0,legitimate,0.020069,0.979931,True,TN,4,1,-1,1,-1,1,1,-1,1,1,-1
8316,133396011266265,train_oof,0,legitimate,0,legitimate,0.025646,0.974354,True,TN,3,1,-1,1,-1,1,1,1,0,0,0
8317,43627195424598,train_oof,1,phishing,1,phishing,0.977295,0.022705,True,TP,5,-1,-1,1,-1,1,1,-1,-1,1,-1
8318,264481338155626,train_oof,0,legitimate,0,legitimate,0.162672,0.837328,True,TN,4,1,-1,1,-1,1,1,-1,0,-1,0
8319,179359396909669,train_oof,1,phishing,1,phishing,0.927349,0.072651,True,TP,4,-1,-1,1,-1,1,-1,-1,-1,1,-1
8320,41582659612370,train_oof,0,legitimate,0,legitimate,0.002329,0.997671,True,TN,5,-1,-1,-1,1,1,1,-1,0,0,-1
8321,39586356957855,train_oof,0,legitimate,0,legitimate,0.01063,0.98937,True,TN,2,1,-1,1,-1,1,1,1,0,1,1
8322,180535060965851,train_oof,1,phishing,1,phishing,0.990825,0.009175,True,TP,2,-1,-1,1,-1,-1,-1,-1,-1,1,-1
8323,267266427207481,train_oof,0,legitimate,0,legitimate,0.023504,0.976496,True,TN,4,1,-1,1,1,-1,1,-1,0,-1,-1
8326,153708993590475,train_oof,1,phishing,0,legitimate,0.061515,0.938485,False,FN,2,1,1,1,-1,1,1,1,0,1,-1
8328,123124082728770,train_oof,1,phishing,1,phishing,0.927788,0.072212,True,TP,5,-1,-1,1,-1,0,1,1,0,-1,-1
8329,26946326801438,train_oof,1,phishing,1,phishing,0.997944,0.002056,True,TP,2,1,-1,1,-1,0,1,-1,-1,-1,-1
8330,181037669886196,train_oof,0,legitimate,0,legitimate,0.006615,0.993385,True,TN,5,1,1,1,1,1,-1,1,1,-1,-1
8331,8105273416757,train_oof,1,phishing,1,phishing,0.990825,0.009175,True,TP,2,-1,-1,1,-1,-1,-1,-1,-1,1,-1
8332,12701944036705,train_oof,1,phishing,1,phishing,0.98988,0.01012,True,TP,5,1,1,1,-1,-1,1,1,-1,-1,-1
8333,18810612402572,train_oof,0,legitimate,0,legitimate,0.013885,0.986115,True,TN,3,-1,-1,1,-1,1,-1,-1,1,0,1
8335,135873964520414,train_oof,0,legitimate,1,phishing,0.711065,0.288935,False,FP,3,1,-1,1,-1,0,1,1,0,-1,-1
8336,102107516480595,train_oof,0,legitimate,0,legitimate,0.011367,0.988633,True,TN,1,-1,-1,1,-1,1,-1,1,1,1,-1
8337,83181608023828,train_oof,0,legitimate,0,legitimate,0.010109,0.989891,True,TN,2,1,-1,1,-1,1,1,1,1,0,-1
8338,123905949519960,train_oof,0,legitimate,0,legitimate,0.019252,0.980748,True,TN,3,1,-1,1,1,1,-1,1,0,-1,-1
8340,280478363710600,train_oof,0,legitimate,0,legitimate,0.002114,0.997886,True,TN,3,1,-1,1,1,1,-1,1,1,0,-1
8344,77062079259994,train_oof,0,legitimate,0,legitimate,0.130973,0.869027,True,TN,5,-1,-1,1,-1,1,1,1,0,0,0
8345,266656262617731,train_oof,0,legitimate,0,legitimate,0.009301,0.990699,True,TN,5,1,1,1,1,1,1,1,1,0,-1
8346,13741967242666,train_oof,0,legitimate,0,legitimate,0.13377,0.86623,True,TN,3,-1,-1,1,-1,1,1,-1,0,-1,1
8347,177240960663914,train_oof,0,legitimate,0,legitimate,0.004801,0.995199,True,TN,1,1,-1,1,-1,1,1,1,1,0,-1
8348,222090645416838,train_oof,0,legitimate,0,legitimate,0.074719,0.925281,True,TN,1,1,1,1,-1,1,1,1,1,1,-1
8349,45294344820538,train_oof,1,phishing,1,phishing,0.9992,0.0008,True,TP,3,1,-1,1,-1,-1,1,-1,-1,-1,-1
8350,174170214614139,train_oof,0,legitimate,0,legitimate,0.131675,0.868325,True,TN,1,1,-1,1,-1,1,-1,1,1,-1,-1
8351,167979363715895,train_oof,0,legitimate,0,legitimate,0.013779,0.986221,True,TN,4,1,-1,1,-1,1,1,1,0,1,1
8352,83769750130434,train_oof,1,phishing,1,phishing,0.97476,0.02524,True,TP,2,-1,-1,1,-1,-1,1,-1,-1,-1,1
8353,224954260912674,train_oof,0,legitimate,0,legitimate,0.016626,0.983374,True,TN,3,1,-1,1,1,0,1,1,1,-1,-1
8354,249413145610927,train_oof,0,legitimate,0,legitimate,0.012682,0.987318,True,TN,4,-1,1,1,1,-1,1,1,1,0,-1
8356,197750327120367,train_oof,1,phishing,1,phishing,0.998758,0.001242,True,TP,1,-1,-1,1,-1,-1,1,-1,-1,-1,-1
8357,190505009175097,train_oof,1,phishing,1,phishing,0.961989,0.038011,True,TP,4,-1,-1,1,-1,1,1,1,-1,-1,-1
8358,173716867444354,train_oof,1,phishing,1,phishing,0.987641,0.012359,True,TP,4,1,1,1,-1,-1,1,1,-1,-1,-1
8359,220063739019207,train_oof,1,phishing,1,phishing,0.60204,0.39796,True,TP,5,-1,1,1,-1,-1,1,1,0,-1,-1
8360,150711033749618,train_oof,1,phishing,0,legitimate,0.470697,0.529303,False,FN,3,-1,-1,1,-1,1,1,-1,0,0,-1
8361,103216022650362,train_oof,1,phishing,0,legitimate,0.159168,0.840832,False,FN,2,-1,0,-1,-1,-1,1,-1,0,0,-1
8362,44833799598803,train_oof,0,legitimate,1,phishing,0.525063,0.474937,False,FP,1,-1,1,-1,-1,0,1,1,0,-1,-1
8363,268986769728822,train_oof,0,legitimate,0,legitimate,0.007287,0.992713,True,TN,5,1,1,1,1,0,1,1,0,0,-1
8364,71742888609065,train_oof,1,phishing,0,legitimate,0.168705,0.831295,False,FN,1,-1,-1,1,-1,1,-1,1,1,-1,-1
8365,73933969571641,train_oof,1,phishing,0,legitimate,0.195778,0.804222,False,FN,4,1,-1,1,-1,1,1,1,0,1,-1
8366,114106344012186,train_oof,1,phishing,1,phishing,0.995736,0.004264,True,TP,3,-1,1,1,-1,-1,1,-1,-1,1,-1
8367,196508616246207,train_oof,0,legitimate,0,legitimate,0.198194,0.801806,True,TN,3,-1,-1,1,-1,-1,1,1,1,0,-1
8368,263591777330377,train_oof,0,legitimate,0,legitimate,0.15142,0.84858,True,TN,1,1,-1,1,-1,1,1,1,0,0,-1
8369,14066178224367,train_oof,1,phishing,1,phishing,0.959783,0.040217,True,TP,5,-1,-1,1,-1,0,-1,1,-1,1,-1
8370,168490032778685,train_oof,0,legitimate,0,legitimate,0.01342,0.98658,True,TN,3,-1,-1,1,1,-1,1,-1,0,1,-1
8371,67385541969022,train_oof,1,phishing,1,phishing,0.996698,0.003302,True,TP,2,-1,-1,1,-1,0,1,-1,-1,1,-1
8373,96434453158479,train_oof,1,phishing,1,phishing,0.983569,0.016431,True,TP,5,-1,-1,1,-1,0,1,1,-1,1,-1
8374,48151871837215,train_oof,1,phishing,1,phishing,0.997644,0.002356,True,TP,3,-1,-1,1,-1,0,-1,-1,-1,-1,-1
8375,232168261792826,train_oof,0,legitimate,0,legitimate,0.029101,0.970899,True,TN,1,1,-1,1,-1,1,1,1,0,0,0
8376,172030678777142,train_oof,0,legitimate,1,phishing,0.675254,0.324746,False,FP,5,-1,-1,1,-1,1,1,-1,0,0,-1
8377,83181608023828,train_oof,0,legitimate,0,legitimate,0.010109,0.989891,True,TN,2,1,-1,1,-1,1,1,1,1,0,-1
8379,39941223748209,train_oof,1,phishing,1,phishing,0.998947,0.001053,True,TP,4,-1,-1,1,-1,-1,1,-1,-1,0,-1
8380,182452793182856,train_oof,1,phishing,1,phishing,0.99566,0.00434,True,TP,1,1,1,1,-1,-1,1,-1,-1,-1,-1
8381,101992072902354,train_oof,1,phishing,1,phishing,0.999124,0.000876,True,TP,4,-1,-1,1,-1,-1,1,-1,-1,-1,-1
8382,143049391391207,train_oof,1,phishing,1,phishing,0.998101,0.001899,True,TP,4,1,-1,1,-1,-1,1,-1,-1,0,-1
8383,96772640805964,train_oof,1,phishing,1,phishing,0.972456,0.027544,True,TP,1,1,-1,1,-1,-1,1,-1,-1,-1,1
8384,203636140289317,train_oof,0,legitimate,0,legitimate,0.025694,0.974306,True,TN,3,1,-1,1,-1,1,1,-1,0,0,0
8385,191349181001296,train_oof,0,legitimate,0,legitimate,0.018492,0.981508,True,TN,3,-1,1,-1,1,1,1,1,0,1,-1
8389,193884658616950,train_oof,1,phishing,1,phishing,0.991543,0.008457,True,TP,1,-1,-1,1,-1,-1,1,1,-1,-1,-1
8390,91728818212051,train_oof,0,legitimate,0,legitimate,0.223784,0.776216,True,TN,1,1,-1,1,-1,0,1,1,1,-1,1
8391,80947396858142,train_oof,0,legitimate,0,legitimate,0.007064,0.992936,True,TN,3,-1,-1,1,1,1,1,-1,1,0,-1
8392,40316974759419,train_oof,0,legitimate,0,legitimate,0.017993,0.982007,True,TN,2,-1,-1,1,-1,1,1,1,1,0,1
8393,141222571619203,train_oof,0,legitimate,0,legitimate,0.004418,0.995582,True,TN,1,-1,1,1,1,1,-1,1,1,1,1
8394,239186981240604,train_oof,0,legitimate,0,legitimate,0.008603,0.991397,True,TN,1,1,-1,1,-1,1,1,-1,0,0,1
8395,262504440269155,train_oof,0,legitimate,0,legitimate,0.023277,0.976723,True,TN,4,-1,-1,-1,-1,1,1,1,1,1,1
8396,140923598202960,train_oof,0,legitimate,0,legitimate,0.003847,0.996153,True,TN,1,1,-1,1,-1,1,1,1,1,1,-1
8397,280799698055161,train_oof,1,phishing,1,phishing,0.996923,0.003077,True,TP,3,-1,-1,-1,-1,-1,-1,-1,-1,1,-1
8399,161667575749212,train_oof,0,legitimate,0,legitimate,0.007658,0.992342,True,TN,4,-1,1,1,1,1,1,1,1,0,-1
8400,73255807700516,train_oof,0,legitimate,0,legitimate,0.00493,0.99507,True,TN,5,1,-1,1,-1,1,-1,1,1,0,1
8401,112080909403830,train_oof,1,phishing,0,legitimate,0.198194,0.801806,False,FN,3,-1,-1,1,-1,-1,1,1,1,0,-1
8402,260407473919436,train_oof,0,legitimate,0,legitimate,0.003003,0.996997,True,TN,4,1,-1,1,-1,1,1,1,1,1,-1
8403,10185584034732,train_oof,0,legitimate,0,legitimate,0.254791,0.745209,True,TN,3,-1,-1,-1,-1,1,1,1,0,-1,-1
8404,263939872054051,train_oof,1,phishing,0,legitimate,0.221952,0.778048,False,FN,3,-1,-1,1,-1,-1,1,-1,1,1,-1
8405,205030185034618,train_oof,1,phishing,0,legitimate,0.282229,0.717771,False,FN,5,-1,1,-1,-1,-1,1,1,1,-1,0
8407,95933733942398,train_oof,0,legitimate,0,legitimate,0.004801,0.995199,True,TN,1,1,-1,1,-1,1,1,1,1,0,-1
8409,153359812404435,train_oof,1,phishing,1,phishing,0.620548,0.379452,True,TP,2,-1,-1,1,-1,-1,1,-1,1,-1,-1
8410,102688635004213,train_oof,0,legitimate,0,legitimate,0.000268,0.999732,True,TN,2,1,-1,1,1,1,1,1,1,1,1
8413,263155243950819,train_oof,0,legitimate,0,legitimate,0.022576,0.977424,True,TN,5,-1,-1,1,1,-1,1,-1,1,1,-1
8414,156561026225673,train_oof,1,phishing,1,phishing,0.995927,0.004073,True,TP,3,-1,-1,1,-1,-1,-1,-1,-1,-1,-1
8415,70560427275399,train_oof,0,legitimate,0,legitimate,0.001331,0.998669,True,TN,3,1,1,1,1,0,1,1,0,0,-1
8416,64194265140542,train_oof,1,phishing,0,legitimate,0.15142,0.84858,False,FN,1,1,-1,1,-1,1,1,1,0,0,-1
8417,81123463174635,train_oof,0,legitimate,0,legitimate,0.040247,0.959753,True,TN,1,1,-1,1,-1,1,1,-1,1,0,0
8418,133722830844542,train_oof,0,legitimate,0,legitimate,0.073334,0.926666,True,TN,3,-1,0,-1,-1,1,1,1,0,1,1
8419,159330137335634,train_oof,1,phishing,1,phishing,0.614349,0.385651,True,TP,2,-1,-1,1,-1,-1,1,-1,0,-1,1
8420,40446803085889,train_oof,0,legitimate,0,legitimate,0.021113,0.978887,True,TN,4,-1,1,1,1,1,-1,1,0,-1,-1
8422,47744820861899,train_oof,1,phishing,1,phishing,0.951269,0.048731,True,TP,1,-1,-1,-1,-1,-1,1,-1,-1,-1,1
8423,255935147167707,train_oof,1,phishing,1,phishing,0.997957,0.002043,True,TP,2,-1,-1,1,-1,-1,-1,-1,-1,-1,-1
8424,91840317066800,train_oof,1,phishing,1,phishing,0.993775,0.006225,True,TP,4,-1,-1,1,-1,-1,1,1,-1,-1,-1
8426,176480474030158,train_oof,0,legitimate,0,legitimate,0.164354,0.835646,True,TN,5,-1,1,1,-1,1,1,1,1,1,-1
8427,8248959616491,train_oof,1,phishing,1,phishing,0.930681,0.069319,True,TP,5,-1,1,-1,-1,1,-1,1,-1,1,-1
8428,168809378842320,train_oof,0,legitimate,0,legitimate,0.001504,0.998496,True,TN,2,1,-1,1,1,1,1,1,0,1,-1
8429,186303499961027,train_oof,0,legitimate,0,legitimate,0.000334,0.999666,True,TN,4,1,-1,1,-1,1,1,1,1,0,1
8430,108203684436845,train_oof,0,legitimate,0,legitimate,0.004456,0.995544,True,TN,5,1,-1,1,-1,1,1,1,0,0,1
8431,218499019707904,train_oof,1,phishing,1,phishing,0.992822,0.007178,True,TP,3,-1,1,1,-1,0,1,1,-1,1,-1
8433,279622659736689,train_oof,0,legitimate,0,legitimate,0.23503,0.76497,True,TN,4,-1,1,1,-1,1,-1,1,0,-1,-1
8434,71945951644115,train_oof,0,legitimate,0,legitimate,0.116943,0.883057,True,TN,5,-1,-1,-1,-1,1,1,-1,0,-1,1
8435,18565503355618,train_oof,1,phishing,1,phishing,0.988084,0.011916,True,TP,4,-1,1,-1,-1,0,1,1,-1,1,-1
8436,34004607389593,train_oof,0,legitimate,0,legitimate,0.005254,0.994746,True,TN,3,-1,-1,1,1,1,1,1,0,0,-1
8437,8706935077679,train_oof,0,legitimate,0,legitimate,0.016627,0.983373,True,TN,1,-1,-1,1,-1,1,-1,1,0,-1,1
8438,201317266314356,train_oof,0,legitimate,0,legitimate,0.029439,0.970561,True,TN,2,-1,-1,1,-1,1,-1,1,0,0,1
8439,8617010064333,train_oof,1,phishing,1,phishing,0.99841,0.00159,True,TP,3,1,-1,1,-1,-1,1,-1,-1,0,-1
8440,92347809904239,train_oof,0,legitimate,0,legitimate,0.003255,0.996745,True,TN,3,1,-1,1,-1,1,1,-1,1,1,1
8441,166545793872942,train_oof,1,phishing,1,phishing,0.995902,0.004098,True,TP,5,-1,-1,1,-1,0,-1,-1,-1,1,-1
8442,152250735410886,train_oof,0,legitimate,0,legitimate,0.013088,0.986912,True,TN,1,1,1,1,-1,1,1,1,0,0,1
8443,783564520540,train_oof,1,phishing,1,phishing,0.93789,0.06211,True,TP,2,-1,-1,1,-1,0,-1,1,-1,1,-1
8445,279622659736689,train_oof,0,legitimate,0,legitimate,0.23503,0.76497,True,TN,4,-1,1,1,-1,1,-1,1,0,-1,-1
8446,23966873005173,train_oof,1,phishing,1,phishing,0.996698,0.003302,True,TP,2,-1,-1,1,-1,0,1,-1,-1,1,-1
8447,122582638957567,train_oof,1,phishing,1,phishing,0.967517,0.032483,True,TP,5,-1,-1,1,-1,-1,1,-1,-1,0,1
8448,223992579823418,train_oof,0,legitimate,1,phishing,0.554286,0.445714,False,FP,4,1,-1,1,-1,-1,-1,-1,0,0,0
8449,135285841283034,train_oof,0,legitimate,0,legitimate,0.004718,0.995282,True,TN,1,1,-1,1,-1,1,1,-1,0,1,1
8450,203493679250730,train_oof,1,phishing,1,phishing,0.998477,0.001523,True,TP,3,-1,-1,1,-1,-1,1,-1,-1,0,-1
8451,162603619819186,train_oof,0,legitimate,0,legitimate,0.448229,0.551771,True,TN,4,-1,-1,1,-1,0,1,-1,1,-1,1
8453,67949745487223,train_oof,0,legitimate,0,legitimate,0.151914,0.848086,True,TN,4,-1,-1,1,-1,-1,1,1,1,1,-1
8454,20137615484506,train_oof,0,legitimate,0,legitimate,0.379817,0.620183,True,TN,2,1,-1,1,-1,1,1,1,0,-1,-1
8455,246826821042351,train_oof,1,phishing,1,phishing,0.944633,0.055367,True,TP,5,-1,-1,1,-1,-1,1,-1,-1,1,1
8456,58597020230420,train_oof,1,phishing,1,phishing,0.936818,0.063182,True,TP,1,-1,-1,-1,-1,1,1,1,-1,-1,-1
8457,147372056874027,train_oof,0,legitimate,0,legitimate,0.007608,0.992392,True,TN,4,1,-1,1,-1,1,1,1,1,0,-1
8458,189240431909646,train_oof,0,legitimate,0,legitimate,0.004386,0.995614,True,TN,1,1,-1,1,1,0,-1,-1,1,0,-1
8459,85600898598116,train_oof,1,phishing,1,phishing,0.992487,0.007513,True,TP,2,-1,-1,1,-1,-1,1,1,-1,-1,-1
8460,7881490297400,train_oof,1,phishing,0,legitimate,0.454201,0.545799,False,FN,5,-1,-1,1,-1,-1,1,1,0,-1,1
8461,241254783447364,train_oof,0,legitimate,0,legitimate,0.022475,0.977525,True,TN,3,1,1,1,1,0,1,1,0,-1,-1
8462,55474450999469,train_oof,1,phishing,1,phishing,0.998758,0.001242,True,TP,1,-1,-1,1,-1,-1,1,-1,-1,-1,-1
8463,159464110987025,train_oof,0,legitimate,0,legitimate,0.000711,0.999289,True,TN,5,1,-1,1,1,1,1,1,0,0,1
8464,241076263698422,train_oof,0,legitimate,0,legitimate,0.006327,0.993673,True,TN,5,-1,-1,1,1,1,1,-1,1,1,-1
8465,64213640632695,train_oof,0,legitimate,0,legitimate,0.001335,0.998665,True,TN,1,1,-1,1,-1,1,1,-1,1,1,1
8466,89861068349069,train_oof,0,legitimate,0,legitimate,0.382135,0.617865,True,TN,4,1,-1,1,-1,0,1,1,1,-1,-1
8467,161370299714592,train_oof,0,legitimate,1,phishing,0.652162,0.347838,False,FP,1,1,-1,1,-1,0,1,-1,0,-1,-1
8468,116582565465556,train_oof,0,legitimate,0,legitimate,0.15142,0.84858,True,TN,1,1,-1,1,-1,1,1,1,0,0,-1
8470,269852466299502,train_oof,0,legitimate,0,legitimate,0.077998,0.922002,True,TN,5,1,-1,1,-1,1,1,-1,0,0,0
8471,119783480109095,train_oof,0,legitimate,0,legitimate,0.123726,0.876274,True,TN,3,-1,1,1,-1,1,1,1,0,1,0
8472,168929528378973,train_oof,1,phishing,1,phishing,0.737985,0.262015,True,TP,1,-1,-1,1,-1,0,1,-1,1,-1,-1
8473,47947912147028,train_oof,1,phishing,1,phishing,0.974274,0.025726,True,TP,4,-1,1,1,-1,-1,-1,1,-1,-1,-1
8474,176257097766846,train_oof,1,phishing,1,phishing,0.999524,0.000476,True,TP,3,-1,-1,1,-1,0,1,-1,-1,-1,-1
8475,32963091033858,train_oof,0,legitimate,0,legitimate,0.379817,0.620183,True,TN,2,1,-1,1,-1,1,1,1,0,-1,-1
8476,59939223659062,train_oof,1,phishing,1,phishing,0.978137,0.021863,True,TP,4,-1,1,-1,-1,-1,1,1,-1,-1,-1
8478,82965287012936,train_oof,0,legitimate,0,legitimate,0.024908,0.975092,True,TN,1,1,-1,1,-1,1,1,-1,1,1,-1
8479,78967846260449,train_oof,1,phishing,1,phishing,0.698726,0.301274,True,TP,3,-1,-1,1,-1,-1,1,-1,1,-1,-1
8481,58310377735741,train_oof,1,phishing,1,phishing,0.866948,0.133052,True,TP,4,-1,-1,1,-1,0,1,1,0,-1,-1
8482,212866482905920,train_oof,0,legitimate,0,legitimate,0.002268,0.997732,True,TN,5,-1,-1,1,1,1,-1,-1,1,1,-1
8485,73943718103656,train_oof,1,phishing,1,phishing,0.95989,0.04011,True,TP,4,1,-1,1,-1,1,1,-1,-1,1,-1
8486,63550019778956,train_oof,0,legitimate,0,legitimate,7e-06,0.999993,True,TN,4,1,-1,1,1,1,1,1,1,1,-1
8487,249012516775529,train_oof,0,legitimate,0,legitimate,0.198895,0.801105,True,TN,5,-1,1,1,-1,1,1,1,0,1,1
8488,174313259677640,train_oof,1,phishing,1,phishing,0.997219,0.002781,True,TP,1,1,-1,1,-1,0,1,-1,-1,-1,-1
8489,246515956032015,train_oof,1,phishing,1,phishing,0.992217,0.007783,True,TP,4,1,-1,1,-1,0,1,1,-1,1,-1
8490,132784711220551,train_oof,0,legitimate,0,legitimate,0.018877,0.981123,True,TN,1,-1,-1,1,-1,1,1,-1,0,1,1
8491,147490334645731,train_oof,1,phishing,1,phishing,0.987078,0.012922,True,TP,1,1,-1,1,-1,-1,1,-1,-1,-1,0
8492,37313912525184,train_oof,0,legitimate,0,legitimate,0.005682,0.994318,True,TN,1,1,-1,1,1,0,1,1,0,0,-1
8493,119812218813828,train_oof,0,legitimate,0,legitimate,0.305694,0.694306,True,TN,1,-1,-1,1,-1,1,-1,-1,0,-1,0
8494,144917894564289,train_oof,1,phishing,0,legitimate,0.153638,0.846362,False,FN,1,1,1,-1,-1,1,1,1,1,1,-1
8495,7786000935074,train_oof,0,legitimate,0,legitimate,0.010698,0.989302,True,TN,4,-1,-1,1,1,-1,1,1,1,1,-1
8496,162733875272654,train_oof,1,phishing,1,phishing,0.620548,0.379452,True,TP,2,-1,-1,1,-1,-1,1,-1,1,-1,-1
8497,238292922245776,train_oof,1,phishing,0,legitimate,0.181092,0.818908,False,FN,3,-1,-1,1,-1,1,-1,1,1,-1,-1
8499,224075512288793,train_oof,1,phishing,1,phishing,0.673601,0.326399,True,TP,4,1,-1,1,-1,0,1,-1,0,-1,-1
8500,163444083667661,train_oof,0,legitimate,0,legitimate,0.003527,0.996473,True,TN,3,1,-1,1,-1,1,1,1,0,0,1
8501,117182064211182,train_oof,0,legitimate,0,legitimate,0.002148,0.997852,True,TN,3,1,-1,1,-1,1,1,1,1,1,0
8502,98203767646678,train_oof,0,legitimate,0,legitimate,0.004599,0.995401,True,TN,4,-1,-1,1,-1,1,1,1,0,1,1
8503,210360506911001,train_oof,0,legitimate,0,legitimate,0.002603,0.997397,True,TN,2,1,1,1,1,-1,1,1,1,0,1
8504,47909060713988,train_oof,0,legitimate,0,legitimate,0.001946,0.998054,True,TN,2,1,-1,1,1,1,1,1,0,0,-1
8505,96680959581577,train_oof,0,legitimate,0,legitimate,0.305893,0.694107,True,TN,4,1,-1,1,-1,0,1,1,0,0,-1
8506,280207286373365,train_oof,0,legitimate,0,legitimate,9.8e-05,0.999902,True,TN,1,1,-1,1,1,1,1,1,1,1,-1
8507,220410755889919,train_oof,1,phishing,0,legitimate,0.327636,0.672364,False,FN,2,1,1,1,-1,-1,1,1,1,-1,0
8508,260642219647577,train_oof,1,phishing,0,legitimate,0.116762,0.883238,False,FN,3,1,-1,1,-1,0,1,-1,1,1,-1
8509,249413145610927,train_oof,0,legitimate,0,legitimate,0.012682,0.987318,True,TN,4,-1,1,1,1,-1,1,1,1,0,-1
8510,264632040594841,train_oof,1,phishing,0,legitimate,0.380704,0.619296,False,FN,5,-1,-1,1,-1,-1,1,-1,1,-1,1
8511,197977784280471,train_oof,1,phishing,1,phishing,0.999124,0.000876,True,TP,4,-1,-1,1,-1,-1,1,-1,-1,-1,-1
8513,258726007441297,train_oof,1,phishing,1,phishing,0.982313,0.017687,True,TP,5,-1,-1,-1,-1,-1,1,-1,-1,-1,-1
8515,71647635781500,train_oof,1,phishing,1,phishing,0.866948,0.133052,True,TP,4,-1,-1,1,-1,0,1,1,0,-1,-1
8517,204620197376291,train_oof,0,legitimate,0,legitimate,0.000334,0.999666,True,TN,4,1,-1,1,-1,1,1,1,1,0,1
8518,279240432365,train_oof,0,legitimate,0,legitimate,0.156019,0.843981,True,TN,5,-1,1,1,-1,1,1,1,0,0,0
8520,14213853612096,train_oof,0,legitimate,0,legitimate,0.225196,0.774804,True,TN,2,1,1,1,-1,-1,1,1,0,0,1
8521,129668592387254,train_oof,0,legitimate,0,legitimate,0.280449,0.719551,True,TN,4,1,1,1,-1,1,1,1,0,-1,-1
8523,179362370022126,train_oof,0,legitimate,0,legitimate,0.10836,0.89164,True,TN,2,1,-1,1,-1,1,-1,-1,1,-1,-1
8524,47909060713988,train_oof,0,legitimate,0,legitimate,0.001946,0.998054,True,TN,2,1,-1,1,1,1,1,1,0,0,-1
8526,209306396132693,train_oof,0,legitimate,0,legitimate,0.067416,0.932584,True,TN,3,-1,-1,1,-1,1,-1,1,0,0,0
8527,74162561501783,train_oof,1,phishing,1,phishing,0.989934,0.010066,True,TP,3,-1,1,1,-1,-1,1,1,-1,1,-1
8529,233389588292538,train_oof,1,phishing,1,phishing,0.998477,0.001523,True,TP,3,-1,-1,1,-1,-1,1,-1,-1,0,-1
8530,73033750229959,train_oof,0,legitimate,0,legitimate,0.009795,0.990205,True,TN,5,1,-1,1,1,1,1,1,1,-1,-1
8531,115880562960406,train_oof,0,legitimate,0,legitimate,0.004413,0.995587,True,TN,2,1,-1,1,-1,1,1,1,1,1,-1
8534,32769340966577,train_oof,0,legitimate,0,legitimate,0.000697,0.999303,True,TN,1,1,-1,1,-1,1,1,1,1,0,1
8536,40653741724698,train_oof,1,phishing,1,phishing,0.998456,0.001544,True,TP,2,-1,-1,-1,-1,0,-1,-1,-1,1,-1
8538,111483738861199,train_oof,1,phishing,1,phishing,0.981398,0.018602,True,TP,1,1,-1,1,-1,-1,1,-1,-1,0,0
8539,199300861734662,train_oof,1,phishing,1,phishing,0.993322,0.006678,True,TP,2,-1,-1,1,-1,-1,1,-1,-1,1,-1
8540,156691238923846,train_oof,0,legitimate,0,legitimate,0.023037,0.976963,True,TN,3,-1,-1,1,1,1,-1,-1,0,1,-1
8542,77062079259994,train_oof,0,legitimate,0,legitimate,0.130973,0.869027,True,TN,5,-1,-1,1,-1,1,1,1,0,0,0
8543,265452460537217,train_oof,0,legitimate,1,phishing,0.544443,0.455557,False,FP,2,-1,1,-1,-1,0,1,1,0,-1,-1
8544,236690606879099,train_oof,1,phishing,1,phishing,0.99381,0.00619,True,TP,5,-1,-1,1,-1,-1,1,1,-1,-1,-1
8545,96621833734635,train_oof,1,phishing,1,phishing,0.995874,0.004126,True,TP,4,-1,1,1,-1,-1,1,1,-1,-1,-1
8547,187835702073390,train_oof,0,legitimate,0,legitimate,0.003257,0.996743,True,TN,2,1,-1,1,-1,1,1,-1,1,1,1
8548,3229162473554,train_oof,0,legitimate,0,legitimate,0.254791,0.745209,True,TN,3,-1,-1,-1,-1,1,1,1,0,-1,-1
8549,183281307595427,train_oof,0,legitimate,0,legitimate,0.013284,0.986716,True,TN,3,-1,-1,1,-1,1,1,1,1,0,1
8550,209939620087835,train_oof,0,legitimate,0,legitimate,0.003527,0.996473,True,TN,3,1,-1,1,-1,1,1,1,0,0,1
8551,81767463839357,train_oof,0,legitimate,0,legitimate,0.01835,0.98165,True,TN,3,1,1,1,-1,1,1,1,0,0,0
8552,202605854424247,train_oof,0,legitimate,1,phishing,0.927788,0.072212,False,FP,5,-1,-1,1,-1,0,1,1,0,-1,-1
8553,20823938631164,train_oof,0,legitimate,0,legitimate,0.00991,0.99009,True,TN,1,-1,1,-1,1,1,1,1,0,1,-1
8555,252379275218500,train_oof,1,phishing,1,phishing,0.904765,0.095235,True,TP,1,-1,-1,1,-1,0,1,1,0,-1,-1
8557,117226263860157,train_oof,0,legitimate,0,legitimate,0.004644,0.995356,True,TN,5,1,-1,1,-1,1,1,1,1,1,-1
8558,270878301493219,train_oof,1,phishing,1,phishing,0.986863,0.013137,True,TP,1,-1,-1,-1,-1,-1,-1,1,-1,1,-1
8560,152522358532262,train_oof,0,legitimate,0,legitimate,0.022013,0.977987,True,TN,1,-1,1,1,-1,1,-1,1,0,-1,0
8561,195478457411219,train_oof,1,phishing,1,phishing,0.973844,0.026156,True,TP,2,1,-1,1,-1,0,-1,1,-1,0,0
8562,232478074336171,train_oof,0,legitimate,0,legitimate,0.001687,0.998313,True,TN,3,1,-1,1,1,1,1,1,0,0,-1
8563,493046970773,train_oof,0,legitimate,0,legitimate,0.056746,0.943254,True,TN,2,1,1,1,-1,1,1,1,0,1,0
8564,180785140398823,train_oof,0,legitimate,0,legitimate,0.05854,0.94146,True,TN,2,1,1,1,-1,1,1,1,0,0,-1
8565,80381810065920,train_oof,0,legitimate,0,legitimate,0.006429,0.993571,True,TN,1,-1,1,1,1,1,1,1,1,-1,-1
8566,235976828745041,train_oof,0,legitimate,0,legitimate,0.047557,0.952443,True,TN,5,-1,-1,1,-1,1,-1,-1,0,0,1
8569,100734573229168,train_oof,0,legitimate,0,legitimate,0.00407,0.99593,True,TN,2,-1,-1,1,1,1,-1,-1,1,1,-1
8570,141494548367551,train_oof,0,legitimate,0,legitimate,0.206913,0.793087,True,TN,2,1,-1,1,-1,1,1,1,0,1,-1
8571,136774113608735,train_oof,1,phishing,1,phishing,0.646613,0.353387,True,TP,5,1,-1,1,-1,-1,1,-1,1,-1,-1
8572,182411156311943,train_oof,0,legitimate,0,legitimate,0.379817,0.620183,True,TN,2,1,-1,1,-1,1,1,1,0,-1,-1
8573,93156405396824,train_oof,1,phishing,0,legitimate,0.483932,0.516068,False,FN,4,1,1,1,-1,0,1,1,0,-1,-1
8574,280607477332124,train_oof,0,legitimate,0,legitimate,0.325989,0.674011,True,TN,1,-1,-1,1,-1,1,1,-1,0,-1,0
8575,272902456779637,train_oof,1,phishing,0,legitimate,0.48409,0.51591,False,FN,5,-1,-1,1,-1,0,1,1,0,-1,0
8577,200751233390107,train_oof,1,phishing,1,phishing,0.73024,0.26976,True,TP,4,-1,-1,1,-1,-1,1,1,0,-1,-1
8579,59345704456047,train_oof,1,phishing,1,phishing,0.874513,0.125487,True,TP,3,-1,-1,1,-1,0,1,-1,0,-1,-1
8580,156834788714642,train_oof,0,legitimate,0,legitimate,0.09585,0.90415,True,TN,2,1,1,1,-1,1,-1,1,0,0,-1
8582,165372276947619,train_oof,0,legitimate,0,legitimate,0.476026,0.523974,True,TN,5,-1,-1,1,-1,1,1,1,0,0,-1
8583,271198372768717,train_oof,0,legitimate,1,phishing,0.684331,0.315669,False,FP,5,1,-1,1,-1,0,1,1,0,-1,-1
8584,244785052152755,train_oof,0,legitimate,1,phishing,0.671949,0.328051,False,FP,2,-1,1,1,-1,0,1,1,0,-1,-1
8586,30495587064080,train_oof,1,phishing,1,phishing,0.593884,0.406116,True,TP,4,-1,-1,1,-1,-1,1,-1,0,-1,1
8587,281277301415622,train_oof,1,phishing,1,phishing,0.825405,0.174595,True,TP,2,1,-1,1,-1,-1,1,-1,0,-1,-1
8588,59366002112139,train_oof,0,legitimate,0,legitimate,2e-05,0.99998,True,TN,5,1,-1,1,1,1,1,1,1,1,-1
8590,8215183487390,train_oof,0,legitimate,0,legitimate,0.002356,0.997644,True,TN,5,1,-1,-1,1,1,1,1,1,0,1
8592,143421039941939,train_oof,1,phishing,1,phishing,0.882241,0.117759,True,TP,3,-1,-1,1,-1,-1,-1,1,-1,1,-1
8593,251750875940176,train_oof,1,phishing,1,phishing,0.61656,0.38344,True,TP,2,1,-1,1,-1,0,1,-1,0,-1,-1
8595,94058641993660,train_oof,1,phishing,1,phishing,0.993322,0.006678,True,TP,2,-1,-1,1,-1,-1,1,-1,-1,1,-1
8596,259377458433940,train_oof,1,phishing,1,phishing,0.993959,0.006041,True,TP,5,-1,1,1,-1,-1,1,1,-1,0,-1
8597,126778937957426,train_oof,1,phishing,1,phishing,0.920155,0.079845,True,TP,5,1,-1,1,-1,-1,1,1,-1,1,-1
8599,268253210252833,train_oof,1,phishing,0,legitimate,0.320474,0.679526,False,FN,3,-1,-1,1,-1,1,1,1,0,0,-1
8600,257460013688614,train_oof,0,legitimate,0,legitimate,0.015524,0.984476,True,TN,1,1,0,1,-1,1,1,1,0,1,0
8601,98204367787608,train_oof,1,phishing,1,phishing,0.996691,0.003309,True,TP,2,1,-1,1,-1,0,1,-1,-1,1,-1
8603,276779612122402,train_oof,1,phishing,1,phishing,0.874513,0.125487,True,TP,3,-1,-1,1,-1,0,1,-1,0,-1,-1
8604,166384886571138,train_oof,0,legitimate,0,legitimate,0.320474,0.679526,True,TN,3,-1,-1,1,-1,1,1,1,0,0,-1
8606,233731275198531,train_oof,0,legitimate,0,legitimate,0.049946,0.950054,True,TN,1,-1,-1,1,-1,1,-1,1,1,0,-1
8608,119441889451540,train_oof,1,phishing,1,phishing,0.999957,4.3e-05,True,TP,4,-1,-1,1,-1,0,1,-1,-1,-1,-1
8610,27344543285891,train_oof,1,phishing,1,phishing,0.947772,0.052228,True,TP,4,-1,1,1,-1,1,1,1,-1,0,-1
8611,4477787209954,train_oof,1,phishing,1,phishing,0.723706,0.276294,True,TP,3,-1,-1,1,-1,1,1,-1,0,-1,-1
8613,232795475920163,train_oof,1,phishing,1,phishing,0.618268,0.381732,True,TP,2,-1,-1,1,-1,0,1,1,0,0,-1
8614,137406203441726,train_oof,0,legitimate,0,legitimate,0.025343,0.974657,True,TN,3,-1,-1,1,-1,1,-1,-1,0,1,1
8615,267195221559752,train_oof,0,legitimate,0,legitimate,0.006327,0.993673,True,TN,5,-1,-1,1,1,1,1,-1,1,1,-1
8616,26848246660242,train_oof,0,legitimate,0,legitimate,0.3894,0.6106,True,TN,4,-1,-1,1,-1,1,1,1,0,0,-1
8617,172030678777142,train_oof,0,legitimate,1,phishing,0.675254,0.324746,False,FP,5,-1,-1,1,-1,1,1,-1,0,0,-1
8618,185092248563085,train_oof,0,legitimate,0,legitimate,0.056789,0.943211,True,TN,3,-1,-1,1,-1,-1,1,1,0,1,1
8619,270347198707721,train_oof,1,phishing,0,legitimate,0.249519,0.750481,False,FN,1,-1,-1,1,-1,-1,1,-1,1,1,-1
8621,217828227277285,train_oof,0,legitimate,0,legitimate,0.060679,0.939321,True,TN,3,-1,-1,-1,-1,1,1,-1,1,-1,1
8622,148707958157300,train_oof,1,phishing,0,legitimate,0.49874,0.50126,False,FN,4,-1,-1,1,-1,-1,1,1,1,-1,-1
8623,139363198710432,train_oof,1,phishing,0,legitimate,0.219145,0.780855,False,FN,1,1,-1,1,-1,0,-1,1,1,-1,-1
8624,44159424155772,train_oof,0,legitimate,0,legitimate,0.073905,0.926095,True,TN,3,-1,-1,-1,-1,1,1,-1,0,0,-1
8625,165857001318064,train_oof,1,phishing,0,legitimate,0.095161,0.904839,False,FN,1,1,-1,1,-1,1,1,1,1,-1,-1
8626,142847660191705,train_oof,0,legitimate,0,legitimate,0.006615,0.993385,True,TN,5,1,1,1,1,1,-1,1,1,-1,-1
8627,115880562960406,train_oof,0,legitimate,0,legitimate,0.004413,0.995587,True,TN,2,1,-1,1,-1,1,1,1,1,1,-1
8629,202377184379042,train_oof,0,legitimate,0,legitimate,0.370992,0.629008,True,TN,5,1,-1,1,-1,0,1,1,0,0,-1
8630,15628878720688,train_oof,0,legitimate,0,legitimate,0.000416,0.999584,True,TN,3,1,-1,1,-1,1,1,1,1,0,1
8631,225188271888813,train_oof,0,legitimate,1,phishing,0.721706,0.278294,False,FP,4,-1,-1,1,-1,1,1,-1,0,-1,-1
8632,64074772996146,train_oof,1,phishing,1,phishing,0.91472,0.08528,True,TP,1,-1,-1,1,-1,0,1,-1,0,-1,-1
8633,85484369111474,train_oof,0,legitimate,0,legitimate,0.03452,0.96548,True,TN,4,1,-1,1,-1,1,-1,-1,0,0,1
8634,233561033746583,train_oof,0,legitimate,0,legitimate,0.246303,0.753697,True,TN,4,1,-1,1,-1,-1,1,1,0,0,1
8639,222706996989812,train_oof,0,legitimate,0,legitimate,0.100317,0.899683,True,TN,4,1,-1,1,-1,-1,1,1,0,1,1
8640,108522979951550,train_oof,1,phishing,1,phishing,0.999479,0.000521,True,TP,5,-1,-1,1,-1,-1,1,-1,-1,-1,-1
8641,212720517313667,train_oof,0,legitimate,0,legitimate,0.070931,0.929069,True,TN,4,-1,-1,1,-1,1,-1,-1,0,0,0
8642,111998778359100,train_oof,0,legitimate,0,legitimate,0.02057,0.97943,True,TN,4,1,1,-1,1,1,1,1,0,0,-1
8644,18479429852631,train_oof,1,phishing,1,phishing,0.991543,0.008457,True,TP,1,-1,-1,1,-1,-1,1,1,-1,-1,-1
8645,279497175690366,train_oof,1,phishing,1,phishing,0.669292,0.330708,True,TP,3,1,-1,1,-1,1,1,-1,0,-1,-1
8647,176480474030158,train_oof,0,legitimate,0,legitimate,0.164354,0.835646,True,TN,5,-1,1,1,-1,1,1,1,1,1,-1
8648,1122427843610,train_oof,1,phishing,0,legitimate,0.291066,0.708934,False,FN,4,1,-1,1,-1,1,1,-1,0,1,-1
8649,41018678828054,train_oof,0,legitimate,0,legitimate,0.01263,0.98737,True,TN,4,-1,-1,1,-1,1,1,1,0,1,0
8650,217840193040611,train_oof,0,legitimate,0,legitimate,0.037536,0.962464,True,TN,1,1,-1,-1,-1,1,1,1,0,0,1
8651,7222909157388,train_oof,1,phishing,1,phishing,0.636469,0.363531,True,TP,4,-1,-1,1,-1,0,1,-1,0,1,-1
8652,184987291504720,train_oof,1,phishing,0,legitimate,0.374083,0.625917,False,FN,3,-1,-1,1,-1,1,1,-1,0,1,-1
8654,218348709354582,train_oof,1,phishing,1,phishing,0.983569,0.016431,True,TP,5,-1,-1,1,-1,0,1,1,-1,1,-1
8656,185947398528525,train_oof,1,phishing,1,phishing,0.997182,0.002818,True,TP,5,-1,-1,1,-1,0,1,-1,-1,1,-1
8657,182101511148836,train_oof,1,phishing,1,phishing,0.989138,0.010862,True,TP,1,-1,-1,1,-1,-1,1,-1,-1,1,-1
8658,234796561965900,train_oof,0,legitimate,0,legitimate,0.232429,0.767571,True,TN,2,1,-1,1,-1,1,1,1,0,0,-1
8659,5293491375025,train_oof,1,phishing,1,phishing,0.879337,0.120663,True,TP,3,-1,-1,-1,-1,1,-1,-1,-1,1,1
8660,263155243950819,train_oof,0,legitimate,0,legitimate,0.022576,0.977424,True,TN,5,-1,-1,1,1,-1,1,-1,1,1,-1
8661,34277644766045,train_oof,0,legitimate,0,legitimate,0.032373,0.967627,True,TN,5,-1,-1,1,1,1,1,-1,0,1,-1
8662,212200978631112,train_oof,0,legitimate,0,legitimate,0.032493,0.967507,True,TN,5,1,-1,-1,-1,1,1,1,1,-1,1
8663,237996243120754,train_oof,1,phishing,1,phishing,0.933825,0.066175,True,TP,5,1,1,1,-1,-1,1,1,-1,1,-1
8664,128235115129130,train_oof,0,legitimate,0,legitimate,0.305694,0.694306,True,TN,1,-1,-1,1,-1,1,-1,-1,0,-1,0
8665,124427355227459,train_oof,0,legitimate,0,legitimate,0.001404,0.998596,True,TN,4,-1,-1,1,1,1,1,1,0,1,-1
8666,49747184490675,train_oof,0,legitimate,0,legitimate,0.023299,0.976701,True,TN,5,-1,-1,1,1,1,-1,-1,1,-1,-1
8667,246932491962179,train_oof,0,legitimate,0,legitimate,0.095768,0.904232,True,TN,5,-1,1,1,-1,1,1,1,1,-1,0
8670,59845635548899,train_oof,0,legitimate,0,legitimate,0.111145,0.888855,True,TN,2,-1,1,1,-1,1,-1,1,0,0,-1
8671,230154970941205,train_oof,0,legitimate,0,legitimate,0.002268,0.997732,True,TN,5,-1,-1,1,1,1,-1,-1,1,1,-1
8672,89604861495083,train_oof,0,legitimate,0,legitimate,0.025694,0.974306,True,TN,3,1,-1,1,-1,1,1,-1,0,0,0
8673,202605854424247,train_oof,0,legitimate,1,phishing,0.927788,0.072212,False,FP,5,-1,-1,1,-1,0,1,1,0,-1,-1
8674,127837913939734,train_oof,0,legitimate,0,legitimate,1.9e-05,0.999981,True,TN,4,1,-1,1,1,1,1,1,1,0,-1
8675,166683452831723,train_oof,0,legitimate,0,legitimate,0.012506,0.987494,True,TN,4,-1,-1,1,-1,1,-1,1,1,1,-1
8676,135873964520414,train_oof,0,legitimate,1,phishing,0.711065,0.288935,False,FP,3,1,-1,1,-1,0,1,1,0,-1,-1
8677,55557130516449,train_oof,0,legitimate,0,legitimate,0.033642,0.966358,True,TN,3,1,1,1,-1,1,1,1,1,0,0
8678,45880274711908,train_oof,0,legitimate,0,legitimate,0.002823,0.997177,True,TN,2,-1,-1,-1,1,1,1,1,1,-1,-1
8679,224114161524431,train_oof,0,legitimate,0,legitimate,0.023087,0.976913,True,TN,5,-1,1,1,-1,1,-1,1,1,0,1
8681,210602498869075,train_oof,0,legitimate,0,legitimate,0.206913,0.793087,True,TN,2,1,-1,1,-1,1,1,1,0,1,-1
8684,98221446716259,train_oof,0,legitimate,0,legitimate,0.23386,0.76614,True,TN,4,1,-1,1,-1,-1,1,-1,1,0,-1
8687,142494024628163,train_oof,0,legitimate,0,legitimate,0.043761,0.956239,True,TN,1,-1,-1,-1,-1,1,1,1,1,0,-1
8688,112073381913695,train_oof,0,legitimate,0,legitimate,0.096034,0.903966,True,TN,3,-1,-1,-1,-1,1,1,1,0,0,1
8689,91243267658831,train_oof,0,legitimate,0,legitimate,0.002758,0.997242,True,TN,2,-1,-1,1,1,1,-1,1,0,1,-1
8691,27801416586545,train_oof,0,legitimate,0,legitimate,0.004644,0.995356,True,TN,5,1,-1,1,-1,1,1,1,1,1,-1
8692,100759769706426,train_oof,0,legitimate,0,legitimate,0.022704,0.977296,True,TN,5,1,-1,1,1,-1,1,-1,0,-1,-1
8693,248195513263044,train_oof,0,legitimate,0,legitimate,0.100305,0.899695,True,TN,2,-1,1,-1,-1,1,1,1,1,0,0
8694,159337826994775,train_oof,0,legitimate,0,legitimate,0.023527,0.976473,True,TN,1,-1,1,-1,1,0,-1,1,1,1,-1
8697,43738860854623,train_oof,0,legitimate,0,legitimate,0.019485,0.980515,True,TN,5,-1,-1,1,-1,1,-1,1,0,-1,1
8698,136163029048719,train_oof,0,legitimate,0,legitimate,0.017026,0.982974,True,TN,5,-1,-1,1,1,-1,1,-1,1,0,-1
8700,16092460959351,train_oof,0,legitimate,0,legitimate,0.327208,0.672792,True,TN,1,1,-1,1,-1,0,1,1,0,0,-1
8701,175854622342672,train_oof,0,legitimate,0,legitimate,0.000723,0.999277,True,TN,1,1,-1,1,-1,1,1,1,1,1,1
8702,253514668600880,train_oof,0,legitimate,0,legitimate,0.065777,0.934223,True,TN,2,-1,1,-1,-1,1,-1,-1,1,1,1
8703,184987291504720,train_oof,1,phishing,0,legitimate,0.374083,0.625917,False,FN,3,-1,-1,1,-1,1,1,-1,0,1,-1
8704,5133319615241,train_oof,1,phishing,1,phishing,0.538817,0.461183,True,TP,1,-1,-1,1,-1,0,1,-1,0,1,-1
8707,191700215953189,train_oof,0,legitimate,0,legitimate,0.032975,0.967025,True,TN,3,-1,-1,1,1,1,1,1,0,-1,-1
8708,37123983957924,train_oof,1,phishing,0,legitimate,0.252402,0.747598,False,FN,1,-1,-1,1,-1,-1,1,-1,1,0,-1
8710,129668592387254,train_oof,0,legitimate,0,legitimate,0.280449,0.719551,True,TN,4,1,1,1,-1,1,1,1,0,-1,-1
8711,198061112663363,train_oof,1,phishing,1,phishing,0.945702,0.054298,True,TP,3,1,-1,1,-1,-1,1,1,-1,0,-1
8712,178827794698587,train_oof,1,phishing,1,phishing,0.999184,0.000816,True,TP,4,-1,-1,1,-1,0,1,-1,-1,0,-1
8714,212720517313667,train_oof,0,legitimate,0,legitimate,0.070931,0.929069,True,TN,4,-1,-1,1,-1,1,-1,-1,0,0,0
8715,112390512357559,train_oof,0,legitimate,0,legitimate,0.001593,0.998407,True,TN,2,1,-1,1,1,1,1,-1,1,1,-1
8716,41339564736780,train_oof,0,legitimate,0,legitimate,0.04937,0.95063,True,TN,2,1,-1,1,-1,1,-1,1,1,0,-1
8718,196861389723890,train_oof,1,phishing,1,phishing,0.924235,0.075765,True,TP,1,-1,-1,1,-1,1,-1,1,-1,-1,-1
8719,125829818395948,train_oof,1,phishing,1,phishing,0.999076,0.000924,True,TP,2,1,-1,1,-1,-1,1,-1,-1,0,-1
8720,146125578049156,train_oof,1,phishing,1,phishing,0.673601,0.326399,True,TP,4,1,-1,1,-1,0,1,-1,0,-1,-1
8721,280207286373365,train_oof,0,legitimate,0,legitimate,9.8e-05,0.999902,True,TN,1,1,-1,1,1,1,1,1,1,1,-1
8722,167435754747261,train_oof,1,phishing,1,phishing,0.855984,0.144016,True,TP,3,-1,-1,1,-1,0,1,1,0,-1,-1
8723,83289236519441,train_oof,0,legitimate,0,legitimate,0.027674,0.972326,True,TN,1,-1,-1,-1,-1,1,1,1,0,1,1
8724,212602418389531,train_oof,0,legitimate,0,legitimate,0.013724,0.986276,True,TN,1,-1,-1,1,1,1,-1,1,1,-1,-1
8725,108037895748955,train_oof,0,legitimate,0,legitimate,0.000141,0.999859,True,TN,1,1,-1,1,1,1,1,-1,1,1,-1
8726,119817543735430,train_oof,0,legitimate,0,legitimate,0.015508,0.984492,True,TN,4,1,-1,1,-1,1,1,-1,0,1,1
8727,70649614904303,train_oof,1,phishing,1,phishing,0.998499,0.001501,True,TP,2,-1,-1,1,-1,-1,-1,-1,-1,0,-1
8728,208882612880279,train_oof,1,phishing,1,phishing,0.992696,0.007304,True,TP,2,1,-1,1,-1,-1,1,1,-1,0,-1
8729,124948535667670,train_oof,1,phishing,1,phishing,0.849268,0.150732,True,TP,4,-1,-1,1,-1,1,1,1,-1,1,-1
8731,1962078338370,train_oof,1,phishing,1,phishing,0.855984,0.144016,True,TP,3,-1,-1,1,-1,0,1,1,0,-1,-1
8732,115253971944619,train_oof,0,legitimate,0,legitimate,0.001458,0.998542,True,TN,3,-1,-1,-1,1,1,1,1,1,1,-1
8733,8765426370098,train_oof,1,phishing,1,phishing,0.99884,0.00116,True,TP,5,1,-1,1,-1,-1,1,-1,-1,-1,-1
8734,177792915010304,train_oof,0,legitimate,0,legitimate,0.04823,0.95177,True,TN,4,-1,-1,-1,-1,1,1,-1,1,1,-1
8735,203479269851008,train_oof,1,phishing,1,phishing,0.996923,0.003077,True,TP,3,-1,-1,-1,-1,-1,-1,-1,-1,1,-1
8736,215768766173414,train_oof,0,legitimate,0,legitimate,0.002736,0.997264,True,TN,3,-1,-1,1,1,1,-1,1,0,1,-1
8737,162725322873002,train_oof,1,phishing,1,phishing,0.981454,0.018546,True,TP,5,1,-1,1,-1,0,-1,1,-1,-1,-1
8738,154053945010137,train_oof,0,legitimate,0,legitimate,0.000929,0.999071,True,TN,4,1,-1,1,1,1,1,1,0,0,-1
8740,54884727396313,train_oof,1,phishing,1,phishing,0.990239,0.009761,True,TP,4,1,-1,1,-1,1,1,1,-1,0,-1
8741,83311608654488,train_oof,0,legitimate,0,legitimate,0.000131,0.999869,True,TN,3,1,-1,1,1,1,1,1,0,0,1
8742,1731735056143,train_oof,0,legitimate,0,legitimate,0.221952,0.778048,True,TN,3,-1,-1,1,-1,-1,1,-1,1,1,-1
8743,139490661905510,train_oof,1,phishing,1,phishing,0.999184,0.000816,True,TP,4,-1,-1,1,-1,0,1,-1,-1,0,-1
8746,23369618014685,train_oof,1,phishing,1,phishing,0.993646,0.006354,True,TP,5,-1,-1,1,-1,-1,-1,-1,-1,0,-1
8747,33692659893325,train_oof,1,phishing,0,legitimate,0.192218,0.807782,False,FN,4,1,1,1,-1,-1,1,1,1,0,-1
8748,116876721384810,train_oof,1,phishing,1,phishing,0.995874,0.004126,True,TP,4,-1,1,1,-1,-1,1,1,-1,-1,-1
8750,212419681709302,train_oof,0,legitimate,0,legitimate,0.193155,0.806845,True,TN,4,1,1,1,-1,1,1,1,0,1,1
8751,22610955627233,train_oof,1,phishing,1,phishing,0.629953,0.370047,True,TP,2,1,-1,1,-1,1,1,-1,0,-1,-1
8752,29470528747954,train_oof,1,phishing,1,phishing,0.566033,0.433967,True,TP,2,-1,-1,1,-1,0,-1,1,0,0,-1
8753,251040505860521,train_oof,1,phishing,1,phishing,0.730373,0.269627,True,TP,3,-1,0,1,-1,1,1,-1,0,-1,-1
8754,232778357057383,train_oof,1,phishing,1,phishing,0.938685,0.061315,True,TP,2,1,-1,1,-1,1,-1,1,-1,-1,-1
8755,231871805498100,train_oof,1,phishing,1,phishing,0.997555,0.002445,True,TP,1,-1,1,1,-1,-1,1,1,-1,-1,-1
8756,74069502288913,train_oof,1,phishing,1,phishing,0.990668,0.009332,True,TP,3,-1,-1,1,-1,-1,-1,-1,-1,1,-1
8757,33984109459751,train_oof,1,phishing,1,phishing,0.990787,0.009213,True,TP,2,-1,-1,1,-1,0,-1,1,-1,-1,-1
8758,78554068979666,train_oof,1,phishing,1,phishing,0.926302,0.073698,True,TP,3,-1,1,1,-1,-1,-1,1,-1,1,-1
8759,70022642974124,train_oof,0,legitimate,0,legitimate,0.001565,0.998435,True,TN,1,-1,-1,-1,1,1,1,1,1,-1,-1
8760,135873964520414,train_oof,1,phishing,1,phishing,0.711065,0.288935,True,TP,3,1,-1,1,-1,0,1,1,0,-1,-1
8761,177617114149162,train_oof,0,legitimate,0,legitimate,0.007025,0.992975,True,TN,1,1,-1,1,-1,1,1,1,0,1,1
8762,99450648043685,train_oof,1,phishing,1,phishing,0.997219,0.002781,True,TP,1,1,-1,1,-1,0,1,-1,-1,-1,-1
8763,169085295018336,train_oof,1,phishing,1,phishing,0.589021,0.410979,True,TP,1,-1,-1,1,-1,0,-1,1,0,-1,-1
8764,65298599620282,train_oof,1,phishing,1,phishing,0.91472,0.08528,True,TP,1,-1,-1,1,-1,0,1,-1,0,-1,-1
8766,202377184379042,train_oof,1,phishing,0,legitimate,0.370992,0.629008,False,FN,5,1,-1,1,-1,0,1,1,0,0,-1
8767,227502380055493,train_oof,0,legitimate,0,legitimate,0.003567,0.996433,True,TN,4,-1,-1,1,1,1,1,1,1,0,-1
8768,63833474131909,train_oof,1,phishing,0,legitimate,0.080167,0.919833,False,FN,5,1,-1,1,-1,1,1,1,0,-1,0
8769,122890079619838,train_oof,0,legitimate,0,legitimate,0.012552,0.987448,True,TN,5,-1,1,1,1,-1,1,1,1,0,-1
8770,73618664072985,train_oof,1,phishing,1,phishing,0.990797,0.009203,True,TP,3,1,-1,1,-1,0,1,1,-1,1,-1
8771,52236700791735,train_oof,0,legitimate,0,legitimate,0.013779,0.986221,True,TN,4,1,-1,1,-1,1,1,1,0,1,1
8773,80642130646062,train_oof,1,phishing,1,phishing,0.99313,0.00687,True,TP,2,-1,1,1,-1,-1,1,1,-1,1,-1
8774,36311391379030,train_oof,1,phishing,1,phishing,0.941067,0.058933,True,TP,3,1,-1,1,-1,-1,1,1,-1,1,-1
8775,125123750951439,train_oof,1,phishing,1,phishing,0.949703,0.050297,True,TP,4,1,-1,1,-1,-1,1,1,-1,0,-1
8776,18700894105745,train_oof,0,legitimate,0,legitimate,0.09489,0.90511,True,TN,4,-1,-1,1,-1,1,1,-1,0,0,0
8777,184998474293132,train_oof,1,phishing,1,phishing,0.989138,0.010862,True,TP,1,-1,-1,1,-1,-1,1,-1,-1,1,-1
8778,205390148052990,train_oof,0,legitimate,0,legitimate,0.019732,0.980268,True,TN,3,-1,-1,1,-1,1,1,1,1,-1,1
8779,26998133443193,train_oof,0,legitimate,0,legitimate,0.073939,0.926061,True,TN,3,-1,-1,1,-1,1,1,1,0,-1,1
8780,223233513458805,train_oof,1,phishing,1,phishing,0.998657,0.001343,True,TP,5,-1,-1,1,-1,-1,1,-1,-1,0,-1
8784,123174190578482,train_oof,0,legitimate,0,legitimate,0.007474,0.992526,True,TN,5,-1,-1,-1,1,1,1,1,0,-1,-1
8786,119913093298355,train_oof,1,phishing,1,phishing,0.998972,0.001028,True,TP,3,-1,-1,1,-1,0,1,-1,-1,0,-1
8788,280696309564067,train_oof,1,phishing,1,phishing,0.547389,0.452611,True,TP,4,-1,-1,1,-1,1,1,1,0,-1,-1
8789,70568692911196,train_oof,0,legitimate,0,legitimate,0.000101,0.999899,True,TN,5,1,-1,1,1,1,1,1,1,0,-1
8790,59570394806712,train_oof,0,legitimate,0,legitimate,0.00096,0.99904,True,TN,1,1,-1,1,1,-1,1,1,1,1,-1
8791,232478074336171,train_oof,0,legitimate,0,legitimate,0.001687,0.998313,True,TN,3,1,-1,1,1,1,1,1,0,0,-1
8792,200534246929775,train_oof,1,phishing,1,phishing,0.995208,0.004792,True,TP,2,-1,-1,-1,-1,0,-1,1,-1,1,-1
8793,197693533873106,train_oof,1,phishing,1,phishing,0.998826,0.001174,True,TP,3,-1,-1,1,-1,-1,1,-1,-1,-1,-1
8794,253117904801607,train_oof,0,legitimate,0,legitimate,0.017026,0.982974,True,TN,5,-1,-1,1,1,-1,1,-1,1,0,-1
8795,160097069775564,train_oof,1,phishing,1,phishing,0.999186,0.000814,True,TP,5,-1,-1,1,-1,0,1,-1,-1,0,-1
8796,181429368594694,train_oof,0,legitimate,0,legitimate,0.057766,0.942234,True,TN,4,-1,-1,-1,-1,1,1,-1,1,0,-1
8797,210997615572582,train_oof,0,legitimate,0,legitimate,0.004056,0.995944,True,TN,1,1,-1,1,-1,1,1,1,0,0,1
8798,272508831609618,train_oof,0,legitimate,0,legitimate,0.12514,0.87486,True,TN,4,1,1,1,-1,1,1,-1,0,1,1
8799,246874151735404,train_oof,1,phishing,1,phishing,0.99995,5e-05,True,TP,2,-1,-1,1,-1,0,1,-1,-1,-1,-1
8800,239186981240604,train_oof,0,legitimate,0,legitimate,0.008603,0.991397,True,TN,1,1,-1,1,-1,1,1,-1,0,0,1
8802,238757011076323,train_oof,0,legitimate,0,legitimate,0.115179,0.884821,True,TN,4,-1,1,1,-1,1,-1,1,0,0,-1
8803,160292824195409,train_oof,1,phishing,1,phishing,0.99705,0.00295,True,TP,1,-1,1,1,-1,0,1,1,-1,-1,-1
8804,130250091445012,train_oof,0,legitimate,0,legitimate,0.00428,0.99572,True,TN,1,1,1,1,-1,1,-1,1,0,0,1
8805,219085746230280,train_oof,1,phishing,1,phishing,0.986549,0.013451,True,TP,3,-1,-1,1,-1,1,1,-1,-1,0,-1
8806,221960467607749,train_oof,1,phishing,1,phishing,0.99313,0.00687,True,TP,2,-1,1,1,-1,-1,1,1,-1,1,-1
8809,248217014351915,train_oof,1,phishing,1,phishing,0.723706,0.276294,True,TP,3,-1,-1,1,-1,1,1,-1,0,-1,-1
8810,163209228781784,train_oof,1,phishing,1,phishing,0.643159,0.356841,True,TP,2,1,-1,1,-1,0,1,1,0,-1,-1
8812,11308756940562,train_oof,1,phishing,1,phishing,0.976239,0.023761,True,TP,4,1,-1,1,-1,-1,1,-1,-1,-1,1
8813,171298080397838,train_oof,1,phishing,0,legitimate,0.422054,0.577946,False,FN,4,-1,1,1,-1,0,1,1,0,1,-1
8814,62666385497772,train_oof,0,legitimate,1,phishing,0.858734,0.141266,False,FP,5,-1,-1,1,-1,1,-1,1,-1,1,-1
8816,202490742063495,train_oof,0,legitimate,0,legitimate,0.038766,0.961234,True,TN,3,-1,-1,-1,-1,1,1,-1,0,1,1
8817,232631457820110,train_oof,1,phishing,1,phishing,0.99561,0.00439,True,TP,3,-1,-1,1,-1,-1,1,-1,-1,-1,0
8818,89646384568642,train_oof,0,legitimate,0,legitimate,0.000634,0.999366,True,TN,5,1,-1,1,-1,1,1,1,1,1,1
8819,17670975930231,train_oof,1,phishing,1,phishing,0.846065,0.153935,True,TP,2,-1,-1,1,-1,1,-1,1,-1,1,-1
8821,260077952181648,train_oof,1,phishing,1,phishing,0.980585,0.019415,True,TP,4,-1,1,1,-1,-1,1,1,-1,-1,0
8822,269692067895375,train_oof,0,legitimate,0,legitimate,0.003863,0.996137,True,TN,2,1,-1,1,-1,1,1,1,1,1,0
8823,80894632653530,train_oof,1,phishing,0,legitimate,0.379817,0.620183,False,FN,2,1,-1,1,-1,1,1,1,0,-1,-1
8824,73033750229959,train_oof,0,legitimate,0,legitimate,0.009795,0.990205,True,TN,5,1,-1,1,1,1,1,1,1,-1,-1
8825,22610955627233,train_oof,1,phishing,1,phishing,0.629953,0.370047,True,TP,2,1,-1,1,-1,1,1,-1,0,-1,-1
8826,235362887493336,train_oof,1,phishing,1,phishing,0.991548,0.008452,True,TP,5,-1,-1,1,-1,1,1,-1,-1,-1,-1
8827,12629539878228,train_oof,0,legitimate,0,legitimate,0.391191,0.608809,True,TN,5,1,0,1,-1,-1,1,-1,0,-1,0
8828,183153651119533,train_oof,1,phishing,1,phishing,0.987534,0.012466,True,TP,5,1,1,-1,-1,-1,1,-1,-1,1,-1
8829,73080387587829,train_oof,1,phishing,1,phishing,0.998384,0.001616,True,TP,3,1,-1,1,-1,0,1,-1,-1,-1,-1
8830,52343484654858,train_oof,0,legitimate,0,legitimate,0.003056,0.996944,True,TN,3,-1,-1,1,-1,1,-1,1,1,1,1
8831,22217913835686,train_oof,0,legitimate,0,legitimate,0.237728,0.762272,True,TN,2,1,-1,1,-1,-1,1,-1,0,0,1
8835,197793719559961,train_oof,1,phishing,1,phishing,0.979429,0.020571,True,TP,2,-1,-1,-1,-1,0,-1,-1,-1,1,0
8836,74149215570565,train_oof,1,phishing,1,phishing,0.997594,0.002406,True,TP,1,-1,-1,1,-1,-1,1,-1,-1,-1,0
8837,251633612997186,train_oof,1,phishing,1,phishing,0.995267,0.004733,True,TP,3,-1,-1,1,-1,-1,1,-1,-1,1,-1
8840,119817543735430,train_oof,0,legitimate,0,legitimate,0.015508,0.984492,True,TN,4,1,-1,1,-1,1,1,-1,0,1,1
8841,211789327003540,train_oof,1,phishing,1,phishing,0.998384,0.001616,True,TP,3,1,-1,1,-1,0,1,-1,-1,-1,-1
8842,70186600726170,train_oof,1,phishing,1,phishing,0.998816,0.001184,True,TP,4,-1,-1,1,-1,0,1,1,-1,-1,-1
8843,96621833734635,train_oof,1,phishing,1,phishing,0.995874,0.004126,True,TP,4,-1,1,1,-1,-1,1,1,-1,-1,-1
8844,175231691817029,train_oof,1,phishing,1,phishing,0.999124,0.000876,True,TP,4,-1,-1,1,-1,-1,1,-1,-1,-1,-1
8845,209637499983338,train_oof,0,legitimate,0,legitimate,0.015508,0.984492,True,TN,4,1,-1,1,-1,1,1,-1,0,1,1
8846,138805978480164,train_oof,0,legitimate,0,legitimate,0.051952,0.948048,True,TN,2,-1,-1,-1,-1,1,1,1,0,1,-1
8847,122248014477612,train_oof,1,phishing,1,phishing,0.999577,0.000423,True,TP,2,1,-1,1,-1,-1,1,-1,-1,-1,-1
8849,34545007131048,train_oof,1,phishing,1,phishing,0.969474,0.030526,True,TP,1,1,-1,1,-1,-1,-1,1,-1,-1,-1
8851,177792915010304,train_oof,0,legitimate,0,legitimate,0.04823,0.95177,True,TN,4,-1,-1,-1,-1,1,1,-1,1,1,-1
8853,143574361889136,train_oof,0,legitimate,0,legitimate,0.00943,0.99057,True,TN,3,1,-1,1,-1,1,1,1,1,0,-1
8855,45654523011978,train_oof,1,phishing,1,phishing,0.961989,0.038011,True,TP,4,-1,-1,1,-1,1,1,1,-1,-1,-1
8856,271385299586846,train_oof,0,legitimate,0,legitimate,0.195778,0.804222,True,TN,4,1,-1,1,-1,1,1,1,0,1,-1
8857,137595270315532,train_oof,1,phishing,0,legitimate,0.331395,0.668605,False,FN,2,-1,-1,1,-1,-1,1,1,0,0,-1
8858,232168261792826,train_oof,0,legitimate,0,legitimate,0.029101,0.970899,True,TN,1,1,-1,1,-1,1,1,1,0,0,0
8860,213549721734833,train_oof,0,legitimate,0,legitimate,0.000358,0.999642,True,TN,3,-1,-1,1,1,1,-1,1,1,1,-1
8861,112988676976312,train_oof,0,legitimate,0,legitimate,0.012016,0.987984,True,TN,1,1,-1,1,-1,1,1,1,0,1,0
8864,28671266551940,train_oof,0,legitimate,0,legitimate,0.114307,0.885693,True,TN,3,-1,1,-1,-1,-1,-1,-1,0,1,1
8868,233828794112468,train_oof,1,phishing,1,phishing,0.970801,0.029199,True,TP,3,-1,1,-1,-1,1,1,1,-1,0,-1
8869,158183937790321,train_oof,0,legitimate,0,legitimate,0.004456,0.995544,True,TN,5,1,-1,1,-1,1,1,1,0,0,1
8870,274682408334729,train_oof,1,phishing,1,phishing,0.987717,0.012283,True,TP,5,-1,0,1,-1,1,1,-1,-1,-1,-1
8871,77115888436047,train_oof,1,phishing,1,phishing,0.998477,0.001523,True,TP,3,-1,-1,1,-1,-1,1,-1,-1,0,-1
8873,83901588657738,train_oof,1,phishing,1,phishing,0.999816,0.000184,True,TP,5,-1,-1,1,-1,0,1,-1,-1,-1,-1
8878,147537320755778,train_oof,0,legitimate,0,legitimate,0.005254,0.994746,True,TN,3,-1,-1,1,1,1,1,1,0,0,-1
8879,133431907140558,train_oof,0,legitimate,0,legitimate,0.156899,0.843101,True,TN,5,-1,-1,1,-1,1,1,1,0,1,-1
8880,38995443107375,train_oof,1,phishing,1,phishing,0.998351,0.001649,True,TP,2,-1,-1,1,-1,0,1,1,-1,-1,-1
8881,211446717801004,train_oof,1,phishing,1,phishing,0.991824,0.008176,True,TP,4,-1,-1,1,-1,-1,-1,-1,-1,1,-1
8882,43647435417027,train_oof,1,phishing,1,phishing,0.993646,0.006354,True,TP,5,-1,-1,1,-1,-1,-1,-1,-1,0,-1
8883,52076795093532,train_oof,0,legitimate,0,legitimate,0.017306,0.982694,True,TN,3,-1,-1,1,-1,1,-1,1,1,1,-1
8884,193884658616950,train_oof,1,phishing,1,phishing,0.991543,0.008457,True,TP,1,-1,-1,1,-1,-1,1,1,-1,-1,-1
8885,64194265140542,train_oof,1,phishing,0,legitimate,0.15142,0.84858,False,FN,1,1,-1,1,-1,1,1,1,0,0,-1
8887,142045699688072,train_oof,1,phishing,1,phishing,0.986814,0.013186,True,TP,2,1,-1,1,-1,1,1,1,-1,0,-1
8888,123130622131266,train_oof,0,legitimate,0,legitimate,0.243128,0.756872,True,TN,2,-1,-1,1,-1,1,-1,1,0,0,-1
8890,184963672165889,train_oof,0,legitimate,0,legitimate,0.247151,0.752849,True,TN,3,-1,-1,-1,-1,1,1,1,0,-1,0
8891,230039426121573,train_oof,0,legitimate,0,legitimate,0.022194,0.977806,True,TN,4,1,1,1,-1,1,1,1,1,0,1
8892,17304061399516,train_oof,0,legitimate,0,legitimate,0.001519,0.998481,True,TN,1,1,-1,1,1,1,1,1,0,1,-1
8894,29470528747954,train_oof,1,phishing,1,phishing,0.566033,0.433967,True,TP,2,-1,-1,1,-1,0,-1,1,0,0,-1
8895,232168261792826,train_oof,0,legitimate,0,legitimate,0.029101,0.970899,True,TN,1,1,-1,1,-1,1,1,1,0,0,0
8896,133126999745724,train_oof,0,legitimate,0,legitimate,0.290574,0.709426,True,TN,1,1,-1,1,-1,0,1,-1,1,-1,1
8897,187871922984504,train_oof,1,phishing,1,phishing,0.998758,0.001242,True,TP,1,-1,-1,1,-1,-1,1,-1,-1,-1,-1
8900,249477969907771,train_oof,1,phishing,1,phishing,0.999184,0.000816,True,TP,4,-1,-1,1,-1,0,1,-1,-1,0,-1
8902,204115871213636,train_oof,0,legitimate,0,legitimate,0.007658,0.992342,True,TN,4,-1,1,1,1,1,1,1,1,0,-1
8903,259707455498878,train_oof,0,legitimate,0,legitimate,0.064782,0.935218,True,TN,4,1,-1,1,-1,0,1,1,1,0,-1
8904,275735276009730,train_oof,1,phishing,1,phishing,0.993003,0.006997,True,TP,4,-1,-1,1,-1,-1,1,1,-1,0,-1
8905,265750508175139,train_oof,0,legitimate,0,legitimate,0.104593,0.895407,True,TN,1,-1,-1,1,-1,-1,1,1,0,1,-1
8906,277252451297488,train_oof,1,phishing,1,phishing,0.997842,0.002158,True,TP,5,1,-1,1,-1,-1,1,-1,-1,0,-1
8907,120449033393829,train_oof,0,legitimate,0,legitimate,0.004801,0.995199,True,TN,1,1,-1,1,-1,1,1,1,1,0,-1
8909,36584191976629,train_oof,1,phishing,1,phishing,0.999674,0.000326,True,TP,2,-1,-1,1,-1,0,1,-1,-1,0,-1
8912,237761440594534,train_oof,1,phishing,1,phishing,0.976449,0.023551,True,TP,4,-1,-1,1,-1,-1,1,-1,-1,0,1
8913,124006896668315,train_oof,1,phishing,1,phishing,0.997393,0.002607,True,TP,2,1,-1,1,-1,0,1,1,-1,-1,-1
8915,148136672921431,train_oof,1,phishing,1,phishing,0.95173,0.04827,True,TP,5,1,-1,1,-1,1,-1,1,-1,0,-1
8916,179293089724942,train_oof,1,phishing,1,phishing,0.941067,0.058933,True,TP,3,1,-1,1,-1,-1,1,1,-1,1,-1
8917,9626009005709,train_oof,1,phishing,1,phishing,0.99805,0.00195,True,TP,4,1,-1,1,-1,0,1,-1,-1,0,-1
8918,174704811864528,train_oof,0,legitimate,0,legitimate,0.008979,0.991021,True,TN,2,1,-1,1,-1,1,1,-1,0,0,1
8919,46334701744030,train_oof,1,phishing,1,phishing,0.930681,0.069319,True,TP,5,-1,1,-1,-1,1,-1,1,-1,1,-1
8920,239186981240604,train_oof,0,legitimate,0,legitimate,0.008603,0.991397,True,TN,1,1,-1,1,-1,1,1,-1,0,0,1
8921,75308834639144,train_oof,0,legitimate,0,legitimate,0.003316,0.996684,True,TN,4,1,-1,1,-1,1,1,-1,1,1,1
8922,123515288232164,train_oof,0,legitimate,0,legitimate,0.03612,0.96388,True,TN,4,1,-1,1,-1,1,1,-1,0,1,0
8925,38653190134831,train_oof,0,legitimate,0,legitimate,0.027327,0.972673,True,TN,4,1,-1,1,1,0,1,1,0,-1,-1
8926,83968015194693,train_oof,1,phishing,1,phishing,0.577547,0.422453,True,TP,3,-1,-1,1,-1,0,1,-1,0,1,-1
8928,72936088638681,train_oof,1,phishing,1,phishing,0.891789,0.108211,True,TP,2,-1,-1,1,-1,0,1,-1,0,-1,-1
8929,86855953294178,train_oof,1,phishing,1,phishing,0.98206,0.01794,True,TP,2,1,-1,-1,-1,-1,1,-1,-1,1,-1
8930,130695029004652,train_oof,1,phishing,1,phishing,0.649528,0.350472,True,TP,1,1,-1,1,-1,-1,1,-1,1,-1,-1
8931,4537628850880,train_oof,0,legitimate,0,legitimate,0.012955,0.987045,True,TN,5,1,-1,1,1,1,1,-1,1,-1,-1
8932,64759886469723,train_oof,1,phishing,1,phishing,0.99718,0.00282,True,TP,4,1,-1,1,-1,0,-1,-1,-1,0,-1
8933,58281182317715,train_oof,0,legitimate,0,legitimate,0.008381,0.991619,True,TN,4,-1,-1,1,1,1,1,-1,1,0,-1
8934,258612516916320,train_oof,0,legitimate,0,legitimate,0.183525,0.816475,True,TN,2,1,-1,1,-1,0,-1,1,0,0,-1
8935,227562547935189,train_oof,1,phishing,1,phishing,0.927788,0.072212,True,TP,5,-1,-1,1,-1,0,1,1,0,-1,-1
8936,147598437991746,train_oof,0,legitimate,0,legitimate,0.195778,0.804222,True,TN,4,1,-1,1,-1,1,1,1,0,1,-1
8937,200313455002296,train_oof,0,legitimate,0,legitimate,0.019072,0.980928,True,TN,5,-1,-1,1,-1,1,1,1,1,-1,1
8938,185000835055539,train_oof,0,legitimate,0,legitimate,0.118059,0.881941,True,TN,5,1,-1,1,-1,0,1,1,0,1,-1
8939,94732203106929,train_oof,0,legitimate,0,legitimate,0.026127,0.973873,True,TN,1,1,-1,1,-1,1,1,-1,0,1,0
8940,74079417836868,train_oof,0,legitimate,0,legitimate,0.147248,0.852752,True,TN,1,1,-1,1,-1,1,1,-1,0,-1,1
8942,114618515531502,train_oof,0,legitimate,0,legitimate,0.036,0.964,True,TN,1,1,1,1,1,0,1,1,0,-1,-1
8943,78941221381610,train_oof,1,phishing,1,phishing,0.995711,0.004289,True,TP,5,1,-1,1,-1,0,-1,-1,-1,0,-1
8944,146642919125816,train_oof,0,legitimate,0,legitimate,0.460925,0.539075,True,TN,3,1,-1,1,-1,1,1,1,0,-1,-1
8945,158183937790321,train_oof,0,legitimate,0,legitimate,0.004456,0.995544,True,TN,5,1,-1,1,-1,1,1,1,0,0,1
8946,1882943596961,train_oof,0,legitimate,0,legitimate,0.026836,0.973164,True,TN,5,-1,-1,-1,-1,1,1,1,1,-1,1
8947,21708275264937,train_oof,0,legitimate,0,legitimate,0.073939,0.926061,True,TN,3,-1,-1,1,-1,1,1,1,0,-1,1
8950,190893874678780,train_oof,0,legitimate,0,legitimate,0.024908,0.975092,True,TN,1,1,-1,1,-1,1,1,-1,1,1,-1
8954,194735921621135,train_oof,0,legitimate,0,legitimate,0.169733,0.830267,True,TN,1,1,1,-1,-1,1,1,1,0,-1,1
8955,218254466546311,train_oof,1,phishing,1,phishing,0.990084,0.009916,True,TP,2,1,-1,1,-1,0,-1,-1,-1,1,-1
8956,45941433958158,train_oof,1,phishing,0,legitimate,0.397732,0.602268,False,FN,5,-1,1,-1,-1,0,1,1,0,-1,-1
8957,111362028444539,train_oof,1,phishing,1,phishing,0.997925,0.002075,True,TP,3,1,-1,1,-1,-1,-1,-1,-1,0,-1
8958,60263076774940,train_oof,0,legitimate,0,legitimate,0.25292,0.74708,True,TN,3,-1,-1,1,-1,-1,1,-1,0,1,-1
8959,126723988258729,train_oof,0,legitimate,1,phishing,0.673601,0.326399,False,FP,4,1,-1,1,-1,0,1,-1,0,-1,-1
8961,60024004081571,train_oof,0,legitimate,0,legitimate,0.027863,0.972137,True,TN,1,1,-1,1,1,1,1,-1,0,-1,1
8962,106862902875374,train_oof,0,legitimate,0,legitimate,0.011245,0.988755,True,TN,1,1,1,1,-1,1,1,1,1,1,1
8963,74647190187995,train_oof,1,phishing,1,phishing,0.999181,0.000819,True,TP,2,-1,-1,1,-1,-1,1,-1,-1,0,-1
8966,146354996594617,train_oof,1,phishing,1,phishing,0.998758,0.001242,True,TP,1,-1,-1,1,-1,-1,1,-1,-1,-1,-1
8967,120819561064458,train_oof,0,legitimate,0,legitimate,0.031013,0.968987,True,TN,5,1,-1,1,-1,1,1,-1,1,0,-1
8968,61780948891330,train_oof,1,phishing,1,phishing,0.998477,0.001523,True,TP,3,-1,-1,1,-1,-1,1,-1,-1,0,-1
8969,57996322772669,train_oof,1,phishing,1,phishing,0.994232,0.005768,True,TP,4,-1,1,1,-1,-1,1,1,-1,1,-1
8970,161175536905037,train_oof,1,phishing,1,phishing,0.999479,0.000521,True,TP,5,-1,-1,1,-1,-1,1,-1,-1,-1,-1
8971,119738583431228,train_oof,0,legitimate,0,legitimate,0.011753,0.988247,True,TN,5,1,-1,1,-1,1,1,-1,0,0,1
8972,37219524713903,train_oof,0,legitimate,0,legitimate,0.188697,0.811303,True,TN,4,1,-1,1,-1,-1,1,-1,0,0,1
8974,122890079619838,train_oof,0,legitimate,0,legitimate,0.012552,0.987448,True,TN,5,-1,1,1,1,-1,1,1,1,0,-1
8975,256498503209888,train_oof,1,phishing,1,phishing,0.996958,0.003042,True,TP,1,-1,-1,-1,-1,-1,-1,-1,-1,1,-1
8976,2606665653872,train_oof,1,phishing,0,legitimate,0.081553,0.918447,False,FN,2,1,-1,1,-1,0,1,1,0,1,-1
8977,101027539442428,train_oof,1,phishing,1,phishing,0.999636,0.000364,True,TP,2,-1,-1,1,-1,-1,1,-1,-1,-1,-1
8978,281237219489856,train_oof,0,legitimate,0,legitimate,0.31366,0.68634,True,TN,3,-1,-1,1,-1,0,-1,1,0,1,-1
8980,52236739903081,train_oof,0,legitimate,0,legitimate,0.009893,0.990107,True,TN,5,1,-1,1,-1,1,1,1,1,0,-1
8981,81411750759942,train_oof,0,legitimate,1,phishing,0.756748,0.243252,False,FP,1,1,-1,1,-1,0,1,1,0,-1,-1
8982,70300671018759,train_oof,1,phishing,0,legitimate,0.114067,0.885933,False,FN,1,1,-1,1,-1,1,1,-1,0,0,-1
8983,131902233250080,train_oof,0,legitimate,0,legitimate,0.013779,0.986221,True,TN,4,1,-1,1,-1,1,1,1,0,1,1
8985,191700215953189,train_oof,0,legitimate,0,legitimate,0.032975,0.967025,True,TN,3,-1,-1,1,1,1,1,1,0,-1,-1
8986,72936088638681,train_oof,1,phishing,1,phishing,0.891789,0.108211,True,TP,2,-1,-1,1,-1,0,1,-1,0,-1,-1
8987,130786244179420,train_oof,1,phishing,1,phishing,0.997418,0.002582,True,TP,2,-1,-1,1,-1,0,1,1,-1,0,-1
8988,219584012794976,train_oof,0,legitimate,0,legitimate,0.327907,0.672093,True,TN,3,1,-1,1,-1,1,1,-1,0,1,-1
8990,123387855444177,train_oof,0,legitimate,0,legitimate,0.104593,0.895407,True,TN,1,-1,-1,1,-1,-1,1,1,0,1,-1
8991,88101442873232,train_oof,1,phishing,1,phishing,0.755943,0.244057,True,TP,5,-1,-1,1,-1,1,1,-1,0,-1,-1
8992,59449035278377,train_oof,0,legitimate,0,legitimate,0.003338,0.996662,True,TN,3,-1,-1,-1,1,0,1,-1,1,0,-1
8993,126397731290493,train_oof,1,phishing,1,phishing,0.997644,0.002356,True,TP,3,-1,-1,1,-1,0,-1,-1,-1,-1,-1
8994,30629915851933,train_oof,1,phishing,1,phishing,0.991114,0.008886,True,TP,4,1,-1,1,-1,-1,1,1,-1,-1,-1
8995,224579970990964,train_oof,0,legitimate,1,phishing,0.652538,0.347462,False,FP,5,1,-1,1,-1,1,1,-1,0,-1,-1
8996,173415407325627,train_oof,1,phishing,1,phishing,0.973848,0.026152,True,TP,3,-1,1,-1,-1,-1,1,1,-1,1,0
8997,10806561223559,train_oof,1,phishing,1,phishing,0.986591,0.013409,True,TP,5,1,-1,1,-1,-1,1,1,-1,-1,-1
8998,85851575175377,train_oof,0,legitimate,0,legitimate,0.024908,0.975092,True,TN,1,1,-1,1,-1,1,1,-1,1,1,-1
9000,250036126352252,train_oof,1,phishing,1,phishing,0.925821,0.074179,True,TP,3,1,-1,1,-1,1,1,1,-1,1,-1
9001,69554454165025,train_oof,1,phishing,1,phishing,0.997046,0.002954,True,TP,1,1,-1,1,-1,0,1,1,-1,-1,-1
9002,63191826382947,train_oof,0,legitimate,0,legitimate,0.144358,0.855642,True,TN,3,-1,1,1,-1,1,1,1,0,0,1
9003,246281396459716,train_oof,1,phishing,1,phishing,0.993417,0.006583,True,TP,5,-1,-1,-1,-1,0,-1,-1,-1,-1,-1
9004,43988712306745,train_oof,1,phishing,1,phishing,0.986591,0.013409,True,TP,5,1,-1,1,-1,-1,1,1,-1,-1,-1
9005,191700215953189,train_oof,0,legitimate,0,legitimate,0.032975,0.967025,True,TN,3,-1,-1,1,1,1,1,1,0,-1,-1
9006,238574806114698,train_oof,0,legitimate,0,legitimate,0.001001,0.998999,True,TN,4,1,-1,1,1,1,-1,1,1,0,-1
9007,156890356126657,train_oof,0,legitimate,0,legitimate,0.186836,0.813164,True,TN,1,1,-1,1,-1,1,1,1,0,1,-1
9008,110243332617455,train_oof,1,phishing,1,phishing,0.681161,0.318839,True,TP,1,-1,-1,1,-1,1,1,-1,0,-1,-1
9010,248195513263044,train_oof,0,legitimate,0,legitimate,0.100305,0.899695,True,TN,2,-1,1,-1,-1,1,1,1,1,0,0
9011,50037662724776,train_oof,1,phishing,1,phishing,0.99381,0.00619,True,TP,5,-1,-1,1,-1,-1,1,1,-1,-1,-1
9012,199465423532014,train_oof,0,legitimate,0,legitimate,0.0,1.0,True,TN,3,1,-1,1,1,1,1,1,1,1,-1
9013,85597117257036,train_oof,0,legitimate,0,legitimate,0.071504,0.928496,True,TN,5,-1,-1,1,-1,1,1,-1,0,0,1
9014,104438777966898,train_oof,0,legitimate,0,legitimate,0.147058,0.852942,True,TN,2,1,-1,1,-1,-1,1,-1,1,0,0
9015,267899017370816,train_oof,0,legitimate,0,legitimate,0.387534,0.612466,True,TN,2,-1,-1,1,-1,-1,1,-1,0,0,-1
9016,88100855653462,train_oof,1,phishing,1,phishing,0.723706,0.276294,True,TP,3,-1,-1,1,-1,1,1,-1,0,-1,-1
9017,253479356881778,train_oof,1,phishing,1,phishing,0.580453,0.419547,True,TP,2,-1,-1,1,-1,-1,1,-1,0,-1,0
9019,39081116519371,train_oof,1,phishing,1,phishing,0.998826,0.001174,True,TP,3,-1,-1,1,-1,-1,1,-1,-1,-1,-1
9021,138099907830036,train_oof,1,phishing,1,phishing,0.997555,0.002445,True,TP,1,-1,1,1,-1,-1,1,1,-1,-1,-1
9022,78804345346128,train_oof,0,legitimate,0,legitimate,0.372771,0.627229,True,TN,3,-1,1,1,-1,0,1,1,0,0,-1
9023,65192622613854,train_oof,0,legitimate,0,legitimate,0.004056,0.995944,True,TN,1,1,-1,1,-1,1,1,1,0,0,1
9024,35380107733671,train_oof,1,phishing,1,phishing,0.891789,0.108211,True,TP,2,-1,-1,1,-1,0,1,-1,0,-1,-1
9025,268992464057031,train_oof,0,legitimate,0,legitimate,0.000768,0.999232,True,TN,3,1,-1,1,1,1,-1,-1,1,0,-1
9026,1372522816404,train_oof,1,phishing,1,phishing,0.990436,0.009564,True,TP,3,1,1,1,-1,-1,1,1,-1,-1,-1
9027,7521442904764,train_oof,1,phishing,1,phishing,0.966505,0.033495,True,TP,5,-1,-1,-1,-1,-1,1,1,-1,-1,0
9029,83181608023828,train_oof,0,legitimate,0,legitimate,0.010109,0.989891,True,TN,2,1,-1,1,-1,1,1,1,1,0,-1
9030,26477025356080,train_oof,0,legitimate,0,legitimate,0.04503,0.95497,True,TN,5,-1,-1,-1,-1,1,1,1,0,0,-1
9031,88101442873232,train_oof,1,phishing,1,phishing,0.755943,0.244057,True,TP,5,-1,-1,1,-1,1,1,-1,0,-1,-1
9032,80616885510468,train_oof,0,legitimate,1,phishing,0.561333,0.438667,False,FP,5,-1,-1,1,-1,0,1,1,0,0,-1
9033,267574618949748,train_oof,1,phishing,1,phishing,0.995469,0.004531,True,TP,2,-1,-1,-1,-1,-1,-1,-1,-1,-1,-1
9034,161448159068242,train_oof,1,phishing,1,phishing,0.643159,0.356841,True,TP,2,1,-1,1,-1,0,1,1,0,-1,-1
9035,260407473919436,train_oof,0,legitimate,0,legitimate,0.003003,0.996997,True,TN,4,1,-1,1,-1,1,1,1,1,1,-1
9036,157740130850709,train_oof,1,phishing,1,phishing,0.991278,0.008722,True,TP,5,-1,-1,1,-1,-1,1,-1,-1,-1,0
9037,49001880148987,train_oof,0,legitimate,0,legitimate,0.101608,0.898392,True,TN,3,-1,-1,1,-1,1,-1,1,0,1,-1
9038,136918609860628,train_oof,0,legitimate,0,legitimate,0.079,0.921,True,TN,1,1,1,1,-1,1,1,1,0,1,1
9039,59405520692793,train_oof,0,legitimate,0,legitimate,0.007674,0.992326,True,TN,1,-1,-1,1,-1,1,1,1,0,1,1
9040,39928273678682,train_oof,1,phishing,1,phishing,0.997044,0.002956,True,TP,1,-1,0,1,-1,0,-1,-1,-1,0,-1
9041,23114839470703,train_oof,0,legitimate,0,legitimate,0.07103,0.92897,True,TN,5,-1,-1,-1,-1,1,1,1,1,-1,-1
9042,145204828186343,train_oof,1,phishing,1,phishing,0.971044,0.028956,True,TP,2,1,1,1,-1,0,-1,1,-1,0,-1
9043,123482779996726,train_oof,0,legitimate,0,legitimate,0.117413,0.882587,True,TN,5,1,-1,1,-1,1,1,1,1,-1,-1
9045,51727334021954,train_oof,0,legitimate,0,legitimate,0.010249,0.989751,True,TN,2,1,1,1,-1,1,-1,1,0,0,0
9046,268253210252833,train_oof,1,phishing,0,legitimate,0.320474,0.679526,False,FN,3,-1,-1,1,-1,1,1,1,0,0,-1
9047,25855553627920,train_oof,0,legitimate,0,legitimate,0.0,1.0,True,TN,2,1,-1,1,1,1,1,1,1,0,-1
9049,47909060713988,train_oof,0,legitimate,0,legitimate,0.001946,0.998054,True,TN,2,1,-1,1,1,1,1,1,0,0,-1
9050,102826864767666,train_oof,0,legitimate,0,legitimate,0.320474,0.679526,True,TN,3,-1,-1,1,-1,1,1,1,0,0,-1
9051,167435754747261,train_oof,1,phishing,1,phishing,0.855984,0.144016,True,TP,3,-1,-1,1,-1,0,1,1,0,-1,-1
9052,20614898905747,train_oof,1,phishing,1,phishing,0.9989,0.0011,True,TP,1,-1,-1,1,-1,0,1,1,-1,-1,-1
9055,146125578049156,train_oof,1,phishing,1,phishing,0.673601,0.326399,True,TP,4,1,-1,1,-1,0,1,-1,0,-1,-1
9056,196074072433063,train_oof,0,legitimate,0,legitimate,0.000551,0.999449,True,TN,4,1,-1,1,1,1,1,-1,1,1,1
9057,78804345346128,train_oof,0,legitimate,0,legitimate,0.372771,0.627229,True,TN,3,-1,1,1,-1,0,1,1,0,0,-1
9058,207126881264114,train_oof,0,legitimate,0,legitimate,3.9e-05,0.999961,True,TN,3,1,-1,1,1,1,1,-1,1,1,-1
9059,131352001644366,train_oof,1,phishing,1,phishing,0.992754,0.007246,True,TP,1,-1,1,1,-1,-1,1,1,-1,0,-1
9060,47909060713988,train_oof,0,legitimate,0,legitimate,0.001946,0.998054,True,TN,2,1,-1,1,1,1,1,1,0,0,-1
9061,41517074694700,train_oof,1,phishing,0,legitimate,0.478263,0.521737,False,FN,4,-1,1,-1,-1,0,1,1,0,-1,-1
9063,103482266545236,train_oof,1,phishing,1,phishing,0.999076,0.000924,True,TP,2,1,-1,1,-1,-1,1,-1,-1,0,-1
9065,277356241865071,train_oof,0,legitimate,0,legitimate,0.466414,0.533586,True,TN,1,1,-1,1,-1,1,1,1,0,-1,-1
9068,126672024459805,train_oof,1,phishing,1,phishing,0.588208,0.411792,True,TP,1,-1,-1,1,-1,-1,1,-1,1,-1,-1
9069,142847660191705,train_oof,0,legitimate,0,legitimate,0.006615,0.993385,True,TN,5,1,1,1,1,1,-1,1,1,-1,-1
9070,110243332617455,train_oof,1,phishing,1,phishing,0.681161,0.318839,True,TP,1,-1,-1,1,-1,1,1,-1,0,-1,-1
9071,197084325628651,train_oof,0,legitimate,0,legitimate,0.156767,0.843233,True,TN,1,-1,1,-1,-1,1,1,1,1,-1,-1
9072,134992640283118,train_oof,0,legitimate,0,legitimate,0.016274,0.983726,True,TN,4,1,-1,1,-1,1,1,1,0,1,0
9073,44232895228045,train_oof,1,phishing,1,phishing,0.994072,0.005928,True,TP,2,-1,-1,1,-1,0,-1,1,-1,0,-1
9074,88101442873232,train_oof,1,phishing,1,phishing,0.755943,0.244057,True,TP,5,-1,-1,1,-1,1,1,-1,0,-1,-1
9075,146971332906239,train_oof,1,phishing,1,phishing,0.927788,0.072212,True,TP,5,-1,-1,1,-1,0,1,1,0,-1,-1
9076,266656262617731,train_oof,0,legitimate,0,legitimate,0.009301,0.990699,True,TN,5,1,1,1,1,1,1,1,1,0,-1
9078,207448916736449,train_oof,0,legitimate,0,legitimate,0.003154,0.996846,True,TN,1,-1,-1,1,1,1,-1,-1,1,1,-1
9079,141222571619203,train_oof,0,legitimate,0,legitimate,0.004418,0.995582,True,TN,1,-1,1,1,1,1,-1,1,1,1,1
9080,65289294499317,train_oof,0,legitimate,0,legitimate,0.328137,0.671863,True,TN,4,-1,-1,1,-1,-1,1,-1,0,1,-1
9081,225178677591956,train_oof,1,phishing,1,phishing,0.945379,0.054621,True,TP,2,-1,-1,1,-1,1,-1,1,-1,-1,-1
9082,154130890173267,train_oof,0,legitimate,0,legitimate,0.259419,0.740581,True,TN,3,1,-1,1,-1,1,1,-1,0,0,-1
9083,234733302754393,train_oof,1,phishing,1,phishing,0.755943,0.244057,True,TP,5,-1,-1,1,-1,1,1,-1,0,-1,-1
9084,116945075503623,train_oof,0,legitimate,0,legitimate,0.004718,0.995282,True,TN,1,1,-1,1,-1,1,1,-1,0,1,1
9085,271385299586846,train_oof,0,legitimate,0,legitimate,0.195778,0.804222,True,TN,4,1,-1,1,-1,1,1,1,0,1,-1
9086,118019369753932,train_oof,0,legitimate,0,legitimate,0.000868,0.999132,True,TN,4,1,-1,1,-1,1,1,1,1,1,1
9087,6582028891186,train_oof,0,legitimate,0,legitimate,0.000334,0.999666,True,TN,4,1,-1,1,-1,1,1,1,1,0,1
9089,16697794976717,train_oof,1,phishing,1,phishing,0.874142,0.125858,True,TP,5,1,1,1,-1,-1,-1,1,-1,1,-1
9090,252582485808767,train_oof,1,phishing,1,phishing,0.994368,0.005632,True,TP,3,-1,-1,1,-1,-1,1,1,-1,0,-1
9091,221373336095889,train_oof,0,legitimate,0,legitimate,0.195778,0.804222,True,TN,4,1,-1,1,-1,1,1,1,0,1,-1
9092,149097836332200,train_oof,0,legitimate,0,legitimate,0.037613,0.962387,True,TN,5,-1,1,1,-1,1,-1,1,0,0,0
9094,135664969173117,train_oof,0,legitimate,0,legitimate,0.014745,0.985255,True,TN,2,1,1,1,-1,1,1,1,0,0,0
9095,115414171165268,train_oof,0,legitimate,0,legitimate,0.179128,0.820872,True,TN,5,1,-1,1,-1,1,-1,1,0,-1,-1
9096,128830232033200,train_oof,0,legitimate,0,legitimate,0.244798,0.755202,True,TN,3,1,-1,1,-1,1,1,1,0,0,-1
9097,148869571236094,train_oof,0,legitimate,0,legitimate,0.000416,0.999584,True,TN,3,1,-1,1,-1,1,1,1,1,0,1
9098,225188271888813,train_oof,0,legitimate,1,phishing,0.721706,0.278294,False,FP,4,-1,-1,1,-1,1,1,-1,0,-1,-1
9099,250995867558495,train_oof,0,legitimate,0,legitimate,0.047698,0.952302,True,TN,3,-1,-1,-1,-1,1,1,1,0,1,1
9101,73427827852858,train_oof,1,phishing,1,phishing,0.992754,0.007246,True,TP,1,-1,1,1,-1,-1,1,1,-1,0,-1
9102,21808771841777,train_oof,0,legitimate,0,legitimate,0.168705,0.831295,True,TN,1,-1,-1,1,-1,1,-1,1,1,-1,-1
9103,134162186714147,train_oof,1,phishing,1,phishing,0.721706,0.278294,True,TP,4,-1,-1,1,-1,1,1,-1,0,-1,-1
9105,267744883316355,train_oof,0,legitimate,0,legitimate,0.013779,0.986221,True,TN,1,-1,-1,1,-1,1,-1,1,0,1,1
9107,114769494835342,train_oof,0,legitimate,1,phishing,0.551093,0.448907,False,FP,1,-1,1,1,-1,-1,1,-1,0,-1,1
9108,23792165309461,train_oof,1,phishing,1,phishing,0.999181,0.000819,True,TP,2,-1,-1,1,-1,-1,1,-1,-1,0,-1
9109,171331644331748,train_oof,0,legitimate,0,legitimate,0.012294,0.987706,True,TN,5,1,-1,-1,1,1,1,1,1,-1,-1
9112,18479429852631,train_oof,1,phishing,1,phishing,0.991543,0.008457,True,TP,1,-1,-1,1,-1,-1,1,1,-1,-1,-1
9115,9445837918194,train_oof,1,phishing,1,phishing,0.938695,0.061305,True,TP,5,-1,1,-1,-1,1,1,1,-1,1,-1
9117,173315069840262,train_oof,0,legitimate,0,legitimate,0.023113,0.976887,True,TN,2,-1,-1,-1,-1,1,1,1,1,0,-1
9119,255066544418471,train_oof,1,phishing,0,legitimate,0.25221,0.74779,False,FN,1,-1,-1,-1,-1,0,1,1,0,-1,-1
9120,162443995562624,train_oof,1,phishing,1,phishing,0.970896,0.029104,True,TP,5,-1,1,-1,-1,1,1,1,-1,-1,-1
9121,198061112663363,train_oof,1,phishing,1,phishing,0.945702,0.054298,True,TP,3,1,-1,1,-1,-1,1,1,-1,0,-1
9122,63395698175415,train_oof,0,legitimate,0,legitimate,0.013022,0.986978,True,TN,2,1,1,1,-1,1,1,1,1,0,1
9123,95460004425627,train_oof,0,legitimate,0,legitimate,0.001687,0.998313,True,TN,3,1,-1,1,1,1,1,1,0,0,-1
9125,81775673107626,train_oof,1,phishing,1,phishing,0.994943,0.005057,True,TP,2,1,1,1,-1,0,1,1,-1,-1,-1
9127,222867275101061,train_oof,1,phishing,1,phishing,0.968593,0.031407,True,TP,3,-1,-1,-1,-1,-1,1,-1,-1,0,-1
9129,203074084138585,train_oof,0,legitimate,0,legitimate,0.047301,0.952699,True,TN,2,-1,-1,-1,-1,1,1,1,0,0,0
9130,17005221604402,train_oof,0,legitimate,0,legitimate,0.047802,0.952198,True,TN,3,-1,1,1,-1,1,-1,1,0,0,0
9131,125232930573677,train_oof,1,phishing,1,phishing,0.993646,0.006354,True,TP,5,-1,-1,1,-1,-1,-1,-1,-1,0,-1
9133,157740130850709,train_oof,1,phishing,1,phishing,0.991278,0.008722,True,TP,5,-1,-1,1,-1,-1,1,-1,-1,-1,0
9135,158183937790321,train_oof,0,legitimate,0,legitimate,0.004456,0.995544,True,TN,5,1,-1,1,-1,1,1,1,0,0,1
9136,272276773665458,train_oof,1,phishing,1,phishing,0.925821,0.074179,True,TP,3,1,-1,1,-1,1,1,1,-1,1,-1
9137,198197225663718,train_oof,0,legitimate,0,legitimate,0.325989,0.674011,True,TN,1,-1,-1,1,-1,1,1,-1,0,-1,0
9138,253078147908354,train_oof,0,legitimate,0,legitimate,0.161345,0.838655,True,TN,3,1,-1,1,-1,-1,1,-1,0,0,1
9140,148128947570503,train_oof,0,legitimate,0,legitimate,9.8e-05,0.999902,True,TN,1,1,-1,1,1,1,1,1,1,1,-1
9141,131902233250080,train_oof,0,legitimate,0,legitimate,0.013779,0.986221,True,TN,4,1,-1,1,-1,1,1,1,0,1,1
9142,260586966480806,train_oof,0,legitimate,0,legitimate,0.009552,0.990448,True,TN,5,1,1,1,-1,1,1,1,1,0,1
9143,123111306074585,train_oof,1,phishing,1,phishing,0.726668,0.273332,True,TP,2,-1,-1,1,-1,1,1,-1,0,-1,-1
9145,93238157205983,train_oof,1,phishing,1,phishing,0.996797,0.003203,True,TP,3,-1,-1,1,-1,-1,1,1,-1,-1,-1
9147,116047128271192,train_oof,0,legitimate,0,legitimate,0.033278,0.966722,True,TN,5,1,-1,1,-1,1,1,-1,0,1,0
9148,186771947683861,train_oof,1,phishing,1,phishing,0.988519,0.011481,True,TP,1,1,1,1,-1,-1,1,1,-1,-1,-1
9149,160203994911047,train_oof,1,phishing,1,phishing,0.994368,0.005632,True,TP,3,-1,-1,1,-1,-1,1,1,-1,0,-1
9150,274994611050852,train_oof,0,legitimate,0,legitimate,0.028587,0.971413,True,TN,5,-1,-1,1,-1,1,1,-1,0,1,1
9151,223315850653710,train_oof,1,phishing,1,phishing,0.998826,0.001174,True,TP,3,-1,-1,1,-1,-1,1,-1,-1,-1,-1
9152,131032308248991,train_oof,1,phishing,1,phishing,0.949703,0.050297,True,TP,4,1,-1,1,-1,-1,1,1,-1,0,-1
9154,219975182996746,train_oof,0,legitimate,0,legitimate,0.135022,0.864978,True,TN,5,1,-1,1,-1,1,1,-1,0,-1,1
9155,90526251748105,train_oof,1,phishing,1,phishing,0.967272,0.032728,True,TP,5,-1,1,1,-1,-1,1,1,-1,0,0
9156,258512263616588,train_oof,1,phishing,1,phishing,0.996797,0.003203,True,TP,3,-1,-1,1,-1,-1,1,1,-1,-1,-1
9157,91676266842200,train_oof,0,legitimate,0,legitimate,0.291066,0.708934,True,TN,4,1,-1,1,-1,1,1,-1,0,1,-1
9158,249571745626333,train_oof,0,legitimate,0,legitimate,0.040564,0.959436,True,TN,4,-1,-1,1,-1,1,1,1,0,0,0
9159,92162441435122,train_oof,1,phishing,0,legitimate,0.370992,0.629008,False,FN,5,1,-1,1,-1,0,1,1,0,0,-1
9160,23770722655805,train_oof,0,legitimate,1,phishing,0.586441,0.413559,False,FP,2,1,-1,1,-1,-1,1,-1,0,0,-1
9161,173471857653069,train_oof,0,legitimate,0,legitimate,0.029718,0.970282,True,TN,3,-1,1,1,-1,1,1,1,1,1,1
9162,251572660572870,train_oof,0,legitimate,0,legitimate,0.004056,0.995944,True,TN,1,1,-1,1,-1,1,1,1,0,0,1
9163,21387491392198,train_oof,0,legitimate,0,legitimate,0.002447,0.997553,True,TN,3,-1,-1,1,-1,1,1,1,1,1,1
9164,183673197795776,train_oof,1,phishing,1,phishing,0.997842,0.002158,True,TP,5,1,-1,1,-1,-1,1,-1,-1,0,-1
9165,164253726501158,train_oof,1,phishing,1,phishing,0.989465,0.010535,True,TP,5,1,-1,-1,-1,-1,1,-1,-1,1,-1
9166,98196711764717,train_oof,1,phishing,0,legitimate,0.319847,0.680153,False,FN,4,-1,-1,1,-1,1,-1,-1,0,1,-1
9167,16092460959351,train_oof,0,legitimate,0,legitimate,0.327208,0.672792,True,TN,1,1,-1,1,-1,0,1,1,0,0,-1
9168,190409292746832,train_oof,0,legitimate,0,legitimate,7e-06,0.999993,True,TN,4,1,-1,1,1,1,1,1,1,1,-1
9169,81872989770044,train_oof,1,phishing,1,phishing,0.9946,0.0054,True,TP,2,-1,1,-1,-1,0,1,-1,-1,-1,-1
9170,249278442865304,train_oof,1,phishing,1,phishing,0.999957,4.3e-05,True,TP,4,-1,-1,1,-1,0,1,-1,-1,-1,-1
9171,37226677067978,train_oof,1,phishing,1,phishing,0.997391,0.002609,True,TP,1,-1,-1,1,-1,-1,1,-1,-1,0,-1
9172,33828283757372,train_oof,0,legitimate,0,legitimate,0.054385,0.945615,True,TN,5,1,-1,1,-1,1,-1,1,0,-1,0
9174,69753800184464,train_oof,1,phishing,1,phishing,0.998001,0.001999,True,TP,4,-1,0,1,-1,0,-1,-1,-1,-1,-1
9175,180248266253269,train_oof,0,legitimate,0,legitimate,0.325989,0.674011,True,TN,1,-1,-1,1,-1,1,1,-1,0,-1,0
9176,24955909759981,train_oof,0,legitimate,0,legitimate,0.002114,0.997886,True,TN,3,1,-1,1,1,1,-1,1,1,0,-1
9177,68121778046890,train_oof,1,phishing,1,phishing,0.993775,0.006225,True,TP,4,-1,-1,1,-1,-1,1,1,-1,-1,-1
9178,60899637780742,train_oof,1,phishing,1,phishing,0.993035,0.006965,True,TP,4,1,-1,1,-1,0,-1,1,-1,0,-1
9179,75360950815241,train_oof,0,legitimate,0,legitimate,0.004732,0.995268,True,TN,4,1,-1,1,-1,1,1,1,1,0,0
9180,89452307311736,train_oof,1,phishing,1,phishing,0.999636,0.000364,True,TP,2,-1,-1,1,-1,-1,1,-1,-1,-1,-1
9181,211292177034705,train_oof,1,phishing,1,phishing,0.99841,0.00159,True,TP,3,1,-1,1,-1,-1,1,-1,-1,0,-1
9182,70022642974124,train_oof,0,legitimate,0,legitimate,0.001565,0.998435,True,TN,1,-1,-1,-1,1,1,1,1,1,-1,-1
9183,9014179934699,train_oof,1,phishing,1,phishing,0.998758,0.001242,True,TP,1,-1,-1,1,-1,-1,1,-1,-1,-1,-1
9186,87794678116667,train_oof,0,legitimate,0,legitimate,0.016467,0.983533,True,TN,5,1,-1,1,-1,1,1,1,0,1,0
9187,21571772470070,train_oof,0,legitimate,0,legitimate,0.202169,0.797831,True,TN,2,-1,-1,1,-1,1,1,1,0,1,-1
9192,115762971669644,train_oof,1,phishing,1,phishing,0.99884,0.00116,True,TP,5,1,-1,1,-1,-1,1,-1,-1,-1,-1
9193,268714340545203,train_oof,1,phishing,1,phishing,0.800515,0.199485,True,TP,3,1,-1,1,-1,-1,1,-1,0,-1,-1
9194,15105054944225,train_oof,1,phishing,1,phishing,0.73024,0.26976,True,TP,4,-1,-1,1,-1,-1,1,1,0,-1,-1
9195,135873964520414,train_oof,0,legitimate,1,phishing,0.711065,0.288935,False,FP,3,1,-1,1,-1,0,1,1,0,-1,-1
9196,210531005327222,train_oof,0,legitimate,0,legitimate,0.057232,0.942768,True,TN,3,1,-1,1,-1,1,1,1,0,-1,1
9197,22771850094120,train_oof,0,legitimate,0,legitimate,0.147248,0.852752,True,TN,1,1,-1,1,-1,1,1,-1,0,-1,1
9198,25473088792771,train_oof,0,legitimate,0,legitimate,0.001458,0.998542,True,TN,3,-1,-1,-1,1,1,1,1,1,1,-1
9199,158738222169843,train_oof,1,phishing,1,phishing,0.996455,0.003545,True,TP,4,-1,-1,1,-1,-1,-1,-1,-1,0,-1
9200,263810942675847,train_oof,1,phishing,1,phishing,0.985988,0.014012,True,TP,3,-1,1,1,-1,0,-1,1,-1,0,-1
9201,76878413984775,train_oof,0,legitimate,0,legitimate,0.1024,0.8976,True,TN,1,-1,0,-1,-1,1,1,1,0,0,0
9202,172012205693266,train_oof,1,phishing,1,phishing,0.95934,0.04066,True,TP,3,-1,-1,1,-1,1,1,1,-1,0,-1
9203,86805919848519,train_oof,1,phishing,1,phishing,0.526512,0.473488,True,TP,4,-1,-1,1,-1,0,1,1,0,0,-1
9204,143955668203891,train_oof,1,phishing,1,phishing,0.987141,0.012859,True,TP,3,-1,-1,1,-1,1,-1,-1,-1,-1,-1
9205,7647195511287,train_oof,0,legitimate,0,legitimate,0.002439,0.997561,True,TN,1,-1,-1,-1,1,1,1,-1,0,0,-1
9207,184865142603569,train_oof,1,phishing,1,phishing,0.612906,0.387094,True,TP,4,-1,-1,1,-1,1,1,-1,0,0,-1
9208,200551913552226,train_oof,0,legitimate,0,legitimate,0.016627,0.983373,True,TN,1,-1,-1,1,-1,1,-1,1,0,-1,1
9209,201317266314356,train_oof,0,legitimate,0,legitimate,0.029439,0.970561,True,TN,2,-1,-1,1,-1,1,-1,1,0,0,1
9210,225188271888813,train_oof,1,phishing,1,phishing,0.721706,0.278294,True,TP,4,-1,-1,1,-1,1,1,-1,0,-1,-1
9213,17107686846412,train_oof,0,legitimate,0,legitimate,0.008226,0.991774,True,TN,5,1,1,1,1,1,1,1,0,0,1
9214,274238015451220,train_oof,0,legitimate,0,legitimate,0.016274,0.983726,True,TN,4,1,-1,1,-1,1,1,1,0,1,0
9216,32963091033858,train_oof,1,phishing,0,legitimate,0.379817,0.620183,False,FN,2,1,-1,1,-1,1,1,1,0,-1,-1
9217,83950106191977,train_oof,0,legitimate,0,legitimate,0.02539,0.97461,True,TN,2,-1,-1,1,-1,1,1,-1,1,1,1
9220,25473088792771,train_oof,0,legitimate,0,legitimate,0.001458,0.998542,True,TN,3,-1,-1,-1,1,1,1,1,1,1,-1
9221,83860431300393,train_oof,1,phishing,1,phishing,0.971728,0.028272,True,TP,5,1,0,1,-1,0,-1,-1,-1,0,1
9222,245345793258600,train_oof,1,phishing,1,phishing,0.979846,0.020154,True,TP,1,-1,-1,-1,-1,-1,1,-1,-1,-1,-1
9223,96697762361213,train_oof,0,legitimate,0,legitimate,0.107364,0.892636,True,TN,3,1,1,1,-1,1,1,1,0,0,-1
9224,211953414933435,train_oof,0,legitimate,0,legitimate,0.035887,0.964113,True,TN,2,1,-1,1,1,-1,1,-1,0,0,1
9225,272236063709042,train_oof,1,phishing,1,phishing,0.996678,0.003322,True,TP,3,1,-1,1,-1,0,1,-1,-1,0,-1
9226,33367504869011,train_oof,0,legitimate,0,legitimate,0.490992,0.509008,True,TN,1,1,-1,1,-1,-1,1,-1,0,-1,0
9227,64313783022885,train_oof,1,phishing,1,phishing,0.986136,0.013864,True,TP,1,1,-1,-1,-1,-1,1,-1,-1,-1,-1
9229,113333213806190,train_oof,1,phishing,1,phishing,0.987913,0.012087,True,TP,4,1,-1,1,-1,1,1,-1,-1,-1,-1
9231,146513197672683,train_oof,0,legitimate,0,legitimate,0.004244,0.995756,True,TN,3,1,-1,1,-1,1,1,-1,1,0,1
9232,239186981240604,train_oof,0,legitimate,0,legitimate,0.008603,0.991397,True,TN,1,1,-1,1,-1,1,1,-1,0,0,1
9233,193085094664925,train_oof,1,phishing,1,phishing,0.99705,0.00295,True,TP,1,-1,1,1,-1,0,1,1,-1,-1,-1
9236,192501145256987,train_oof,0,legitimate,0,legitimate,0.064782,0.935218,True,TN,4,1,-1,1,-1,0,1,1,1,0,-1
9237,176883630655865,train_oof,1,phishing,1,phishing,0.984931,0.015069,True,TP,2,-1,-1,-1,-1,-1,1,-1,-1,1,-1
9238,217327165997380,train_oof,1,phishing,1,phishing,0.995874,0.004126,True,TP,4,-1,1,1,-1,-1,1,1,-1,-1,-1
9239,35708016048087,train_oof,0,legitimate,1,phishing,0.561333,0.438667,False,FP,5,-1,-1,1,-1,0,1,1,0,0,-1
9240,42183536289628,train_oof,1,phishing,1,phishing,0.766915,0.233085,True,TP,4,1,1,1,-1,0,1,-1,0,-1,-1
9241,72771520459334,train_oof,1,phishing,1,phishing,0.992646,0.007354,True,TP,1,1,-1,1,-1,0,-1,-1,-1,-1,-1
9242,161127243899531,train_oof,1,phishing,1,phishing,0.99884,0.00116,True,TP,5,1,-1,1,-1,-1,1,-1,-1,-1,-1
9243,80223879104396,train_oof,0,legitimate,0,legitimate,0.09489,0.90511,True,TN,4,-1,-1,1,-1,1,1,-1,0,0,0
9244,181429368594694,train_oof,0,legitimate,0,legitimate,0.057766,0.942234,True,TN,4,-1,-1,-1,-1,1,1,-1,1,0,-1
9245,20755624198224,train_oof,0,legitimate,0,legitimate,0.00818,0.99182,True,TN,4,1,1,1,-1,1,-1,1,1,0,1
9246,24439069227044,train_oof,0,legitimate,0,legitimate,0.000416,0.999584,True,TN,3,1,-1,1,-1,1,1,1,1,0,1
9247,162559689059907,train_oof,0,legitimate,0,legitimate,0.317478,0.682522,True,TN,5,1,1,1,-1,1,1,1,0,1,1
9248,10958385155952,train_oof,0,legitimate,0,legitimate,0.316542,0.683458,True,TN,5,-1,1,-1,-1,1,1,1,0,-1,-1
9250,205583659124993,train_oof,1,phishing,1,phishing,0.756748,0.243252,True,TP,1,1,-1,1,-1,0,1,1,0,-1,-1
9251,120095053031910,train_oof,1,phishing,1,phishing,0.986024,0.013976,True,TP,5,-1,0,-1,-1,-1,1,-1,-1,-1,-1
9252,87650527784824,train_oof,1,phishing,1,phishing,0.970629,0.029371,True,TP,3,-1,-1,1,-1,-1,1,1,-1,1,0
9253,277563841993557,train_oof,0,legitimate,0,legitimate,0.087365,0.912635,True,TN,5,-1,-1,1,-1,1,-1,-1,1,1,-1
9254,16092460959351,train_oof,0,legitimate,0,legitimate,0.327208,0.672792,True,TN,1,1,-1,1,-1,0,1,1,0,0,-1
9255,122019361829670,train_oof,0,legitimate,0,legitimate,0.160399,0.839601,True,TN,1,-1,-1,1,-1,1,1,1,0,-1,0
9256,281024218153782,train_oof,0,legitimate,0,legitimate,0.011228,0.988772,True,TN,5,1,-1,1,1,1,1,-1,0,1,-1
9257,10415993641107,train_oof,0,legitimate,0,legitimate,0.027886,0.972114,True,TN,4,-1,-1,1,-1,1,1,1,0,0,1
9258,246281396459716,train_oof,1,phishing,1,phishing,0.993417,0.006583,True,TP,5,-1,-1,-1,-1,0,-1,-1,-1,-1,-1
9259,152607838553511,train_oof,0,legitimate,0,legitimate,0.015563,0.984437,True,TN,1,1,1,-1,1,1,1,1,1,1,-1
9260,220704920817513,train_oof,1,phishing,1,phishing,0.998758,0.001242,True,TP,1,-1,-1,1,-1,-1,1,-1,-1,-1,-1
9261,195254846219736,train_oof,0,legitimate,0,legitimate,0.202169,0.797831,True,TN,2,-1,-1,1,-1,1,1,1,0,1,-1
9262,99450648043685,train_oof,1,phishing,1,phishing,0.997219,0.002781,True,TP,1,1,-1,1,-1,0,1,-1,-1,-1,-1
9263,32964344373214,train_oof,0,legitimate,0,legitimate,0.181297,0.818703,True,TN,4,1,-1,1,-1,1,1,1,1,-1,-1
9264,110545090745757,train_oof,1,phishing,1,phishing,0.986159,0.013841,True,TP,3,1,-1,1,-1,1,1,1,-1,-1,-1
9265,135946308552664,train_oof,1,phishing,1,phishing,0.816884,0.183116,True,TP,3,-1,1,1,-1,0,1,-1,0,-1,-1
9266,222090645416838,train_oof,0,legitimate,0,legitimate,0.074719,0.925281,True,TN,1,1,1,1,-1,1,1,1,1,1,-1
9267,135834029846698,train_oof,0,legitimate,0,legitimate,7e-06,0.999993,True,TN,4,1,-1,1,1,1,1,1,1,1,-1
9268,251874559666782,train_oof,0,legitimate,0,legitimate,0.004391,0.995609,True,TN,3,1,-1,1,-1,1,1,1,1,0,0
9269,90387392873241,train_oof,1,phishing,1,phishing,0.992487,0.007513,True,TP,2,-1,-1,1,-1,-1,1,1,-1,-1,-1
9270,56504588217644,train_oof,1,phishing,1,phishing,0.9992,0.0008,True,TP,3,1,-1,1,-1,-1,1,-1,-1,-1,-1
9271,119913093298355,train_oof,1,phishing,1,phishing,0.998972,0.001028,True,TP,3,-1,-1,1,-1,0,1,-1,-1,0,-1
9272,162184457258021,train_oof,0,legitimate,1,phishing,0.698726,0.301274,False,FP,3,-1,-1,1,-1,-1,1,-1,1,-1,-1
9273,157559516102950,train_oof,1,phishing,1,phishing,0.852476,0.147524,True,TP,2,-1,-1,1,-1,0,1,1,0,-1,-1
9274,258512263616588,train_oof,1,phishing,1,phishing,0.996797,0.003203,True,TP,3,-1,-1,1,-1,-1,1,1,-1,-1,-1
9275,70220854336370,train_oof,1,phishing,1,phishing,0.824234,0.175766,True,TP,3,1,0,1,-1,0,1,-1,0,-1,-1
9277,151476091782414,train_oof,1,phishing,1,phishing,0.990825,0.009175,True,TP,2,-1,-1,1,-1,-1,-1,-1,-1,1,-1
9278,142893074868872,train_oof,0,legitimate,0,legitimate,0.020069,0.979931,True,TN,3,-1,-1,1,-1,1,1,-1,0,1,1
9279,277252451297488,train_oof,1,phishing,1,phishing,0.997842,0.002158,True,TP,5,1,-1,1,-1,-1,1,-1,-1,0,-1
9280,137406203441726,train_oof,0,legitimate,0,legitimate,0.025343,0.974657,True,TN,3,-1,-1,1,-1,1,-1,-1,0,1,1
9281,125881334568217,train_oof,0,legitimate,0,legitimate,0.175204,0.824796,True,TN,3,-1,-1,1,-1,-1,1,-1,0,0,1
9282,62285883893815,train_oof,1,phishing,0,legitimate,0.228387,0.771613,False,FN,2,-1,1,1,-1,0,-1,1,0,1,-1
9283,195477251764561,train_oof,1,phishing,1,phishing,0.526512,0.473488,True,TP,4,-1,-1,1,-1,0,1,1,0,0,-1
9284,27918895178537,train_oof,0,legitimate,0,legitimate,0.330186,0.669814,True,TN,3,1,-1,1,-1,0,1,1,0,0,-1
9285,112748902428019,train_oof,1,phishing,1,phishing,0.973651,0.026349,True,TP,1,1,-1,-1,-1,-1,1,-1,-1,-1,0
9288,109593961588389,train_oof,0,legitimate,0,legitimate,0.165972,0.834028,True,TN,3,1,1,1,-1,1,1,1,0,1,-1
9289,32358478072760,train_oof,0,legitimate,0,legitimate,0.166804,0.833196,True,TN,5,1,1,1,-1,1,-1,-1,0,0,-1
9290,18700894105745,train_oof,0,legitimate,0,legitimate,0.09489,0.90511,True,TN,4,-1,-1,1,-1,1,1,-1,0,0,0
9291,141867061561573,train_oof,0,legitimate,0,legitimate,0.013055,0.986945,True,TN,2,1,1,1,1,1,1,-1,1,1,-1
9292,196630548585326,train_oof,1,phishing,1,phishing,0.995796,0.004204,True,TP,1,-1,-1,1,-1,0,-1,1,-1,0,-1
9295,105312558453838,train_oof,1,phishing,1,phishing,0.980208,0.019792,True,TP,2,-1,-1,1,-1,1,1,1,-1,-1,-1
9296,64769748565186,train_oof,0,legitimate,0,legitimate,0.270682,0.729318,True,TN,3,1,-1,1,-1,1,1,1,0,1,-1
9298,129472484192105,train_oof,0,legitimate,0,legitimate,0.040327,0.959673,True,TN,1,-1,1,1,1,1,-1,-1,0,-1,1
9300,129668921368942,train_oof,1,phishing,1,phishing,0.96361,0.03639,True,TP,4,1,-1,1,-1,1,-1,1,-1,0,-1
9301,165295879677732,train_oof,1,phishing,1,phishing,0.561333,0.438667,True,TP,5,-1,-1,1,-1,0,1,1,0,0,-1
9305,233370777999949,train_oof,0,legitimate,0,legitimate,0.287966,0.712034,True,TN,4,-1,-1,1,-1,0,1,-1,0,0,1
9306,1337140951185,train_oof,1,phishing,1,phishing,0.991543,0.008457,True,TP,1,-1,-1,1,-1,-1,1,1,-1,-1,-1
9307,96584736165950,train_oof,0,legitimate,0,legitimate,0.001067,0.998933,True,TN,3,1,-1,1,-1,1,1,1,1,1,1
9308,133396011266265,train_oof,0,legitimate,0,legitimate,0.025646,0.974354,True,TN,3,1,-1,1,-1,1,1,1,0,0,0
9310,108674841693993,train_oof,1,phishing,1,phishing,0.990574,0.009426,True,TP,1,1,-1,1,-1,1,1,-1,-1,0,-1
9311,155874638626802,train_oof,1,phishing,1,phishing,0.993392,0.006608,True,TP,5,-1,-1,1,-1,0,-1,1,-1,0,-1
9312,260407473919436,train_oof,0,legitimate,0,legitimate,0.003003,0.996997,True,TN,4,1,-1,1,-1,1,1,1,1,1,-1
9313,139278552640159,train_oof,1,phishing,0,legitimate,0.342279,0.657721,False,FN,2,-1,1,1,-1,1,1,1,0,0,-1
9314,81775673107626,train_oof,1,phishing,1,phishing,0.994943,0.005057,True,TP,2,1,1,1,-1,0,1,1,-1,-1,-1
9315,187332354819307,train_oof,0,legitimate,0,legitimate,0.143649,0.856351,True,TN,3,-1,-1,-1,-1,1,1,1,0,-1,1
9316,39564268153960,train_oof,0,legitimate,0,legitimate,7e-06,0.999993,True,TN,4,1,-1,1,1,1,1,1,1,1,-1
9317,277967576787664,train_oof,0,legitimate,0,legitimate,0.008098,0.991902,True,TN,5,1,-1,1,-1,1,-1,1,1,-1,1
9318,138805978480164,train_oof,0,legitimate,0,legitimate,0.051952,0.948048,True,TN,2,-1,-1,-1,-1,1,1,1,0,1,-1
9319,181818050703942,train_oof,1,phishing,1,phishing,0.935306,0.064694,True,TP,5,-1,-1,1,-1,0,1,-1,0,-1,-1
9320,173523054348315,train_oof,1,phishing,0,legitimate,0.400249,0.599751,False,FN,4,1,-1,1,-1,0,1,1,0,-1,1
9321,163209228781784,train_oof,1,phishing,1,phishing,0.643159,0.356841,True,TP,2,1,-1,1,-1,0,1,1,0,-1,-1
9323,173279941564770,train_oof,0,legitimate,0,legitimate,0.015475,0.984525,True,TN,3,1,-1,1,-1,1,-1,1,1,-1,1
9324,112176369883903,train_oof,1,phishing,1,phishing,0.993937,0.006063,True,TP,4,-1,1,1,-1,-1,1,1,-1,0,-1
9325,204199036950670,train_oof,0,legitimate,0,legitimate,0.014537,0.985463,True,TN,1,1,-1,1,1,1,-1,-1,1,-1,-1
9326,227988163052365,train_oof,0,legitimate,0,legitimate,0.000931,0.999069,True,TN,5,-1,-1,-1,1,1,1,1,1,1,-1
9327,223523144521717,train_oof,0,legitimate,0,legitimate,0.009893,0.990107,True,TN,5,1,-1,1,-1,1,1,1,1,0,-1
9329,64769748565186,train_oof,0,legitimate,0,legitimate,0.270682,0.729318,True,TN,3,1,-1,1,-1,1,1,1,0,1,-1
9330,62302104275290,train_oof,1,phishing,1,phishing,0.996803,0.003197,True,TP,4,-1,-1,1,-1,-1,1,-1,-1,-1,0
9331,231302172500001,train_oof,0,legitimate,0,legitimate,0.066972,0.933028,True,TN,4,1,-1,1,-1,1,1,-1,0,0,0
9332,75470241956147,train_oof,0,legitimate,0,legitimate,0.002057,0.997943,True,TN,2,1,-1,-1,1,1,1,-1,0,0,-1
9333,211723492360874,train_oof,1,phishing,1,phishing,0.997241,0.002759,True,TP,3,-1,1,1,-1,0,1,1,-1,0,-1
9335,91470538244386,train_oof,1,phishing,0,legitimate,0.470697,0.529303,False,FN,3,-1,-1,1,-1,1,1,-1,0,0,-1
9337,238249312404284,train_oof,0,legitimate,0,legitimate,0.05243,0.94757,True,TN,4,1,1,1,-1,1,1,1,1,1,1
9338,139471830212799,train_oof,1,phishing,1,phishing,0.589021,0.410979,True,TP,1,-1,-1,1,-1,0,-1,1,0,-1,-1
9340,170597370327015,train_oof,1,phishing,1,phishing,0.944644,0.055356,True,TP,5,-1,-1,-1,-1,1,-1,1,-1,-1,-1
9341,42867045435359,train_oof,0,legitimate,0,legitimate,0.012419,0.987581,True,TN,3,1,1,1,1,-1,1,1,0,1,-1
9342,5714711476560,train_oof,1,phishing,1,phishing,0.986591,0.013409,True,TP,5,1,-1,1,-1,-1,1,1,-1,-1,-1
9343,79602386118275,train_oof,0,legitimate,0,legitimate,0.048855,0.951145,True,TN,2,-1,-1,1,-1,1,1,-1,0,1,0
9344,100619309667472,train_oof,1,phishing,1,phishing,0.993786,0.006214,True,TP,5,-1,-1,1,-1,-1,1,-1,-1,1,-1
9346,28799952683394,train_oof,0,legitimate,0,legitimate,0.023803,0.976197,True,TN,2,-1,1,-1,1,1,1,-1,0,1,-1
9349,106653273571006,train_oof,0,legitimate,0,legitimate,0.03299,0.96701,True,TN,4,-1,-1,-1,-1,1,1,1,0,1,1
9350,232795475920163,train_oof,0,legitimate,1,phishing,0.618268,0.381732,False,FP,2,-1,-1,1,-1,0,1,1,0,0,-1
9351,67592141952864,train_oof,1,phishing,1,phishing,0.998351,0.001649,True,TP,2,-1,-1,1,-1,0,1,1,-1,-1,-1
9352,159761143219836,train_oof,1,phishing,0,legitimate,0.466414,0.533586,False,FN,1,1,-1,1,-1,1,1,1,0,-1,-1
9353,85945053267611,train_oof,0,legitimate,0,legitimate,0.157112,0.842888,True,TN,1,1,-1,-1,-1,1,1,1,0,-1,1
9355,133048560231556,train_oof,0,legitimate,0,legitimate,0.018877,0.981123,True,TN,1,-1,-1,1,-1,1,1,-1,0,1,1
9356,220704920817513,train_oof,1,phishing,1,phishing,0.998758,0.001242,True,TP,1,-1,-1,1,-1,-1,1,-1,-1,-1,-1
9357,255924014237578,train_oof,1,phishing,1,phishing,0.9992,0.0008,True,TP,3,1,-1,1,-1,-1,1,-1,-1,-1,-1
9358,161954536206405,train_oof,1,phishing,1,phishing,0.994368,0.005632,True,TP,3,-1,-1,1,-1,-1,1,1,-1,0,-1
9359,200551913552226,train_oof,0,legitimate,0,legitimate,0.016627,0.983373,True,TN,1,-1,-1,1,-1,1,-1,1,0,-1,1
9360,135368794807628,train_oof,0,legitimate,0,legitimate,0.181203,0.818797,True,TN,5,-1,-1,1,-1,1,1,1,0,-1,0
9362,26998133443193,train_oof,0,legitimate,0,legitimate,0.073939,0.926061,True,TN,3,-1,-1,1,-1,1,1,1,0,-1,1
9363,268602025570627,train_oof,1,phishing,1,phishing,0.999184,0.000816,True,TP,4,-1,-1,1,-1,0,1,-1,-1,0,-1
9364,16092460959351,train_oof,0,legitimate,0,legitimate,0.327208,0.672792,True,TN,1,1,-1,1,-1,0,1,1,0,0,-1
9365,22610955627233,train_oof,1,phishing,1,phishing,0.629953,0.370047,True,TP,2,1,-1,1,-1,1,1,-1,0,-1,-1
9366,14554959183409,train_oof,1,phishing,1,phishing,0.516155,0.483845,True,TP,4,-1,-1,1,-1,0,-1,1,0,0,1
9367,48819213883404,train_oof,1,phishing,1,phishing,0.995284,0.004716,True,TP,1,1,1,1,-1,0,1,1,-1,-1,-1
9370,83862322720345,train_oof,0,legitimate,0,legitimate,0.000664,0.999336,True,TN,2,1,-1,1,-1,1,1,1,1,0,1
9371,261062413302172,train_oof,1,phishing,1,phishing,0.992696,0.007304,True,TP,2,1,-1,1,-1,-1,1,1,-1,0,-1
9373,70604653553040,train_oof,0,legitimate,0,legitimate,0.002844,0.997156,True,TN,5,1,-1,1,1,-1,-1,-1,1,0,-1
9374,255898358487446,train_oof,1,phishing,1,phishing,0.999816,0.000184,True,TP,5,-1,-1,1,-1,0,1,-1,-1,-1,-1
9375,215587768766443,train_oof,1,phishing,1,phishing,0.701071,0.298929,True,TP,4,1,-1,1,-1,0,1,1,0,-1,-1
9376,206417086061552,train_oof,0,legitimate,0,legitimate,0.40827,0.59173,True,TN,2,-1,-1,1,-1,0,-1,-1,0,0,1
9378,76097686803822,train_oof,0,legitimate,0,legitimate,0.328137,0.671863,True,TN,4,-1,-1,1,-1,-1,1,-1,0,1,-1
9379,116047128271192,train_oof,0,legitimate,0,legitimate,0.033278,0.966722,True,TN,5,1,-1,1,-1,1,1,-1,0,1,0
9380,35708016048087,train_oof,1,phishing,1,phishing,0.561333,0.438667,True,TP,5,-1,-1,1,-1,0,1,1,0,0,-1
9382,233284296490619,train_oof,0,legitimate,0,legitimate,0.105699,0.894301,True,TN,3,1,-1,-1,-1,1,1,1,0,1,-1
9383,51661863557633,train_oof,0,legitimate,0,legitimate,0.038619,0.961381,True,TN,3,-1,-1,1,-1,1,1,1,0,0,1
9384,64382585514216,train_oof,1,phishing,1,phishing,0.91472,0.08528,True,TP,1,-1,-1,1,-1,0,1,-1,0,-1,-1
9385,220704920817513,train_oof,1,phishing,1,phishing,0.998758,0.001242,True,TP,1,-1,-1,1,-1,-1,1,-1,-1,-1,-1
9388,214753484761307,train_oof,1,phishing,1,phishing,0.98718,0.01282,True,TP,3,1,-1,1,-1,-1,1,-1,-1,-1,0
9390,97157143063133,train_oof,1,phishing,0,legitimate,0.3894,0.6106,False,FN,4,-1,-1,1,-1,1,1,1,0,0,-1
9393,209341316567981,train_oof,1,phishing,1,phishing,0.991781,0.008219,True,TP,2,-1,-1,1,-1,1,-1,-1,-1,-1,-1
9394,160868697130409,train_oof,0,legitimate,0,legitimate,0.000422,0.999578,True,TN,4,-1,-1,-1,1,1,1,1,0,0,-1
9395,183572169511721,train_oof,1,phishing,1,phishing,0.991012,0.008988,True,TP,1,-1,1,1,-1,0,1,1,-1,0,-1
9396,138530709781860,train_oof,0,legitimate,0,legitimate,0.2079,0.7921,True,TN,4,1,1,1,-1,1,1,1,0,1,-1
9397,30338373302444,train_oof,1,phishing,1,phishing,0.999264,0.000736,True,TP,1,1,-1,1,-1,0,-1,-1,-1,0,-1
9398,172404244139460,train_oof,1,phishing,1,phishing,0.99614,0.00386,True,TP,3,-1,1,1,-1,-1,1,-1,-1,0,-1
9399,56466895942947,train_oof,1,phishing,1,phishing,0.998837,0.001163,True,TP,5,-1,-1,1,-1,0,-1,-1,-1,0,-1
9400,172921775093627,train_oof,1,phishing,1,phishing,0.99755,0.00245,True,TP,3,-1,1,1,-1,-1,1,1,-1,0,-1
9401,59037952434155,train_oof,1,phishing,1,phishing,0.726668,0.273332,True,TP,2,-1,-1,1,-1,1,1,-1,0,-1,-1
9402,261038698794745,train_oof,0,legitimate,0,legitimate,0.01671,0.98329,True,TN,1,-1,-1,1,-1,1,-1,-1,1,1,1
9405,158847710541700,train_oof,0,legitimate,0,legitimate,0.160399,0.839601,True,TN,1,-1,-1,1,-1,1,1,1,0,-1,0
9406,108037895748955,train_oof,0,legitimate,0,legitimate,0.000141,0.999859,True,TN,1,1,-1,1,1,1,1,-1,1,1,-1
9407,119738583431228,train_oof,0,legitimate,0,legitimate,0.011753,0.988247,True,TN,5,1,-1,1,-1,1,1,-1,0,0,1
9409,200105406540250,train_oof,0,legitimate,0,legitimate,0.023794,0.976206,True,TN,3,1,1,1,-1,1,-1,1,0,-1,0
9410,17837959793909,train_oof,0,legitimate,0,legitimate,0.160399,0.839601,True,TN,1,-1,-1,-1,-1,1,1,-1,1,-1,-1
9411,161667575749212,train_oof,0,legitimate,0,legitimate,0.007658,0.992342,True,TN,4,-1,1,1,1,1,1,1,1,0,-1
9412,176536799152682,train_oof,1,phishing,1,phishing,0.995469,0.004531,True,TP,2,-1,-1,-1,-1,-1,-1,-1,-1,-1,-1
9414,1614351818847,train_oof,0,legitimate,0,legitimate,0.008311,0.991689,True,TN,4,-1,-1,-1,1,1,1,1,0,-1,-1
9415,160207194521537,train_oof,0,legitimate,0,legitimate,0.056223,0.943777,True,TN,5,-1,-1,1,-1,1,1,1,0,-1,1
9416,267744883316355,train_oof,0,legitimate,0,legitimate,0.013779,0.986221,True,TN,1,-1,-1,1,-1,1,-1,1,0,1,1
9417,42929273379283,train_oof,1,phishing,1,phishing,0.993757,0.006243,True,TP,2,1,-1,1,-1,0,-1,1,-1,0,-1
9418,198618159639666,train_oof,0,legitimate,0,legitimate,0.064782,0.935218,True,TN,4,1,-1,1,-1,0,1,1,1,0,-1
9420,82905005842614,train_oof,0,legitimate,0,legitimate,0.179299,0.820701,True,TN,4,1,-1,1,-1,0,-1,1,0,0,-1
9421,162007302701012,train_oof,0,legitimate,0,legitimate,0.315775,0.684225,True,TN,5,1,1,1,-1,-1,1,-1,0,-1,1
9422,7521442904764,train_oof,1,phishing,1,phishing,0.966505,0.033495,True,TP,5,-1,-1,-1,-1,-1,1,1,-1,-1,0
9424,175317092406213,train_oof,1,phishing,1,phishing,0.987665,0.012335,True,TP,2,1,-1,1,-1,-1,1,-1,-1,1,-1
9425,53180443161644,train_oof,1,phishing,1,phishing,0.542789,0.457211,True,TP,1,1,-1,1,-1,-1,1,1,0,-1,0
9426,184963672165889,train_oof,0,legitimate,0,legitimate,0.247151,0.752849,True,TN,3,-1,-1,-1,-1,1,1,1,0,-1,0
9427,156834788714642,train_oof,0,legitimate,0,legitimate,0.09585,0.90415,True,TN,2,1,1,1,-1,1,-1,1,0,0,-1
9428,253949566331117,train_oof,0,legitimate,0,legitimate,0.011274,0.988726,True,TN,4,-1,-1,1,1,1,-1,1,0,0,-1
9429,108138821130634,train_oof,1,phishing,1,phishing,0.59865,0.40135,True,TP,5,-1,0,1,-1,1,1,1,0,-1,-1
9430,35718922910084,train_oof,1,phishing,1,phishing,0.999705,0.000295,True,TP,4,-1,1,1,-1,0,1,-1,-1,-1,-1
9431,215895244649725,train_oof,0,legitimate,0,legitimate,0.084327,0.915673,True,TN,1,-1,1,1,-1,1,-1,1,0,0,-1
9433,239186981240604,train_oof,0,legitimate,0,legitimate,0.008603,0.991397,True,TN,1,1,-1,1,-1,1,1,-1,0,0,1
9435,133548645723099,train_oof,0,legitimate,0,legitimate,0.000184,0.999816,True,TN,2,1,-1,1,1,1,1,1,0,0,1
9436,16092460959351,train_oof,0,legitimate,0,legitimate,0.327208,0.672792,True,TN,1,1,-1,1,-1,0,1,1,0,0,-1
9439,252231055613484,train_oof,0,legitimate,0,legitimate,0.025071,0.974929,True,TN,3,1,1,1,-1,1,1,1,1,-1,1
9440,53690639201564,train_oof,0,legitimate,0,legitimate,0.038766,0.961234,True,TN,3,-1,-1,-1,-1,1,1,-1,0,1,1
9442,71348118853524,train_oof,1,phishing,1,phishing,0.62948,0.37052,True,TP,2,-1,-1,1,-1,0,1,-1,0,0,-1
9443,76819854104112,train_oof,1,phishing,1,phishing,0.984931,0.015069,True,TP,2,-1,-1,-1,-1,-1,1,-1,-1,1,-1
9444,152522358532262,train_oof,0,legitimate,0,legitimate,0.022013,0.977987,True,TN,1,-1,1,1,-1,1,-1,1,0,-1,0
9445,277356241865071,train_oof,0,legitimate,0,legitimate,0.466414,0.533586,True,TN,1,1,-1,1,-1,1,1,1,0,-1,-1
9447,53321118136789,train_oof,0,legitimate,0,legitimate,0.083076,0.916924,True,TN,1,-1,-1,-1,-1,1,1,1,0,-1,1
9449,60459282931779,train_oof,0,legitimate,1,phishing,0.616927,0.383073,False,FP,5,1,1,1,-1,0,1,1,0,-1,-1
9450,270866933450620,train_oof,0,legitimate,0,legitimate,0.425573,0.574427,True,TN,2,-1,1,1,1,1,1,1,-1,0,-1
9451,102412354206264,train_oof,0,legitimate,1,phishing,0.570389,0.429611,False,FP,1,-1,-1,1,-1,0,1,1,0,-1,0
9452,218887497557299,train_oof,0,legitimate,0,legitimate,0.060879,0.939121,True,TN,5,-1,-1,-1,-1,1,1,-1,0,1,-1
9453,177815824914704,train_oof,0,legitimate,0,legitimate,0.02208,0.97792,True,TN,2,-1,1,1,-1,1,-1,1,0,1,0
9454,252231055613484,train_oof,0,legitimate,0,legitimate,0.025071,0.974929,True,TN,3,1,1,1,-1,1,1,1,1,-1,1
9455,207177198575992,train_oof,0,legitimate,0,legitimate,0.061515,0.938485,True,TN,2,1,1,1,-1,1,1,1,0,1,-1
9456,165468985588682,train_oof,0,legitimate,0,legitimate,0.000669,0.999331,True,TN,4,-1,-1,1,1,1,1,1,1,1,-1
9457,259782361658813,train_oof,1,phishing,0,legitimate,0.470697,0.529303,False,FN,3,-1,-1,1,-1,1,1,-1,0,0,-1
9458,32964344373214,train_oof,0,legitimate,0,legitimate,0.181297,0.818703,True,TN,4,1,-1,1,-1,1,1,1,1,-1,-1
9463,202401454419430,train_oof,1,phishing,1,phishing,0.669292,0.330708,True,TP,3,1,-1,1,-1,1,1,-1,0,-1,-1
9464,19034952282612,train_oof,0,legitimate,1,phishing,0.596267,0.403733,False,FP,3,-1,-1,1,-1,1,1,1,0,-1,-1
9465,251371003849987,train_oof,1,phishing,1,phishing,0.874513,0.125487,True,TP,3,-1,-1,1,-1,0,1,-1,0,-1,-1
9466,158183937790321,train_oof,0,legitimate,0,legitimate,0.004456,0.995544,True,TN,5,1,-1,1,-1,1,1,1,0,0,1
9467,61516967753319,train_oof,1,phishing,0,legitimate,0.475586,0.524414,False,FN,1,1,-1,1,-1,-1,1,-1,0,-1,1
9469,22470452867722,train_oof,1,phishing,1,phishing,0.998491,0.001509,True,TP,5,-1,1,1,-1,-1,1,-1,-1,-1,-1
9470,14466648433118,train_oof,1,phishing,1,phishing,0.852476,0.147524,True,TP,2,-1,-1,1,-1,0,1,1,0,-1,-1
9471,138269207835567,train_oof,0,legitimate,0,legitimate,0.205694,0.794306,True,TN,4,-1,-1,1,-1,1,1,-1,0,-1,1
9473,100420553381837,train_oof,1,phishing,0,legitimate,0.448565,0.551435,False,FN,4,1,-1,1,-1,-1,1,1,1,-1,-1
9477,219975182996746,train_oof,0,legitimate,0,legitimate,0.135022,0.864978,True,TN,5,1,-1,1,-1,1,1,-1,0,-1,1
9478,11745844565571,train_oof,0,legitimate,0,legitimate,0.080167,0.919833,True,TN,5,1,-1,1,-1,1,1,1,0,-1,0
9479,57996322772669,train_oof,1,phishing,1,phishing,0.994232,0.005768,True,TP,4,-1,1,1,-1,-1,1,1,-1,1,-1
9480,5945854270923,train_oof,1,phishing,1,phishing,0.998087,0.001913,True,TP,5,-1,1,1,-1,-1,1,-1,-1,0,-1
9481,184998474293132,train_oof,1,phishing,1,phishing,0.989138,0.010862,True,TP,1,-1,-1,1,-1,-1,1,-1,-1,1,-1
9482,30629915851933,train_oof,1,phishing,1,phishing,0.991114,0.008886,True,TP,4,1,-1,1,-1,-1,1,1,-1,-1,-1
9483,182101511148836,train_oof,1,phishing,1,phishing,0.989138,0.010862,True,TP,1,-1,-1,1,-1,-1,1,-1,-1,1,-1
9484,209941485028701,train_oof,1,phishing,1,phishing,0.995874,0.004126,True,TP,4,-1,1,1,-1,-1,1,1,-1,-1,-1
9487,204199036950670,train_oof,0,legitimate,0,legitimate,0.014537,0.985463,True,TN,1,1,-1,1,1,1,-1,-1,1,-1,-1
9488,110545090745757,train_oof,1,phishing,1,phishing,0.986159,0.013841,True,TP,3,1,-1,1,-1,1,1,1,-1,-1,-1
9489,19503643656694,train_oof,0,legitimate,0,legitimate,0.000334,0.999666,True,TN,4,1,-1,1,-1,1,1,1,1,0,1
9491,223363726130775,train_oof,0,legitimate,0,legitimate,0.058275,0.941725,True,TN,1,-1,-1,1,1,-1,1,-1,1,-1,-1
9492,64382585514216,train_oof,1,phishing,1,phishing,0.91472,0.08528,True,TP,1,-1,-1,1,-1,0,1,-1,0,-1,-1
9493,19949239805930,train_oof,1,phishing,1,phishing,0.994972,0.005028,True,TP,2,1,-1,1,-1,1,1,-1,-1,-1,-1
9494,219377238342170,train_oof,0,legitimate,0,legitimate,0.002309,0.997691,True,TN,5,1,-1,1,-1,1,1,-1,1,1,1
9496,176971998945799,train_oof,0,legitimate,0,legitimate,0.080197,0.919803,True,TN,3,1,1,1,-1,1,1,1,0,-1,0
9498,103962229271133,train_oof,0,legitimate,0,legitimate,0.012278,0.987722,True,TN,1,1,1,1,-1,1,1,1,0,0,0
9499,133095051213545,train_oof,1,phishing,1,phishing,0.98755,0.01245,True,TP,3,1,-1,-1,-1,-1,1,-1,-1,-1,-1
9502,102186962375732,train_oof,0,legitimate,0,legitimate,1.9e-05,0.999981,True,TN,4,1,-1,1,1,1,1,1,1,0,-1
9503,140443111924025,train_oof,1,phishing,0,legitimate,0.493546,0.506454,False,FN,2,1,-1,1,-1,-1,-1,-1,0,0,0
9504,268253210252833,train_oof,1,phishing,0,legitimate,0.320474,0.679526,False,FN,3,-1,-1,1,-1,1,1,1,0,0,-1
9505,157740130850709,train_oof,1,phishing,1,phishing,0.991278,0.008722,True,TP,5,-1,-1,1,-1,-1,1,-1,-1,-1,0
9506,213097884165775,train_oof,0,legitimate,0,legitimate,0.016626,0.983374,True,TN,3,1,-1,1,1,0,1,1,1,-1,-1
9507,106830283839123,train_oof,0,legitimate,0,legitimate,0.370992,0.629008,True,TN,5,1,-1,1,-1,0,1,1,0,0,-1
9509,251874559666782,train_oof,0,legitimate,0,legitimate,0.004391,0.995609,True,TN,3,1,-1,1,-1,1,1,1,1,0,0
9510,253479356881778,train_oof,1,phishing,1,phishing,0.580453,0.419547,True,TP,2,-1,-1,1,-1,-1,1,-1,0,-1,0
9511,90776058530851,train_oof,0,legitimate,0,legitimate,0.141555,0.858445,True,TN,4,-1,1,1,-1,1,-1,1,0,1,-1
9512,130396574469488,train_oof,1,phishing,1,phishing,0.987143,0.012857,True,TP,1,-1,-1,1,-1,-1,1,-1,-1,0,0
9513,25855553627920,train_oof,0,legitimate,0,legitimate,0.0,1.0,True,TN,2,1,-1,1,1,1,1,1,1,0,-1
9514,79628105024679,train_oof,0,legitimate,0,legitimate,0.007608,0.992392,True,TN,4,1,-1,1,-1,1,1,1,1,0,-1
9515,165422623342128,train_oof,1,phishing,1,phishing,0.596267,0.403733,True,TP,3,-1,-1,1,-1,1,1,1,0,-1,-1
9516,129723556458286,train_oof,1,phishing,1,phishing,0.986528,0.013472,True,TP,5,-1,-1,1,-1,1,-1,-1,-1,-1,-1
9517,135664969173117,train_oof,0,legitimate,0,legitimate,0.014745,0.985255,True,TN,2,1,1,1,-1,1,1,1,0,0,0
9519,46207552233173,train_oof,0,legitimate,0,legitimate,0.379817,0.620183,True,TN,2,1,-1,1,-1,1,1,1,0,-1,-1
9520,123515288232164,train_oof,0,legitimate,0,legitimate,0.03612,0.96388,True,TN,4,1,-1,1,-1,1,1,-1,0,1,0
9521,184570249438664,train_oof,1,phishing,1,phishing,0.987141,0.012859,True,TP,3,-1,-1,1,-1,1,-1,-1,-1,-1,-1
9522,183653647672880,train_oof,1,phishing,1,phishing,0.681161,0.318839,True,TP,1,-1,-1,1,-1,1,1,-1,0,-1,-1
9523,67925435185969,train_oof,0,legitimate,0,legitimate,0.252402,0.747598,True,TN,1,-1,-1,1,-1,-1,1,-1,1,0,-1
9526,255603981714932,train_oof,1,phishing,1,phishing,0.615542,0.384458,True,TP,1,-1,-1,1,-1,-1,1,1,0,-1,0
9527,43298205517663,train_oof,1,phishing,1,phishing,0.715491,0.284509,True,TP,4,-1,-1,1,-1,0,-1,1,0,-1,-1
9528,165605843801089,train_oof,1,phishing,1,phishing,0.967274,0.032726,True,TP,3,1,-1,1,-1,-1,-1,1,-1,-1,-1
9529,237075983543,train_oof,1,phishing,1,phishing,0.968516,0.031484,True,TP,3,1,-1,1,-1,-1,-1,1,-1,0,-1
9530,3812239269180,train_oof,0,legitimate,0,legitimate,0.009866,0.990134,True,TN,1,-1,-1,1,1,1,1,1,0,0,-1
9531,266034613533619,train_oof,0,legitimate,0,legitimate,0.017182,0.982818,True,TN,4,1,-1,1,-1,1,1,1,1,-1,1
9533,108037895748955,train_oof,0,legitimate,0,legitimate,0.000141,0.999859,True,TN,1,1,-1,1,1,1,1,-1,1,1,-1
9534,143424045432307,train_oof,0,legitimate,0,legitimate,0.022979,0.977021,True,TN,2,1,-1,1,-1,1,-1,1,0,1,1
9535,260084745217124,train_oof,0,legitimate,0,legitimate,0.413312,0.586688,True,TN,1,-1,1,1,-1,1,1,1,0,-1,-1
9536,231563506719595,train_oof,1,phishing,1,phishing,0.986159,0.013841,True,TP,3,1,-1,1,-1,1,1,1,-1,-1,-1
9537,88437596383293,train_oof,1,phishing,1,phishing,0.998758,0.001242,True,TP,1,-1,-1,1,-1,-1,1,-1,-1,-1,-1
9538,263270833962080,train_oof,0,legitimate,0,legitimate,0.14218,0.85782,True,TN,1,-1,1,1,-1,1,1,1,0,0,1
9539,230891558535404,train_oof,1,phishing,1,phishing,0.993417,0.006583,True,TP,1,-1,1,1,-1,0,1,-1,-1,0,-1
9541,102298652826523,train_oof,1,phishing,1,phishing,0.593884,0.406116,True,TP,4,-1,-1,1,-1,-1,1,-1,0,-1,1
9542,271385299586846,train_oof,0,legitimate,0,legitimate,0.195778,0.804222,True,TN,4,1,-1,1,-1,1,1,1,0,1,-1
9543,12880189080603,train_oof,0,legitimate,0,legitimate,0.015856,0.984144,True,TN,3,-1,-1,-1,-1,1,1,1,0,0,-1
9544,115737123404339,train_oof,1,phishing,1,phishing,0.967296,0.032704,True,TP,4,1,-1,-1,-1,-1,1,1,-1,1,-1
9545,172521130006330,train_oof,1,phishing,1,phishing,0.99561,0.00439,True,TP,3,-1,-1,1,-1,-1,1,-1,-1,-1,0
9546,280696309564067,train_oof,1,phishing,1,phishing,0.547389,0.452611,True,TP,4,-1,-1,1,-1,1,1,1,0,-1,-1
9547,90035047396217,train_oof,1,phishing,1,phishing,0.999227,0.000773,True,TP,3,-1,-1,1,-1,0,-1,-1,-1,0,-1
9548,33828283757372,train_oof,0,legitimate,0,legitimate,0.054385,0.945615,True,TN,5,1,-1,1,-1,1,-1,1,0,-1,0
9550,198061112663363,train_oof,1,phishing,1,phishing,0.945702,0.054298,True,TP,3,1,-1,1,-1,-1,1,1,-1,0,-1
9552,217655154935406,train_oof,0,legitimate,0,legitimate,0.087282,0.912718,True,TN,3,1,-1,1,-1,0,-1,-1,1,0,-1
9553,147598437991746,train_oof,0,legitimate,0,legitimate,0.195778,0.804222,True,TN,4,1,-1,1,-1,1,1,1,0,1,-1
9554,67281198152579,train_oof,0,legitimate,0,legitimate,0.021471,0.978529,True,TN,4,-1,-1,1,-1,1,1,-1,0,1,1
9555,131199563481301,train_oof,1,phishing,1,phishing,0.961989,0.038011,True,TP,4,-1,-1,1,-1,1,1,1,-1,-1,-1
9556,35604841829677,train_oof,0,legitimate,1,phishing,0.586441,0.413559,False,FP,2,1,-1,1,-1,-1,1,-1,0,0,-1
9557,249448008572740,train_oof,1,phishing,1,phishing,0.726668,0.273332,True,TP,2,-1,-1,1,-1,1,1,-1,0,-1,-1
9558,66312711948902,train_oof,0,legitimate,0,legitimate,7.1e-05,0.999929,True,TN,5,1,-1,1,1,1,-1,1,1,1,-1
9559,84760911433762,train_oof,1,phishing,1,phishing,0.87551,0.12449,True,TP,1,-1,1,1,-1,1,-1,1,-1,-1,0
9561,211446717801004,train_oof,1,phishing,1,phishing,0.991824,0.008176,True,TP,4,-1,-1,1,-1,-1,-1,-1,-1,1,-1
9563,27587776084800,train_oof,0,legitimate,0,legitimate,0.004244,0.995756,True,TN,3,1,-1,1,-1,1,1,-1,1,0,1
9564,9025005687457,train_oof,0,legitimate,0,legitimate,0.23386,0.76614,True,TN,4,1,-1,1,-1,-1,1,-1,1,0,-1
9565,173523054348315,train_oof,1,phishing,0,legitimate,0.400249,0.599751,False,FN,4,1,-1,1,-1,0,1,1,0,-1,1
9566,133396011266265,train_oof,0,legitimate,0,legitimate,0.025646,0.974354,True,TN,3,1,-1,1,-1,1,1,1,0,0,0
9567,99580359985031,train_oof,1,phishing,1,phishing,0.654194,0.345806,True,TP,3,1,-1,1,-1,0,1,-1,0,-1,-1
9568,39564268153960,train_oof,0,legitimate,0,legitimate,7e-06,0.999993,True,TN,4,1,-1,1,1,1,1,1,1,1,-1
9569,97175759600584,train_oof,1,phishing,1,phishing,0.998385,0.001615,True,TP,5,-1,-1,1,-1,0,1,1,-1,-1,-1
9570,24184464591992,train_oof,0,legitimate,0,legitimate,0.000977,0.999023,True,TN,5,1,-1,1,1,1,-1,-1,1,0,-1
9571,142045699688072,train_oof,1,phishing,1,phishing,0.986814,0.013186,True,TP,2,1,-1,1,-1,1,1,1,-1,0,-1
9573,189000566420249,train_oof,0,legitimate,0,legitimate,0.206913,0.793087,True,TN,2,1,-1,1,-1,1,1,1,0,1,-1
9574,198618159639666,train_oof,0,legitimate,0,legitimate,0.064782,0.935218,True,TN,4,1,-1,1,-1,0,1,1,1,0,-1
9575,128439293596422,train_oof,0,legitimate,0,legitimate,0.007308,0.992692,True,TN,5,-1,1,1,1,1,1,1,1,-1,1
9576,258146103552978,train_oof,0,legitimate,0,legitimate,0.024922,0.975078,True,TN,2,-1,-1,1,-1,1,1,-1,0,1,1
9577,137245930012932,train_oof,0,legitimate,0,legitimate,0.009866,0.990134,True,TN,1,-1,-1,1,1,1,1,1,0,0,-1
9578,32432792849279,train_oof,0,legitimate,0,legitimate,0.00787,0.99213,True,TN,3,1,-1,1,-1,1,1,-1,0,1,1
9579,61780948891330,train_oof,1,phishing,1,phishing,0.998477,0.001523,True,TP,3,-1,-1,1,-1,-1,1,-1,-1,0,-1
9580,206268946500653,train_oof,1,phishing,1,phishing,0.983018,0.016982,True,TP,1,-1,1,1,-1,-1,-1,1,-1,0,-1
9581,259707455498878,train_oof,0,legitimate,0,legitimate,0.064782,0.935218,True,TN,4,1,-1,1,-1,0,1,1,1,0,-1
9582,44222143274929,train_oof,0,legitimate,0,legitimate,0.078806,0.921194,True,TN,4,1,-1,1,-1,1,-1,1,0,-1,-1
9583,196074072433063,train_oof,0,legitimate,0,legitimate,0.000551,0.999449,True,TN,4,1,-1,1,1,1,1,-1,1,1,1
9585,132808378205713,train_oof,0,legitimate,0,legitimate,0.005119,0.994881,True,TN,5,1,-1,1,1,-1,1,-1,1,0,-1
9588,156890356126657,train_oof,0,legitimate,0,legitimate,0.186836,0.813164,True,TN,1,1,-1,1,-1,1,1,1,0,1,-1
9589,151952769501016,train_oof,1,phishing,1,phishing,0.983934,0.016066,True,TP,5,-1,-1,1,-1,-1,1,-1,-1,0,0
9591,73030270492758,train_oof,0,legitimate,0,legitimate,0.3894,0.6106,True,TN,4,-1,-1,1,-1,1,1,1,0,0,-1
9592,185000835055539,train_oof,0,legitimate,0,legitimate,0.118059,0.881941,True,TN,5,1,-1,1,-1,0,1,1,0,1,-1
9594,25320169337732,train_oof,0,legitimate,0,legitimate,0.020786,0.979214,True,TN,5,1,-1,1,-1,1,1,1,0,1,1
9595,97057222778507,train_oof,1,phishing,1,phishing,0.989216,0.010784,True,TP,5,-1,-1,-1,-1,-1,-1,1,-1,1,-1
9596,110681014592661,train_oof,1,phishing,1,phishing,0.607977,0.392023,True,TP,4,-1,-1,1,-1,0,1,-1,0,0,-1
9597,209941485028701,train_oof,1,phishing,1,phishing,0.995874,0.004126,True,TP,4,-1,1,1,-1,-1,1,1,-1,-1,-1
9598,161316412019795,train_oof,0,legitimate,0,legitimate,0.020656,0.979344,True,TN,1,1,-1,1,-1,1,1,-1,1,1,0
9599,17770613003505,train_oof,1,phishing,1,phishing,0.998101,0.001899,True,TP,4,1,-1,1,-1,-1,1,-1,-1,0,-1
9600,224936135442707,train_oof,0,legitimate,0,legitimate,0.305371,0.694629,True,TN,4,-1,-1,1,-1,-1,1,1,1,0,-1
9601,146872307543278,train_oof,0,legitimate,0,legitimate,0.108588,0.891412,True,TN,3,1,-1,1,-1,1,-1,1,1,-1,-1
9602,11751051004137,train_oof,1,phishing,0,legitimate,0.461554,0.538446,False,FN,3,-1,-1,1,-1,0,-1,1,0,0,1
9603,133396011266265,train_oof,0,legitimate,0,legitimate,0.025646,0.974354,True,TN,3,1,-1,1,-1,1,1,1,0,0,0
9604,225184406950951,train_oof,1,phishing,0,legitimate,0.296855,0.703145,False,FN,4,-1,1,-1,-1,0,1,1,0,0,-1
9605,248819303995414,train_oof,0,legitimate,0,legitimate,0.003527,0.996473,True,TN,3,1,-1,1,-1,1,1,1,0,0,1
9606,64213640632695,train_oof,0,legitimate,0,legitimate,0.001335,0.998665,True,TN,1,1,-1,1,-1,1,1,-1,1,1,1
9607,192366049855005,train_oof,1,phishing,1,phishing,0.999312,0.000688,True,TP,4,1,-1,1,-1,-1,1,-1,-1,-1,-1
9608,112073381913695,train_oof,0,legitimate,0,legitimate,0.096034,0.903966,True,TN,3,-1,-1,-1,-1,1,1,1,0,0,1
9609,108858820385484,train_oof,1,phishing,1,phishing,0.980213,0.019787,True,TP,2,-1,-1,1,-1,-1,-1,1,-1,-1,-1
9610,65777185557140,train_oof,0,legitimate,0,legitimate,0.18839,0.81161,True,TN,1,-1,-1,-1,-1,1,1,-1,0,-1,0
9611,83862322720345,train_oof,0,legitimate,0,legitimate,0.000664,0.999336,True,TN,2,1,-1,1,-1,1,1,1,1,0,1
9612,89563730285113,train_oof,0,legitimate,0,legitimate,0.000634,0.999366,True,TN,5,1,-1,1,-1,1,1,1,1,1,1
9613,32772495396247,train_oof,1,phishing,1,phishing,0.765804,0.234196,True,TP,3,-1,-1,1,-1,-1,1,1,0,-1,-1
9614,247858002565284,train_oof,0,legitimate,0,legitimate,0.015111,0.984889,True,TN,2,-1,1,1,1,1,1,1,0,0,-1
9616,170616418582317,train_oof,0,legitimate,0,legitimate,0.000131,0.999869,True,TN,3,1,-1,1,1,1,1,1,0,0,1
9617,22675887054197,train_oof,1,phishing,1,phishing,0.993775,0.006225,True,TP,4,-1,-1,1,-1,-1,1,1,-1,-1,-1
9618,265327671326890,train_oof,1,phishing,1,phishing,0.961473,0.038527,True,TP,2,1,1,1,-1,-1,1,1,-1,0,-1
9619,193894369804701,train_oof,0,legitimate,0,legitimate,0.000111,0.999889,True,TN,3,-1,-1,-1,1,1,1,1,0,0,-1
9620,124427355227459,train_oof,0,legitimate,0,legitimate,0.001404,0.998596,True,TN,4,-1,-1,1,1,1,1,1,0,1,-1
9622,182411156311943,train_oof,1,phishing,0,legitimate,0.379817,0.620183,False,FN,2,1,-1,1,-1,1,1,1,0,-1,-1
9623,90124526373790,train_oof,1,phishing,1,phishing,0.927788,0.072212,True,TP,5,-1,-1,1,-1,0,1,1,0,-1,-1
9624,265096429155897,train_oof,0,legitimate,0,legitimate,0.014535,0.985465,True,TN,1,1,-1,-1,1,1,1,1,1,-1,-1
9626,222867275101061,train_oof,1,phishing,1,phishing,0.968593,0.031407,True,TP,3,-1,-1,-1,-1,-1,1,-1,-1,0,-1
9627,200337814862901,train_oof,1,phishing,1,phishing,0.994177,0.005823,True,TP,2,1,1,1,-1,-1,1,-1,-1,0,-1
9628,219377238342170,train_oof,0,legitimate,0,legitimate,0.002309,0.997691,True,TN,5,1,-1,1,-1,1,1,-1,1,1,1
9629,90179864488066,train_oof,1,phishing,1,phishing,0.737985,0.262015,True,TP,1,-1,-1,1,-1,0,1,-1,1,-1,-1
9631,266583671112309,train_oof,1,phishing,1,phishing,0.931598,0.068402,True,TP,5,-1,-1,1,-1,1,1,1,-1,0,0
9632,65168362085720,train_oof,1,phishing,1,phishing,0.988756,0.011244,True,TP,1,1,-1,1,-1,-1,1,1,-1,-1,-1
9633,207909288072043,train_oof,1,phishing,1,phishing,0.948728,0.051272,True,TP,1,1,-1,1,-1,-1,-1,-1,-1,1,-1
9635,27918895178537,train_oof,0,legitimate,0,legitimate,0.330186,0.669814,True,TN,3,1,-1,1,-1,0,1,1,0,0,-1
9636,174704811864528,train_oof,0,legitimate,0,legitimate,0.008979,0.991021,True,TN,2,1,-1,1,-1,1,1,-1,0,0,1
9637,198859516556,train_oof,0,legitimate,0,legitimate,0.036795,0.963205,True,TN,3,-1,-1,1,-1,1,1,-1,0,1,0
9640,171386623992599,train_oof,0,legitimate,0,legitimate,0.031013,0.968987,True,TN,5,1,-1,1,-1,1,1,-1,1,0,-1
9641,79328994506242,train_oof,1,phishing,1,phishing,0.891789,0.108211,True,TP,2,-1,-1,1,-1,0,1,-1,0,-1,-1
9642,272546392164276,train_oof,0,legitimate,0,legitimate,0.040655,0.959345,True,TN,5,1,1,1,1,0,1,1,0,-1,-1
9644,89449562952538,train_oof,1,phishing,1,phishing,0.997331,0.002669,True,TP,3,1,-1,1,-1,0,1,1,-1,-1,-1
9645,160417519273539,train_oof,0,legitimate,0,legitimate,0.045359,0.954641,True,TN,3,-1,-1,1,-1,1,1,-1,1,0,0
9646,141750763806032,train_oof,0,legitimate,0,legitimate,0.027164,0.972836,True,TN,1,1,-1,-1,-1,1,1,1,1,0,-1
9648,27801416586545,train_oof,0,legitimate,0,legitimate,0.004644,0.995356,True,TN,5,1,-1,1,-1,1,1,1,1,1,-1
9649,270828274775934,train_oof,0,legitimate,0,legitimate,0.181092,0.818908,True,TN,3,-1,-1,1,-1,1,-1,1,1,-1,-1
9650,257425791505658,train_oof,1,phishing,0,legitimate,0.307081,0.692919,False,FN,5,1,-1,1,-1,-1,1,-1,0,0,0
9652,177710473282856,train_oof,1,phishing,0,legitimate,0.460925,0.539075,False,FN,3,1,-1,1,-1,1,1,1,0,-1,-1
9653,113912934372286,train_oof,1,phishing,1,phishing,0.999636,0.000364,True,TP,2,-1,-1,1,-1,-1,1,-1,-1,-1,-1
9657,245355348778106,train_oof,0,legitimate,0,legitimate,0.00149,0.99851,True,TN,2,1,-1,1,-1,1,1,1,1,1,1
9658,113861038953788,train_oof,0,legitimate,0,legitimate,0.062096,0.937904,True,TN,5,-1,-1,-1,-1,1,1,1,0,0,1
9659,189360812952202,train_oof,1,phishing,1,phishing,0.995711,0.004289,True,TP,5,1,-1,1,-1,0,-1,-1,-1,0,-1
9662,219973069891889,train_oof,1,phishing,1,phishing,0.989395,0.010605,True,TP,4,1,1,1,-1,-1,1,-1,-1,0,0
9663,223452915197390,train_oof,0,legitimate,0,legitimate,0.138436,0.861564,True,TN,2,-1,-1,1,-1,1,1,1,1,0,-1
9664,176733869507773,train_oof,1,phishing,1,phishing,0.949703,0.050297,True,TP,4,1,-1,1,-1,-1,1,1,-1,0,-1
9665,267878286355455,train_oof,1,phishing,1,phishing,0.699913,0.300087,True,TP,3,-1,-1,1,-1,0,-1,1,0,-1,-1
9666,57339545634868,train_oof,1,phishing,1,phishing,0.986814,0.013186,True,TP,2,1,-1,1,-1,1,1,1,-1,0,-1
9667,258413844467300,train_oof,1,phishing,1,phishing,0.995796,0.004204,True,TP,1,-1,-1,1,-1,0,-1,1,-1,0,-1
9668,212947804026577,train_oof,1,phishing,1,phishing,0.987089,0.012911,True,TP,4,-1,-1,1,-1,-1,-1,1,-1,0,-1
9670,140487425941437,train_oof,1,phishing,0,legitimate,0.428419,0.571581,False,FN,1,-1,-1,1,-1,1,1,1,0,0,-1
9671,98570565459178,train_oof,0,legitimate,0,legitimate,0.082365,0.917635,True,TN,2,1,-1,1,-1,1,1,-1,0,0,0
9672,155195744698496,train_oof,0,legitimate,0,legitimate,0.022828,0.977172,True,TN,2,-1,-1,1,-1,1,-1,1,1,1,-1
9673,78567512092582,train_oof,0,legitimate,0,legitimate,0.406399,0.593601,True,TN,2,1,-1,1,-1,0,1,-1,0,0,-1
9674,191157919910781,train_oof,0,legitimate,0,legitimate,0.09024,0.90976,True,TN,3,-1,-1,1,-1,1,-1,-1,1,1,-1
9675,259707455498878,train_oof,0,legitimate,0,legitimate,0.064782,0.935218,True,TN,4,1,-1,1,-1,0,1,1,1,0,-1
9676,143760171374542,train_oof,1,phishing,1,phishing,0.985183,0.014817,True,TP,2,-1,-1,-1,-1,0,-1,1,-1,-1,-1
9677,21351856773759,train_oof,0,legitimate,0,legitimate,0.287966,0.712034,True,TN,4,-1,-1,1,-1,0,1,-1,0,0,1
9678,249209487779817,train_oof,1,phishing,0,legitimate,0.175204,0.824796,False,FN,3,-1,-1,1,-1,-1,1,-1,0,0,1
9679,159301332217996,train_oof,0,legitimate,0,legitimate,0.013587,0.986413,True,TN,3,-1,-1,1,-1,1,-1,1,0,-1,1
9680,65192622613854,train_oof,0,legitimate,0,legitimate,0.004056,0.995944,True,TN,1,1,-1,1,-1,1,1,1,0,0,1
9681,89452307311736,train_oof,1,phishing,1,phishing,0.999636,0.000364,True,TP,2,-1,-1,1,-1,-1,1,-1,-1,-1,-1
9683,65134196863932,train_oof,0,legitimate,0,legitimate,0.086703,0.913297,True,TN,3,-1,-1,-1,-1,1,1,-1,0,-1,1
9684,196165741949307,train_oof,0,legitimate,0,legitimate,0.195639,0.804361,True,TN,5,1,1,1,-1,1,1,1,0,1,-1
9685,250351497590749,train_oof,0,legitimate,0,legitimate,0.259419,0.740581,True,TN,3,1,-1,1,-1,1,1,-1,0,0,-1
9686,275638699288399,train_oof,1,phishing,1,phishing,0.988219,0.011781,True,TP,4,1,-1,-1,-1,-1,1,-1,-1,-1,-1
9687,219103142988448,train_oof,0,legitimate,0,legitimate,0.170616,0.829384,True,TN,4,-1,1,1,-1,1,-1,1,1,-1,-1
9688,194035500472543,train_oof,1,phishing,1,phishing,0.998245,0.001755,True,TP,5,-1,1,1,-1,-1,1,1,-1,-1,-1
9689,117614889722645,train_oof,0,legitimate,1,phishing,0.525063,0.474937,False,FP,1,-1,1,-1,-1,0,1,1,0,-1,-1
9691,164902848788350,train_oof,0,legitimate,0,legitimate,0.327208,0.672792,True,TN,1,1,-1,1,-1,0,1,1,0,0,-1
9692,232168261792826,train_oof,0,legitimate,0,legitimate,0.029101,0.970899,True,TN,1,1,-1,1,-1,1,1,1,0,0,0
9693,200325494420059,train_oof,0,legitimate,0,legitimate,0.275029,0.724971,True,TN,2,-1,-1,1,-1,-1,1,1,1,0,-1
9694,182584962801778,train_oof,1,phishing,1,phishing,0.971883,0.028117,True,TP,2,-1,-1,1,-1,-1,1,-1,-1,0,1
9695,21387491392198,train_oof,0,legitimate,0,legitimate,0.002447,0.997553,True,TN,3,-1,-1,1,-1,1,1,1,1,1,1
9696,268163526479771,train_oof,1,phishing,1,phishing,0.999816,0.000184,True,TP,5,-1,-1,1,-1,0,1,-1,-1,-1,-1
9697,53674762313022,train_oof,1,phishing,1,phishing,0.976449,0.023551,True,TP,4,-1,-1,1,-1,-1,1,-1,-1,0,1
9699,82435854647368,train_oof,1,phishing,1,phishing,0.913187,0.086813,True,TP,5,-1,-1,-1,-1,1,-1,1,-1,1,-1
9700,51618989337319,train_oof,1,phishing,1,phishing,0.578337,0.421663,True,TP,4,1,-1,1,-1,1,1,-1,0,-1,-1
9701,60608186710480,train_oof,1,phishing,1,phishing,0.941787,0.058213,True,TP,1,1,-1,1,-1,-1,1,1,-1,0,-1
9702,197693533873106,train_oof,1,phishing,1,phishing,0.998826,0.001174,True,TP,3,-1,-1,1,-1,-1,1,-1,-1,-1,-1
9703,212684318884392,train_oof,1,phishing,1,phishing,0.889799,0.110201,True,TP,4,-1,-1,1,-1,0,1,-1,0,-1,-1
9704,190245188497110,train_oof,0,legitimate,0,legitimate,0.013779,0.986221,True,TN,4,1,-1,1,-1,1,1,1,0,1,1
9705,197693533873106,train_oof,1,phishing,1,phishing,0.998826,0.001174,True,TP,3,-1,-1,1,-1,-1,1,-1,-1,-1,-1
9706,217404289097970,train_oof,1,phishing,1,phishing,0.997842,0.002158,True,TP,5,1,-1,1,-1,-1,1,-1,-1,0,-1
9709,277979869600828,train_oof,0,legitimate,0,legitimate,0.024521,0.975479,True,TN,3,-1,1,-1,1,1,1,1,0,-1,-1
9710,232176848370755,train_oof,1,phishing,1,phishing,0.944633,0.055367,True,TP,5,-1,-1,1,-1,-1,1,-1,-1,1,1
9711,15081342844581,train_oof,0,legitimate,0,legitimate,0.428419,0.571581,True,TN,1,-1,-1,1,-1,1,1,1,0,0,-1
9713,86953289255003,train_oof,1,phishing,1,phishing,0.991781,0.008219,True,TP,2,-1,-1,1,-1,1,-1,-1,-1,-1,-1
9714,197750327120367,train_oof,1,phishing,1,phishing,0.998758,0.001242,True,TP,1,-1,-1,1,-1,-1,1,-1,-1,-1,-1
9715,249381477253933,train_oof,0,legitimate,0,legitimate,0.008506,0.991494,True,TN,1,1,-1,1,1,1,-1,1,1,-1,-1
9716,148128947570503,train_oof,0,legitimate,0,legitimate,9.8e-05,0.999902,True,TN,1,1,-1,1,1,1,1,1,1,1,-1
9719,6124079195156,train_oof,0,legitimate,0,legitimate,0.006012,0.993988,True,TN,5,-1,-1,1,1,1,-1,1,1,-1,1
9720,162274171123716,train_oof,1,phishing,0,legitimate,0.301704,0.698296,False,FN,2,1,-1,1,-1,1,1,-1,0,1,-1
9721,167381546611223,train_oof,0,legitimate,0,legitimate,0.25514,0.74486,True,TN,1,1,-1,-1,-1,1,1,1,0,-1,0
9723,87347489300112,train_oof,1,phishing,1,phishing,0.996344,0.003656,True,TP,5,1,1,1,-1,0,1,1,-1,-1,-1
9725,217655154935406,train_oof,0,legitimate,0,legitimate,0.087282,0.912718,True,TN,3,1,-1,1,-1,0,-1,-1,1,0,-1
9726,93295633882650,train_oof,0,legitimate,0,legitimate,0.293169,0.706831,True,TN,1,-1,-1,-1,-1,0,-1,-1,0,1,-1
9727,152839993833,train_oof,0,legitimate,0,legitimate,0.122581,0.877419,True,TN,3,1,-1,1,-1,0,-1,1,0,1,-1
9728,217964031993499,train_oof,1,phishing,1,phishing,0.9992,0.0008,True,TP,3,1,-1,1,-1,-1,1,-1,-1,-1,-1
9729,150903999172828,train_oof,0,legitimate,0,legitimate,0.125298,0.874702,True,TN,3,-1,0,-1,-1,0,1,1,0,0,-1
9730,125310334674615,train_oof,1,phishing,1,phishing,0.948728,0.051272,True,TP,1,1,-1,1,-1,-1,-1,-1,-1,1,-1
9731,26220401175962,train_oof,1,phishing,1,phishing,0.571548,0.428452,True,TP,5,-1,-1,1,-1,-1,1,-1,0,-1,1
9732,225746054016602,train_oof,0,legitimate,0,legitimate,0.111887,0.888113,True,TN,4,1,-1,1,-1,1,-1,1,1,-1,-1
9733,216112443190,train_oof,0,legitimate,1,phishing,0.506731,0.493269,False,FP,1,1,0,1,-1,-1,1,-1,0,-1,0
9736,6582028891186,train_oof,0,legitimate,0,legitimate,0.000334,0.999666,True,TN,4,1,-1,1,-1,1,1,1,1,0,1
9737,64981328921630,train_oof,1,phishing,0,legitimate,0.29263,0.70737,False,FN,4,1,-1,1,-1,0,-1,1,0,-1,-1
9739,99303429716465,train_oof,0,legitimate,0,legitimate,0.243128,0.756872,True,TN,2,-1,-1,1,-1,1,-1,1,0,0,-1
9740,214132946821902,train_oof,0,legitimate,0,legitimate,0.01263,0.98737,True,TN,4,-1,-1,1,-1,1,1,1,0,1,0
9741,27801416586545,train_oof,0,legitimate,0,legitimate,0.004644,0.995356,True,TN,5,1,-1,1,-1,1,1,1,1,1,-1
9742,165468985588682,train_oof,0,legitimate,0,legitimate,0.000669,0.999331,True,TN,4,-1,-1,1,1,1,1,1,1,1,-1
9743,71675000179138,train_oof,0,legitimate,0,legitimate,0.026017,0.973983,True,TN,4,1,1,-1,1,1,1,1,1,0,-1
9744,78694957008180,train_oof,1,phishing,1,phishing,0.988756,0.011244,True,TP,1,1,-1,1,-1,-1,1,1,-1,-1,-1
9745,105203636343919,train_oof,0,legitimate,0,legitimate,0.099839,0.900161,True,TN,4,-1,-1,1,-1,-1,1,1,0,1,1
9747,23857937325504,train_oof,0,legitimate,0,legitimate,0.000254,0.999746,True,TN,3,-1,-1,1,1,1,1,1,1,0,1
9748,135873964520414,train_oof,1,phishing,1,phishing,0.711065,0.288935,True,TP,3,1,-1,1,-1,0,1,1,0,-1,-1
9749,7961252478573,train_oof,0,legitimate,0,legitimate,0.001833,0.998167,True,TN,4,1,-1,1,1,1,1,-1,1,0,1
9751,226726887255605,train_oof,1,phishing,1,phishing,0.99381,0.00619,True,TP,5,-1,-1,1,-1,-1,1,1,-1,-1,-1
9753,122191919032313,train_oof,0,legitimate,0,legitimate,0.036,0.964,True,TN,1,1,1,1,1,0,1,1,0,-1,-1
9755,209987457938242,train_oof,0,legitimate,0,legitimate,0.095437,0.904563,True,TN,2,1,1,1,-1,1,-1,1,1,-1,-1
9756,5813374007010,train_oof,0,legitimate,0,legitimate,0.072888,0.927112,True,TN,2,-1,-1,-1,-1,1,1,1,0,-1,1
9757,191349181001296,train_oof,0,legitimate,0,legitimate,0.018492,0.981508,True,TN,3,-1,1,-1,1,1,1,1,0,1,-1
9758,265349569109426,train_oof,0,legitimate,0,legitimate,0.030217,0.969783,True,TN,4,-1,1,-1,1,1,1,1,0,0,-1
9759,129573770133943,train_oof,1,phishing,1,phishing,0.997601,0.002399,True,TP,1,1,1,1,-1,0,1,-1,-1,-1,-1
9760,10958385155952,train_oof,0,legitimate,0,legitimate,0.316542,0.683458,True,TN,5,-1,1,-1,-1,1,1,1,0,-1,-1
9763,254098088584823,train_oof,0,legitimate,0,legitimate,0.10494,0.89506,True,TN,2,-1,-1,1,-1,1,-1,1,0,1,-1
9764,106878433517894,train_oof,0,legitimate,0,legitimate,0.068124,0.931876,True,TN,1,1,-1,1,-1,1,1,-1,0,0,0
9765,206452018098844,train_oof,1,phishing,1,phishing,0.71397,0.28603,True,TP,1,-1,-1,1,-1,-1,1,-1,0,-1,-1
9766,61516967753319,train_oof,1,phishing,0,legitimate,0.475586,0.524414,False,FN,1,1,-1,1,-1,-1,1,-1,0,-1,1
9767,271461477526640,train_oof,1,phishing,1,phishing,0.99718,0.00282,True,TP,4,1,-1,1,-1,0,-1,-1,-1,0,-1
9768,278735003320944,train_oof,0,legitimate,0,legitimate,0.004599,0.995401,True,TN,4,-1,-1,1,-1,1,1,1,0,1,1
9769,117553858031821,train_oof,1,phishing,1,phishing,0.724541,0.275459,True,TP,3,1,-1,1,-1,-1,1,1,0,-1,-1
9770,26977061756816,train_oof,1,phishing,1,phishing,0.98465,0.01535,True,TP,3,-1,-1,-1,-1,-1,1,-1,-1,-1,-1
9771,8655194984437,train_oof,0,legitimate,0,legitimate,0.388923,0.611077,True,TN,4,-1,-1,1,-1,-1,1,1,0,0,-1
9772,81914400538036,train_oof,0,legitimate,0,legitimate,0.119286,0.880714,True,TN,4,-1,-1,1,-1,-1,1,1,0,1,-1
9774,8578909874386,train_oof,1,phishing,1,phishing,0.998316,0.001684,True,TP,3,-1,1,1,-1,-1,1,1,-1,-1,-1
9775,186415601419325,train_oof,0,legitimate,1,phishing,0.580777,0.419223,False,FP,2,-1,-1,1,-1,-1,1,1,1,-1,-1
9776,142137001758491,train_oof,1,phishing,1,phishing,0.613515,0.386485,True,TP,5,-1,-1,1,-1,0,-1,1,0,0,-1
9777,225996941097452,train_oof,0,legitimate,1,phishing,0.547389,0.452611,False,FP,4,-1,-1,1,-1,1,1,1,0,-1,-1
9778,266334710920673,train_oof,1,phishing,1,phishing,0.995991,0.004009,True,TP,3,1,-1,1,-1,-1,1,-1,-1,1,-1
9779,178612722524730,train_oof,0,legitimate,0,legitimate,0.031794,0.968206,True,TN,4,-1,-1,1,-1,1,-1,1,0,0,1
9780,163766047897178,train_oof,1,phishing,1,phishing,0.712054,0.287946,True,TP,1,-1,-1,1,-1,1,1,1,0,-1,-1
9781,74761887344688,train_oof,0,legitimate,1,phishing,0.652162,0.347838,False,FP,1,1,-1,1,-1,0,1,-1,0,-1,-1
9783,169449626522290,train_oof,1,phishing,1,phishing,0.588208,0.411792,True,TP,1,-1,-1,1,-1,-1,1,-1,1,-1,-1
9784,157633489679689,train_oof,1,phishing,1,phishing,0.991278,0.008722,True,TP,5,-1,-1,1,-1,-1,1,-1,-1,-1,0
9785,58400367527120,train_oof,1,phishing,0,legitimate,0.308932,0.691068,False,FN,2,1,-1,1,-1,0,1,-1,0,1,-1
9786,179182009524795,train_oof,0,legitimate,1,phishing,0.781098,0.218902,False,FP,5,-1,-1,1,-1,0,-1,1,0,-1,-1
9787,177667563306617,train_oof,0,legitimate,0,legitimate,0.02261,0.97739,True,TN,2,1,-1,1,1,1,1,1,0,-1,-1
9789,93559832884027,train_oof,1,phishing,0,legitimate,0.289448,0.710552,False,FN,1,1,-1,1,-1,-1,1,1,0,0,0
9790,192062729560411,train_oof,0,legitimate,0,legitimate,0.327389,0.672611,True,TN,5,-1,-1,1,-1,-1,1,-1,1,0,-1
9792,146540213524684,train_oof,1,phishing,1,phishing,0.596267,0.403733,True,TP,3,-1,-1,1,-1,1,1,1,0,-1,-1
9794,108522979951550,train_oof,1,phishing,1,phishing,0.999479,0.000521,True,TP,5,-1,-1,1,-1,-1,1,-1,-1,-1,-1
9795,142963432735303,train_oof,1,phishing,1,phishing,0.989535,0.010465,True,TP,1,-1,-1,1,-1,-1,1,1,-1,0,-1
9796,115880562960406,train_oof,0,legitimate,0,legitimate,0.004413,0.995587,True,TN,2,1,-1,1,-1,1,1,1,1,1,-1
9798,123261132842048,train_oof,0,legitimate,0,legitimate,0.052924,0.947076,True,TN,5,-1,-1,1,-1,1,-1,-1,0,1,0
9799,83311608654488,train_oof,0,legitimate,0,legitimate,0.000131,0.999869,True,TN,3,1,-1,1,1,1,1,1,0,0,1
9800,171796865378878,train_oof,0,legitimate,0,legitimate,0.005719,0.994281,True,TN,4,-1,-1,1,1,1,1,1,0,0,-1
9801,171584721687939,train_oof,0,legitimate,1,phishing,0.677887,0.322113,False,FP,1,-1,-1,1,-1,0,-1,1,0,0,-1
9802,92392125435876,train_oof,1,phishing,1,phishing,0.9989,0.0011,True,TP,1,-1,-1,1,-1,0,1,1,-1,-1,-1
9803,94068156056018,train_oof,0,legitimate,0,legitimate,4.4e-05,0.999956,True,TN,1,-1,-1,-1,1,1,1,1,0,0,-1
9804,185932900465820,train_oof,1,phishing,1,phishing,0.996455,0.003545,True,TP,4,-1,-1,1,-1,-1,-1,-1,-1,0,-1
9805,150232652611395,train_oof,0,legitimate,0,legitimate,0.066857,0.933143,True,TN,5,1,1,1,-1,1,1,1,0,0,1
9806,257455379265722,train_oof,0,legitimate,0,legitimate,0.435643,0.564357,True,TN,3,1,1,-1,-1,0,1,1,0,-1,-1
9808,37510658096594,train_oof,0,legitimate,0,legitimate,0.025525,0.974475,True,TN,3,-1,1,1,1,1,1,1,0,0,-1
9809,185249229442629,train_oof,0,legitimate,0,legitimate,0.048394,0.951606,True,TN,5,1,1,1,-1,1,1,-1,0,0,1
9810,173834354366831,train_oof,0,legitimate,0,legitimate,0.003863,0.996137,True,TN,1,1,-1,-1,1,1,1,1,1,1,-1
9811,280696309564067,train_oof,1,phishing,1,phishing,0.547389,0.452611,True,TP,4,-1,-1,1,-1,1,1,1,0,-1,-1
9812,18479429852631,train_oof,1,phishing,1,phishing,0.991543,0.008457,True,TP,1,-1,-1,1,-1,-1,1,1,-1,-1,-1
9813,4477787209954,train_oof,0,legitimate,1,phishing,0.723706,0.276294,False,FP,3,-1,-1,1,-1,1,1,-1,0,-1,-1
9815,262886199815073,train_oof,1,phishing,1,phishing,0.991133,0.008867,True,TP,2,1,1,1,-1,-1,-1,-1,-1,0,-1
9816,9474031824895,train_oof,1,phishing,1,phishing,0.995814,0.004186,True,TP,2,-1,1,1,-1,-1,1,1,-1,0,-1
9818,88101442873232,train_oof,0,legitimate,1,phishing,0.755943,0.244057,False,FP,5,-1,-1,1,-1,1,1,-1,0,-1,-1
9819,263480599999255,train_oof,1,phishing,1,phishing,0.547389,0.452611,True,TP,4,-1,-1,1,-1,1,1,1,0,-1,-1
9820,142847660191705,train_oof,0,legitimate,0,legitimate,0.006615,0.993385,True,TN,5,1,1,1,1,1,-1,1,1,-1,-1
9821,241076921263784,train_oof,0,legitimate,0,legitimate,0.000416,0.999584,True,TN,3,1,-1,1,-1,1,1,1,1,0,1
9822,158847710541700,train_oof,0,legitimate,0,legitimate,0.160399,0.839601,True,TN,1,-1,-1,1,-1,1,1,1,0,-1,0
9824,24439069227044,train_oof,0,legitimate,0,legitimate,0.000416,0.999584,True,TN,3,1,-1,1,-1,1,1,1,1,0,1
9825,241761318351123,train_oof,1,phishing,1,phishing,0.607977,0.392023,True,TP,4,-1,-1,1,-1,0,1,-1,0,0,-1
9826,245298309276286,train_oof,1,phishing,1,phishing,0.999076,0.000924,True,TP,2,1,-1,1,-1,-1,1,-1,-1,0,-1
9829,175337415001111,train_oof,0,legitimate,0,legitimate,0.230319,0.769681,True,TN,5,-1,-1,1,-1,0,-1,1,0,1,-1
9830,112073381913695,train_oof,0,legitimate,0,legitimate,0.096034,0.903966,True,TN,3,-1,-1,-1,-1,1,1,1,0,0,1
9831,156510597383357,train_oof,0,legitimate,0,legitimate,0.073905,0.926095,True,TN,3,-1,-1,-1,-1,1,1,-1,0,0,-1
9833,133396011266265,train_oof,0,legitimate,0,legitimate,0.025646,0.974354,True,TN,3,1,-1,1,-1,1,1,1,0,0,0
9834,82322014571516,train_oof,1,phishing,1,phishing,0.958855,0.041145,True,TP,3,-1,1,-1,-1,1,1,1,-1,-1,-1
9835,202108115352255,train_oof,1,phishing,0,legitimate,0.080818,0.919182,False,FN,5,-1,-1,1,-1,1,1,1,1,0,-1
9836,1548865407013,train_oof,1,phishing,1,phishing,0.998826,0.001174,True,TP,3,-1,-1,1,-1,-1,1,-1,-1,-1,-1
9837,19772279189841,train_oof,1,phishing,1,phishing,0.976909,0.023091,True,TP,1,-1,-1,-1,-1,1,-1,-1,-1,-1,-1
9838,142610282954037,train_oof,0,legitimate,0,legitimate,0.114471,0.885529,True,TN,5,-1,-1,-1,-1,-1,1,-1,0,0,-1
9840,60086515155259,train_oof,1,phishing,1,phishing,0.997391,0.002609,True,TP,1,-1,-1,1,-1,-1,1,-1,-1,0,-1
9842,16620520349600,train_oof,0,legitimate,0,legitimate,0.190578,0.809422,True,TN,4,-1,-1,1,-1,1,-1,1,0,0,-1
9843,7448410277732,train_oof,1,phishing,1,phishing,0.652162,0.347838,True,TP,1,1,-1,1,-1,0,1,-1,0,-1,-1
9844,196517728317754,train_oof,1,phishing,1,phishing,0.561333,0.438667,True,TP,5,-1,-1,1,-1,0,1,1,0,0,-1
9845,241972937306540,train_oof,0,legitimate,0,legitimate,0.211776,0.788224,True,TN,5,-1,1,1,-1,1,1,1,1,0,-1
9846,179080937534203,train_oof,0,legitimate,1,phishing,0.673601,0.326399,False,FP,4,1,-1,1,-1,0,1,-1,0,-1,-1
9847,130188240500665,train_oof,0,legitimate,0,legitimate,0.014291,0.985709,True,TN,2,1,-1,1,1,1,1,-1,0,0,-1
9849,269692067895375,train_oof,0,legitimate,0,legitimate,0.003863,0.996137,True,TN,2,1,-1,1,-1,1,1,1,1,1,0
9850,145238212261053,train_oof,0,legitimate,0,legitimate,0.259419,0.740581,True,TN,3,1,-1,1,-1,1,1,-1,0,0,-1
9852,89643167341125,train_oof,1,phishing,1,phishing,0.91472,0.08528,True,TP,1,-1,-1,1,-1,0,1,-1,0,-1,-1
9854,78694957008180,train_oof,1,phishing,1,phishing,0.988756,0.011244,True,TP,1,1,-1,1,-1,-1,1,1,-1,-1,-1
9855,25064558495316,train_oof,0,legitimate,1,phishing,0.580532,0.419468,False,FP,3,-1,-1,1,-1,0,1,1,0,0,-1
9856,65252556190978,train_oof,1,phishing,1,phishing,0.905389,0.094611,True,TP,3,1,-1,1,-1,1,1,-1,-1,-1,0
9858,195232276801875,train_oof,0,legitimate,0,legitimate,0.002587,0.997413,True,TN,1,-1,-1,1,-1,1,1,1,1,1,1
9859,204115871213636,train_oof,0,legitimate,0,legitimate,0.007658,0.992342,True,TN,4,-1,1,1,1,1,1,1,1,0,-1
9860,128280705441083,train_oof,1,phishing,1,phishing,0.998238,0.001762,True,TP,2,-1,1,1,-1,-1,1,1,-1,-1,-1
9862,135834029846698,train_oof,0,legitimate,0,legitimate,7e-06,0.999993,True,TN,4,1,-1,1,1,1,1,1,1,1,-1
9863,104946660611927,train_oof,0,legitimate,0,legitimate,0.045424,0.954576,True,TN,3,1,-1,1,-1,1,-1,-1,1,0,-1
9864,196977634013783,train_oof,1,phishing,1,phishing,0.889799,0.110201,True,TP,4,-1,-1,1,-1,0,1,-1,0,-1,-1
9866,221373336095889,train_oof,0,legitimate,0,legitimate,0.195778,0.804222,True,TN,4,1,-1,1,-1,1,1,1,0,1,-1
9867,19772279189841,train_oof,1,phishing,1,phishing,0.976909,0.023091,True,TP,1,-1,-1,-1,-1,1,-1,-1,-1,-1,-1
9870,62666385497772,train_oof,0,legitimate,1,phishing,0.858734,0.141266,False,FP,5,-1,-1,1,-1,1,-1,1,-1,1,-1
9871,89785348751358,train_oof,1,phishing,1,phishing,0.999737,0.000263,True,TP,5,-1,1,1,-1,0,1,-1,-1,-1,-1
9872,260407473919436,train_oof,0,legitimate,0,legitimate,0.003003,0.996997,True,TN,4,1,-1,1,-1,1,1,1,1,1,-1
9873,160189172368118,train_oof,0,legitimate,0,legitimate,0.048939,0.951061,True,TN,2,-1,-1,1,-1,1,1,1,1,1,-1
9874,150232652611395,train_oof,0,legitimate,0,legitimate,0.066857,0.933143,True,TN,5,1,1,1,-1,1,1,1,0,0,1
9875,143437414750206,train_oof,1,phishing,0,legitimate,0.400457,0.599543,False,FN,5,1,-1,1,-1,1,1,1,0,-1,-1
9880,80142756533330,train_oof,1,phishing,1,phishing,0.979732,0.020268,True,TP,4,-1,1,1,-1,0,-1,1,-1,0,-1
9881,6124079195156,train_oof,0,legitimate,0,legitimate,0.006012,0.993988,True,TN,5,-1,-1,1,1,1,-1,1,1,-1,1
9882,125829818395948,train_oof,1,phishing,1,phishing,0.999076,0.000924,True,TP,2,1,-1,1,-1,-1,1,-1,-1,0,-1
9883,85329483338476,train_oof,1,phishing,0,legitimate,0.245332,0.754668,False,FN,5,-1,-1,-1,-1,0,1,1,0,-1,-1
9884,69558698965921,train_oof,0,legitimate,0,legitimate,0.466414,0.533586,True,TN,1,1,-1,1,-1,1,1,1,0,-1,-1
9888,245525433608810,train_oof,0,legitimate,1,phishing,0.684331,0.315669,False,FP,5,1,-1,1,-1,0,1,1,0,-1,-1
9889,235399684996970,train_oof,1,phishing,1,phishing,0.9945,0.0055,True,TP,3,-1,-1,1,-1,0,-1,1,-1,0,-1
9890,67949745487223,train_oof,0,legitimate,0,legitimate,0.151914,0.848086,True,TN,4,-1,-1,1,-1,-1,1,1,1,1,-1
9892,160137748576533,train_oof,1,phishing,1,phishing,0.941787,0.058213,True,TP,1,1,-1,1,-1,-1,1,1,-1,0,-1
9894,260077952181648,train_oof,1,phishing,1,phishing,0.980585,0.019415,True,TP,4,-1,1,1,-1,-1,1,1,-1,-1,0
9895,70926788481577,train_oof,1,phishing,1,phishing,0.540928,0.459072,True,TP,3,-1,-1,1,-1,0,-1,1,0,0,-1
9897,170589837217538,train_oof,0,legitimate,1,phishing,0.577897,0.422103,False,FP,2,-1,-1,1,-1,1,1,-1,0,1,-1
9898,47119717588455,train_oof,1,phishing,1,phishing,0.985528,0.014472,True,TP,5,1,-1,1,-1,-1,1,-1,-1,-1,0
9899,146824748522742,train_oof,1,phishing,0,legitimate,0.368157,0.631843,False,FN,4,-1,-1,1,-1,0,1,-1,0,0,0
9900,30608452950546,train_oof,0,legitimate,0,legitimate,0.149683,0.850317,True,TN,4,-1,-1,1,-1,1,1,-1,1,1,-1
9901,26477025356080,train_oof,0,legitimate,0,legitimate,0.04503,0.95497,True,TN,5,-1,-1,-1,-1,1,1,1,0,0,-1
9902,110153770340632,train_oof,0,legitimate,0,legitimate,0.118591,0.881409,True,TN,4,1,1,1,-1,1,1,1,1,1,-1
9903,32370937569454,train_oof,1,phishing,1,phishing,0.552084,0.447916,True,TP,3,1,-1,1,-1,0,-1,-1,0,-1,-1
9904,251572660572870,train_oof,0,legitimate,0,legitimate,0.004056,0.995944,True,TN,1,1,-1,1,-1,1,1,1,0,0,1
9905,168596875814709,train_oof,1,phishing,1,phishing,0.99786,0.00214,True,TP,3,-1,-1,-1,-1,0,-1,-1,-1,1,-1
9907,156153362768326,train_oof,1,phishing,1,phishing,0.919215,0.080785,True,TP,1,-1,1,-1,-1,1,-1,1,-1,1,-1
9908,107044897715059,train_oof,1,phishing,1,phishing,0.945702,0.054298,True,TP,3,1,-1,1,-1,-1,1,1,-1,0,-1
9909,89744529057876,train_oof,1,phishing,0,legitimate,0.485911,0.514089,False,FN,5,1,-1,1,-1,-1,-1,-1,0,0,0
9911,18430852541372,train_oof,1,phishing,1,phishing,0.999124,0.000876,True,TP,4,-1,-1,1,-1,-1,1,-1,-1,-1,-1
9912,248567503538961,train_oof,1,phishing,0,legitimate,0.195054,0.804946,False,FN,4,1,-1,1,-1,1,1,-1,0,0,-1
9913,57946189332769,train_oof,0,legitimate,0,legitimate,0.324794,0.675206,True,TN,4,-1,-1,1,-1,1,-1,1,0,-1,-1
9915,222947733125881,train_oof,0,legitimate,0,legitimate,0.186475,0.813525,True,TN,2,-1,1,1,-1,1,-1,1,0,-1,-1
9916,23699205729033,train_oof,0,legitimate,0,legitimate,0.004527,0.995473,True,TN,4,1,-1,1,1,1,-1,-1,0,1,1
9918,69379456610935,train_oof,1,phishing,1,phishing,0.998477,0.001523,True,TP,3,-1,-1,1,-1,-1,1,-1,-1,0,-1
9919,220813827856849,train_oof,0,legitimate,1,phishing,0.76924,0.23076,False,FP,4,1,-1,1,-1,-1,1,-1,1,-1,-1
9920,135998113953016,train_oof,1,phishing,0,legitimate,0.22167,0.77833,False,FN,1,-1,-1,1,-1,-1,1,-1,0,0,0
9921,177667563306617,train_oof,0,legitimate,0,legitimate,0.02261,0.97739,True,TN,2,1,-1,1,1,1,1,1,0,-1,-1
9922,218782135386548,train_oof,1,phishing,1,phishing,0.756748,0.243252,True,TP,1,1,-1,1,-1,0,1,1,0,-1,-1
9924,43988712306745,train_oof,1,phishing,1,phishing,0.986591,0.013409,True,TP,5,1,-1,1,-1,-1,1,1,-1,-1,-1
9925,264529759981718,train_oof,1,phishing,0,legitimate,0.28322,0.71678,False,FN,2,-1,1,-1,-1,0,1,1,0,0,-1
9927,195254846219736,train_oof,0,legitimate,0,legitimate,0.202169,0.797831,True,TN,2,-1,-1,1,-1,1,1,1,0,1,-1
9929,185266696966027,train_oof,0,legitimate,0,legitimate,0.14365,0.85635,True,TN,4,-1,-1,1,-1,1,1,1,1,-1,-1
9930,271385299586846,train_oof,0,legitimate,0,legitimate,0.195778,0.804222,True,TN,4,1,-1,1,-1,1,1,1,0,1,-1
9931,262351918998292,train_oof,0,legitimate,0,legitimate,0.250822,0.749178,True,TN,5,-1,-1,1,-1,1,-1,-1,1,-1,-1
9934,98252431444882,train_oof,0,legitimate,0,legitimate,0.000416,0.999584,True,TN,3,1,-1,1,-1,1,1,1,1,0,1
9935,989447783038,train_oof,0,legitimate,0,legitimate,0.077998,0.922002,True,TN,5,1,-1,1,-1,1,1,-1,0,0,0
9936,162184457258021,train_oof,0,legitimate,1,phishing,0.698726,0.301274,False,FP,3,-1,-1,1,-1,-1,1,-1,1,-1,-1
9938,225448696261401,train_oof,1,phishing,1,phishing,0.991543,0.008457,True,TP,1,-1,-1,1,-1,-1,1,1,-1,-1,-1
9939,153111617361104,train_oof,0,legitimate,1,phishing,0.556972,0.443028,False,FP,3,1,-1,1,-1,-1,-1,-1,0,0,0
9941,198391635563712,train_oof,1,phishing,1,phishing,0.620548,0.379452,True,TP,2,-1,-1,1,-1,-1,1,-1,1,-1,-1
9942,4537628850880,train_oof,0,legitimate,0,legitimate,0.012955,0.987045,True,TN,5,1,-1,1,1,1,1,-1,1,-1,-1
9943,148869571236094,train_oof,0,legitimate,0,legitimate,0.000416,0.999584,True,TN,3,1,-1,1,-1,1,1,1,1,0,1
9944,252433306666024,train_oof,1,phishing,1,phishing,0.989535,0.010465,True,TP,1,-1,-1,1,-1,-1,1,1,-1,0,-1
9945,229698677029467,train_oof,0,legitimate,0,legitimate,0.317906,0.682094,True,TN,2,1,-1,1,-1,0,1,-1,1,-1,1
9946,46207552233173,train_oof,0,legitimate,0,legitimate,0.379817,0.620183,True,TN,2,1,-1,1,-1,1,1,1,0,-1,-1
9947,173373497931293,train_oof,0,legitimate,0,legitimate,0.055693,0.944307,True,TN,3,-1,-1,1,-1,1,1,-1,0,0,0
9948,97411959973236,train_oof,1,phishing,1,phishing,0.913855,0.086145,True,TP,2,-1,-1,-1,-1,1,-1,1,-1,1,-1
9949,140160083438399,train_oof,0,legitimate,0,legitimate,0.003044,0.996956,True,TN,4,-1,-1,1,1,1,-1,1,1,0,-1
9950,60037276482608,train_oof,0,legitimate,0,legitimate,0.04325,0.95675,True,TN,5,-1,-1,1,1,1,1,-1,0,0,-1
9951,192366049855005,train_oof,1,phishing,1,phishing,0.999312,0.000688,True,TP,4,1,-1,1,-1,-1,1,-1,-1,-1,-1
9952,174451010706707,train_oof,1,phishing,1,phishing,0.995796,0.004204,True,TP,1,-1,-1,1,-1,0,-1,1,-1,0,-1
9953,176520966012791,train_oof,0,legitimate,0,legitimate,4.4e-05,0.999956,True,TN,1,-1,-1,-1,1,1,1,1,0,0,-1
9954,157740130850709,train_oof,1,phishing,1,phishing,0.991278,0.008722,True,TP,5,-1,-1,1,-1,-1,1,-1,-1,-1,0
9955,166683452831723,train_oof,0,legitimate,0,legitimate,0.012506,0.987494,True,TN,4,-1,-1,1,-1,1,-1,1,1,1,-1
9956,40654491787162,train_oof,1,phishing,1,phishing,0.998384,0.001616,True,TP,3,1,-1,1,-1,0,1,-1,-1,-1,-1
9957,108522979951550,train_oof,1,phishing,1,phishing,0.999479,0.000521,True,TP,5,-1,-1,1,-1,-1,1,-1,-1,-1,-1
9958,196509858520350,train_oof,1,phishing,1,phishing,0.855984,0.144016,True,TP,3,-1,-1,1,-1,0,1,1,0,-1,-1
9960,42650515733224,train_oof,1,phishing,1,phishing,0.989925,0.010075,True,TP,5,-1,-1,1,-1,0,1,-1,-1,-1,0
9961,185913649589107,train_oof,0,legitimate,0,legitimate,0.091172,0.908828,True,TN,4,-1,-1,1,-1,1,1,1,0,1,-1
9962,51665747912936,train_oof,1,phishing,1,phishing,0.681161,0.318839,True,TP,1,-1,-1,1,-1,1,1,-1,0,-1,-1
9963,197693533873106,train_oof,1,phishing,1,phishing,0.998826,0.001174,True,TP,3,-1,-1,1,-1,-1,1,-1,-1,-1,-1
9964,29630424711133,train_oof,0,legitimate,0,legitimate,0.00176,0.99824,True,TN,5,-1,-1,-1,1,1,1,-1,1,1,-1
9965,44302667663227,train_oof,1,phishing,1,phishing,0.652162,0.347838,True,TP,1,1,-1,1,-1,0,1,-1,0,-1,-1
9966,104438777966898,train_oof,0,legitimate,0,legitimate,0.147058,0.852942,True,TN,2,1,-1,1,-1,-1,1,-1,1,0,0
9967,250995867558495,train_oof,0,legitimate,0,legitimate,0.047698,0.952302,True,TN,3,-1,-1,-1,-1,1,1,1,0,1,1
9969,43988712306745,train_oof,1,phishing,1,phishing,0.986591,0.013409,True,TP,5,1,-1,1,-1,-1,1,1,-1,-1,-1
9970,20084295746424,train_oof,1,phishing,1,phishing,0.962626,0.037374,True,TP,5,-1,1,-1,-1,-1,-1,-1,-1,1,0
9971,233561033746583,train_oof,0,legitimate,0,legitimate,0.246303,0.753697,True,TN,4,1,-1,1,-1,-1,1,1,0,0,1
9972,199565344245814,train_oof,1,phishing,0,legitimate,0.30415,0.69585,False,FN,1,-1,1,1,-1,0,1,1,0,1,-1
9973,109439449700524,train_oof,1,phishing,1,phishing,0.998758,0.001242,True,TP,1,-1,-1,1,-1,-1,1,-1,-1,-1,-1
9974,181347813728680,train_oof,1,phishing,1,phishing,0.998657,0.001343,True,TP,5,-1,-1,1,-1,-1,1,-1,-1,0,-1
9975,146513197672683,train_oof,0,legitimate,0,legitimate,0.004244,0.995756,True,TN,3,1,-1,1,-1,1,1,-1,1,0,1
9976,14213853612096,train_oof,0,legitimate,0,legitimate,0.225196,0.774804,True,TN,2,1,1,1,-1,-1,1,1,0,0,1
9977,72936088638681,train_oof,1,phishing,1,phishing,0.891789,0.108211,True,TP,2,-1,-1,1,-1,0,1,-1,0,-1,-1
9979,55557130516449,train_oof,0,legitimate,0,legitimate,0.033642,0.966358,True,TN,3,1,1,1,-1,1,1,1,1,0,0
9980,36584191976629,train_oof,1,phishing,1,phishing,0.999674,0.000326,True,TP,2,-1,-1,1,-1,0,1,-1,-1,0,-1
9981,88008507697355,train_oof,0,legitimate,0,legitimate,0.029101,0.970899,True,TN,1,1,-1,1,-1,1,1,1,0,0,0
9982,240499059560751,train_oof,0,legitimate,0,legitimate,0.070424,0.929576,True,TN,1,-1,-1,-1,-1,1,1,1,0,0,-1
9984,70568692911196,train_oof,0,legitimate,0,legitimate,0.000101,0.999899,True,TN,5,1,-1,1,1,1,1,1,1,0,-1
9985,77481192480056,train_oof,1,phishing,1,phishing,0.954568,0.045432,True,TP,1,-1,1,-1,-1,1,1,1,-1,0,0
9987,40544145855597,train_oof,1,phishing,0,legitimate,0.307717,0.692283,False,FN,1,1,-1,1,-1,-1,1,-1,0,0,0
9988,4477787209954,train_oof,0,legitimate,1,phishing,0.723706,0.276294,False,FP,3,-1,-1,1,-1,1,1,-1,0,-1,-1
9989,219975182996746,train_oof,0,legitimate,0,legitimate,0.135022,0.864978,True,TN,5,1,-1,1,-1,1,1,-1,0,-1,1
9990,158183937790321,train_oof,0,legitimate,0,legitimate,0.004456,0.995544,True,TN,5,1,-1,1,-1,1,1,1,0,0,1
9994,44159424155772,train_oof,0,legitimate,0,legitimate,0.073905,0.926095,True,TN,3,-1,-1,-1,-1,1,1,-1,0,0,-1
9995,252988926192299,train_oof,0,legitimate,0,legitimate,0.068124,0.931876,True,TN,1,1,-1,1,-1,1,1,-1,0,0,0
9996,217983907258339,train_oof,0,legitimate,0,legitimate,0.042841,0.957159,True,TN,5,-1,-1,1,-1,1,-1,1,0,0,1
9997,216460654991410,train_oof,0,legitimate,0,legitimate,0.314554,0.685446,True,TN,4,-1,1,-1,-1,1,1,1,0,-1,1
9998,182692516875364,train_oof,0,legitimate,0,legitimate,0.120694,0.879306,True,TN,3,-1,-1,1,-1,1,1,1,1,0,-1
9999,21162310165603,train_oof,0,legitimate,0,legitimate,0.028409,0.971591,True,TN,2,1,-1,1,1,1,-1,-1,0,1,-1
10001,260407473919436,train_oof,0,legitimate,0,legitimate,0.003003,0.996997,True,TN,4,1,-1,1,-1,1,1,1,1,1,-1
10002,230938092092738,train_oof,0,legitimate,0,legitimate,0.075561,0.924439,True,TN,4,-1,-1,1,-1,1,1,-1,0,0,1
10004,69558698965921,train_oof,0,legitimate,0,legitimate,0.466414,0.533586,True,TN,1,1,-1,1,-1,1,1,1,0,-1,-1
10005,89563730285113,train_oof,0,legitimate,0,legitimate,0.000634,0.999366,True,TN,5,1,-1,1,-1,1,1,1,1,1,1
10006,205633252415580,train_oof,0,legitimate,0,legitimate,3.9e-05,0.999961,True,TN,3,1,-1,1,1,1,1,-1,1,0,-1
10007,251454517037884,train_oof,0,legitimate,0,legitimate,0.017842,0.982158,True,TN,4,1,-1,1,1,1,1,-1,0,1,-1
10008,105727218751741,train_oof,1,phishing,1,phishing,0.990587,0.009413,True,TP,3,1,-1,1,-1,-1,1,-1,-1,0,0
10009,108522979951550,train_oof,1,phishing,1,phishing,0.999479,0.000521,True,TP,5,-1,-1,1,-1,-1,1,-1,-1,-1,-1
10010,281237219489856,train_oof,0,legitimate,0,legitimate,0.31366,0.68634,True,TN,3,-1,-1,1,-1,0,-1,1,0,1,-1
10011,155877340570268,train_oof,1,phishing,1,phishing,0.668177,0.331823,True,TP,2,-1,-1,1,-1,-1,1,1,0,-1,0
10012,29630424711133,train_oof,0,legitimate,0,legitimate,0.00176,0.99824,True,TN,5,-1,-1,-1,1,1,1,-1,1,1,-1
10015,241972937306540,train_oof,0,legitimate,0,legitimate,0.211776,0.788224,True,TN,5,-1,1,1,-1,1,1,1,1,0,-1
10017,224690368074398,train_oof,1,phishing,1,phishing,0.989535,0.010465,True,TP,1,-1,-1,1,-1,-1,1,1,-1,0,-1
10018,243759183997689,train_oof,0,legitimate,1,phishing,0.524591,0.475409,False,FP,1,-1,-1,1,-1,1,1,-1,0,1,-1
10019,169445254616517,train_oof,0,legitimate,0,legitimate,2.8e-05,0.999972,True,TN,1,1,-1,1,1,1,-1,-1,1,1,-1
10020,40809035359056,train_oof,0,legitimate,0,legitimate,5.6e-05,0.999944,True,TN,5,-1,-1,-1,1,1,1,1,1,0,-1
10021,184987291504720,train_oof,1,phishing,0,legitimate,0.374083,0.625917,False,FN,3,-1,-1,1,-1,1,1,-1,0,1,-1
10023,50169644152330,train_oof,1,phishing,1,phishing,0.976511,0.023489,True,TP,1,1,-1,1,-1,-1,-1,1,-1,0,-1
10024,59845635548899,train_oof,0,legitimate,0,legitimate,0.111145,0.888855,True,TN,2,-1,1,1,-1,1,-1,1,0,0,-1
10025,17770613003505,train_oof,1,phishing,1,phishing,0.998101,0.001899,True,TP,4,1,-1,1,-1,-1,1,-1,-1,0,-1
10026,207301716716700,train_oof,1,phishing,1,phishing,0.945379,0.054621,True,TP,2,-1,-1,1,-1,1,-1,1,-1,-1,-1
10027,11745844565571,train_oof,0,legitimate,0,legitimate,0.080167,0.919833,True,TN,5,1,-1,1,-1,1,1,1,0,-1,0
10029,184865142603569,train_oof,0,legitimate,1,phishing,0.612906,0.387094,False,FP,4,-1,-1,1,-1,1,1,-1,0,0,-1
10030,248373081075377,train_oof,0,legitimate,1,phishing,0.62001,0.37999,False,FP,1,-1,-1,1,-1,0,1,1,0,0,-1
10031,268163526479771,train_oof,1,phishing,1,phishing,0.999816,0.000184,True,TP,5,-1,-1,1,-1,0,1,-1,-1,-1,-1
10032,157559516102950,train_oof,1,phishing,1,phishing,0.852476,0.147524,True,TP,2,-1,-1,1,-1,0,1,1,0,-1,-1
10033,152935533334661,train_oof,1,phishing,1,phishing,0.998677,0.001323,True,TP,5,-1,-1,-1,-1,0,-1,-1,-1,1,-1
10034,60065153805607,train_oof,0,legitimate,0,legitimate,0.081197,0.918803,True,TN,2,-1,-1,1,-1,1,-1,-1,1,0,-1
10035,249824436909499,train_oof,1,phishing,1,phishing,0.643159,0.356841,True,TP,2,1,-1,1,-1,0,1,1,0,-1,-1
10037,99836535762640,train_oof,1,phishing,1,phishing,0.998477,0.001523,True,TP,3,-1,-1,1,-1,-1,1,-1,-1,0,-1
10038,28671266551940,train_oof,0,legitimate,0,legitimate,0.114307,0.885693,True,TN,3,-1,1,-1,-1,-1,-1,-1,0,1,1
10039,236222153389651,train_oof,1,phishing,1,phishing,0.998758,0.001242,True,TP,1,-1,-1,1,-1,-1,1,-1,-1,-1,-1
10041,214168201920388,train_oof,1,phishing,1,phishing,0.995711,0.004289,True,TP,5,1,-1,1,-1,0,-1,-1,-1,0,-1
10043,212027596926890,train_oof,1,phishing,1,phishing,0.999816,0.000184,True,TP,5,-1,-1,1,-1,0,1,-1,-1,-1,-1
10044,239229904196218,train_oof,1,phishing,1,phishing,0.596267,0.403733,True,TP,3,-1,-1,1,-1,1,1,1,0,-1,-1
10046,72771295765407,train_oof,0,legitimate,0,legitimate,0.000711,0.999289,True,TN,5,1,-1,1,1,1,1,1,0,0,1
10047,118806836121801,train_oof,0,legitimate,0,legitimate,0.007739,0.992261,True,TN,1,1,1,1,-1,1,-1,1,0,0,0
10048,57145561832992,train_oof,1,phishing,1,phishing,0.999106,0.000894,True,TP,5,1,-1,1,-1,0,1,-1,-1,-1,-1
10049,220106436487283,train_oof,0,legitimate,0,legitimate,0.397364,0.602636,True,TN,1,1,-1,1,-1,0,1,1,1,-1,-1
10050,27516865571196,train_oof,1,phishing,1,phishing,0.998477,0.001523,True,TP,3,-1,-1,1,-1,-1,1,-1,-1,0,-1
10051,82659246559061,train_oof,1,phishing,1,phishing,0.993937,0.006063,True,TP,4,-1,1,1,-1,-1,1,1,-1,0,-1
10052,259782361658813,train_oof,1,phishing,0,legitimate,0.470697,0.529303,False,FN,3,-1,-1,1,-1,1,1,-1,0,0,-1
10054,16092460959351,train_oof,0,legitimate,0,legitimate,0.327208,0.672792,True,TN,1,1,-1,1,-1,0,1,1,0,0,-1
10055,146367799088227,train_oof,0,legitimate,0,legitimate,0.041795,0.958205,True,TN,5,-1,-1,1,1,1,1,-1,0,-1,1
10056,70429435542151,train_oof,0,legitimate,1,phishing,0.654194,0.345806,False,FP,3,1,-1,1,-1,0,1,-1,0,-1,-1
10059,207467642646708,train_oof,1,phishing,1,phishing,0.52484,0.47516,True,TP,5,-1,-1,1,-1,1,1,-1,0,1,-1
10060,130777190722213,train_oof,0,legitimate,0,legitimate,0.090084,0.909916,True,TN,4,1,1,1,-1,0,1,1,0,0,-1
10061,28779619807457,train_oof,0,legitimate,0,legitimate,0.080638,0.919362,True,TN,4,-1,-1,1,-1,1,-1,-1,1,0,-1
10062,135368794807628,train_oof,0,legitimate,0,legitimate,0.181203,0.818797,True,TN,5,-1,-1,1,-1,1,1,1,0,-1,0
10064,22858293813140,train_oof,0,legitimate,0,legitimate,0.002447,0.997553,True,TN,3,-1,-1,1,-1,1,1,1,1,1,1
10065,208036597386329,train_oof,1,phishing,0,legitimate,0.078272,0.921728,False,FN,4,1,-1,1,-1,0,1,1,0,1,-1
10066,150575730988804,train_oof,1,phishing,1,phishing,0.99054,0.00946,True,TP,5,1,1,1,-1,-1,1,-1,-1,0,-1
10068,195254846219736,train_oof,0,legitimate,0,legitimate,0.202169,0.797831,True,TN,2,-1,-1,1,-1,1,1,1,0,1,-1
10069,251371003849987,train_oof,1,phishing,1,phishing,0.874513,0.125487,True,TP,3,-1,-1,1,-1,0,1,-1,0,-1,-1
10070,1089076268769,train_oof,1,phishing,1,phishing,0.997842,0.002158,True,TP,5,1,-1,1,-1,-1,1,-1,-1,0,-1
10071,56946134739206,train_oof,1,phishing,1,phishing,0.891789,0.108211,True,TP,2,-1,-1,1,-1,0,1,-1,0,-1,-1
10073,218502495145018,train_oof,0,legitimate,0,legitimate,0.179128,0.820872,True,TN,5,1,-1,1,-1,1,-1,1,0,-1,-1
10074,245335040397851,train_oof,0,legitimate,0,legitimate,0.070931,0.929069,True,TN,4,-1,-1,1,-1,1,-1,-1,0,0,0
10075,40809035359056,train_oof,0,legitimate,0,legitimate,5.6e-05,0.999944,True,TN,5,-1,-1,-1,1,1,1,1,1,0,-1
10077,172883696398367,train_oof,1,phishing,1,phishing,0.891789,0.108211,True,TP,2,-1,-1,1,-1,0,1,-1,0,-1,-1
10078,173101148114663,train_oof,0,legitimate,0,legitimate,0.006742,0.993258,True,TN,3,1,-1,1,-1,1,-1,1,1,1,1
10079,241447903078714,train_oof,0,legitimate,0,legitimate,0.290574,0.709426,True,TN,1,1,-1,1,-1,0,1,-1,1,-1,1
10080,228361753965269,train_oof,0,legitimate,0,legitimate,0.017449,0.982551,True,TN,4,1,-1,1,1,0,1,-1,1,-1,-1
10081,272508831609618,train_oof,0,legitimate,0,legitimate,0.12514,0.87486,True,TN,4,1,1,1,-1,1,1,-1,0,1,1
10082,59366002112139,train_oof,0,legitimate,0,legitimate,2e-05,0.99998,True,TN,5,1,-1,1,1,1,1,1,1,1,-1
10083,1155906360582,train_oof,0,legitimate,0,legitimate,0.009407,0.990593,True,TN,4,-1,-1,1,1,-1,1,1,0,1,-1
10084,274994611050852,train_oof,0,legitimate,0,legitimate,0.028587,0.971413,True,TN,5,-1,-1,1,-1,1,1,-1,0,1,1
10088,1731735056143,train_oof,0,legitimate,0,legitimate,0.221952,0.778048,True,TN,3,-1,-1,1,-1,-1,1,-1,1,1,-1
10089,83311608654488,train_oof,0,legitimate,0,legitimate,0.000131,0.999869,True,TN,3,1,-1,1,1,1,1,1,0,0,1
10091,252481958175185,train_oof,0,legitimate,0,legitimate,1.7e-05,0.999983,True,TN,3,1,-1,1,1,1,1,1,1,0,-1
10093,161448159068242,train_oof,1,phishing,1,phishing,0.643159,0.356841,True,TP,2,1,-1,1,-1,0,1,1,0,-1,-1
10095,73255807700516,train_oof,0,legitimate,0,legitimate,0.00493,0.99507,True,TN,5,1,-1,1,-1,1,-1,1,1,0,1
10097,201764736068487,train_oof,1,phishing,1,phishing,0.992939,0.007061,True,TP,4,-1,-1,1,-1,-1,1,-1,-1,0,0
10098,186415601419325,train_oof,0,legitimate,1,phishing,0.580777,0.419223,False,FP,2,-1,-1,1,-1,-1,1,1,1,-1,-1
10100,115880562960406,train_oof,0,legitimate,0,legitimate,0.004413,0.995587,True,TN,2,1,-1,1,-1,1,1,1,1,1,-1
10101,1337140951185,train_oof,1,phishing,1,phishing,0.991543,0.008457,True,TP,1,-1,-1,1,-1,-1,1,1,-1,-1,-1
10102,3980191809586,train_oof,0,legitimate,0,legitimate,0.014954,0.985046,True,TN,2,1,1,-1,1,0,-1,1,1,1,-1
10103,182006439981562,train_oof,0,legitimate,0,legitimate,0.304688,0.695312,True,TN,5,-1,1,1,-1,0,-1,1,0,0,-1
10104,11690115535645,train_oof,0,legitimate,0,legitimate,0.000334,0.999666,True,TN,4,1,-1,1,-1,1,1,1,1,0,1
10105,59089355669284,train_oof,1,phishing,1,phishing,0.999826,0.000174,True,TP,1,-1,-1,1,-1,0,1,-1,-1,-1,-1
10106,32722571219817,train_oof,0,legitimate,0,legitimate,0.3894,0.6106,True,TN,4,-1,-1,1,-1,1,1,1,0,0,-1
10107,163691665437708,train_oof,0,legitimate,0,legitimate,0.004456,0.995544,True,TN,5,1,-1,1,-1,1,1,1,0,0,1
10108,69554454165025,train_oof,1,phishing,1,phishing,0.997046,0.002954,True,TP,1,1,-1,1,-1,0,1,1,-1,-1,-1
10109,135873964520414,train_oof,1,phishing,1,phishing,0.711065,0.288935,True,TP,3,1,-1,1,-1,0,1,1,0,-1,-1
10110,244166355487078,train_oof,1,phishing,1,phishing,0.946223,0.053777,True,TP,5,1,-1,1,-1,-1,1,1,-1,0,-1
10111,17005221604402,train_oof,0,legitimate,0,legitimate,0.047802,0.952198,True,TN,3,-1,1,1,-1,1,-1,1,0,0,0
10112,67339928803485,train_oof,0,legitimate,0,legitimate,0.014745,0.985255,True,TN,2,1,1,1,-1,1,1,1,0,0,0
10113,106065723438556,train_oof,0,legitimate,0,legitimate,8.8e-05,0.999912,True,TN,5,1,-1,1,1,1,1,1,1,1,1
10115,16092460959351,train_oof,1,phishing,0,legitimate,0.327208,0.672792,False,FN,1,1,-1,1,-1,0,1,1,0,0,-1
10116,193894369804701,train_oof,0,legitimate,0,legitimate,0.000111,0.999889,True,TN,3,-1,-1,-1,1,1,1,1,0,0,-1
10117,105185920998407,train_oof,0,legitimate,0,legitimate,0.001674,0.998326,True,TN,4,-1,-1,1,-1,1,-1,1,1,1,1
10119,34634777547328,train_oof,0,legitimate,0,legitimate,0.217579,0.782421,True,TN,1,1,-1,1,-1,1,-1,-1,1,-1,-1
10120,85582335610759,train_oof,0,legitimate,0,legitimate,0.125532,0.874468,True,TN,5,1,-1,-1,-1,1,1,-1,0,-1,0
10121,65192622613854,train_oof,0,legitimate,0,legitimate,0.004056,0.995944,True,TN,1,1,-1,1,-1,1,1,1,0,0,1
10122,210599976662639,train_oof,0,legitimate,0,legitimate,0.001553,0.998447,True,TN,2,-1,1,1,1,1,1,1,1,0,-1
10123,68525354334012,train_oof,0,legitimate,0,legitimate,0.008979,0.991021,True,TN,2,1,-1,1,-1,1,1,-1,0,0,1
10124,30117202972998,train_oof,1,phishing,0,legitimate,0.16649,0.83351,False,FN,2,1,1,1,-1,-1,1,1,1,0,-1
10125,165797463109560,train_oof,0,legitimate,0,legitimate,0.005754,0.994246,True,TN,1,-1,-1,1,-1,1,-1,1,1,1,1
10126,64524678099186,train_oof,0,legitimate,0,legitimate,0.033561,0.966439,True,TN,4,-1,-1,1,-1,1,-1,-1,1,0,1
10127,115880562960406,train_oof,0,legitimate,0,legitimate,0.004413,0.995587,True,TN,2,1,-1,1,-1,1,1,1,1,1,-1
10128,176520966012791,train_oof,0,legitimate,0,legitimate,4.4e-05,0.999956,True,TN,1,-1,-1,-1,1,1,1,1,0,0,-1
10129,253117904801607,train_oof,0,legitimate,0,legitimate,0.017026,0.982974,True,TN,5,-1,-1,1,1,-1,1,-1,1,0,-1
10130,20614898905747,train_oof,1,phishing,1,phishing,0.9989,0.0011,True,TP,1,-1,-1,1,-1,0,1,1,-1,-1,-1
10131,63984842724337,train_oof,0,legitimate,0,legitimate,0.119286,0.880714,True,TN,4,-1,-1,1,-1,-1,1,1,0,1,-1
10133,152448622723116,train_oof,0,legitimate,1,phishing,0.715491,0.284509,False,FP,4,-1,-1,1,-1,0,-1,1,0,-1,-1
10134,250504139429805,train_oof,1,phishing,1,phishing,0.991781,0.008219,True,TP,2,-1,-1,1,-1,1,-1,-1,-1,-1,-1
10135,52236700791735,train_oof,0,legitimate,0,legitimate,0.013779,0.986221,True,TN,4,1,-1,1,-1,1,1,1,0,1,1
10136,264268348049132,train_oof,0,legitimate,0,legitimate,0.026429,0.973571,True,TN,1,1,-1,1,1,-1,1,-1,0,-1,-1
10137,151826858113225,train_oof,1,phishing,1,phishing,0.654194,0.345806,True,TP,3,1,-1,1,-1,0,1,-1,0,-1,-1
10138,61593749314249,train_oof,0,legitimate,0,legitimate,0.194416,0.805584,True,TN,2,1,-1,1,-1,-1,1,1,0,1,-1
10140,193753234803955,train_oof,0,legitimate,0,legitimate,0.032952,0.967048,True,TN,5,-1,-1,1,-1,1,-1,1,1,-1,1
10142,140160083438399,train_oof,0,legitimate,0,legitimate,0.003044,0.996956,True,TN,4,-1,-1,1,1,1,-1,1,1,0,-1
10143,88101442873232,train_oof,1,phishing,1,phishing,0.755943,0.244057,True,TP,5,-1,-1,1,-1,1,1,-1,0,-1,-1
10144,100517811133729,train_oof,1,phishing,0,legitimate,0.460126,0.539874,False,FN,3,-1,1,-1,-1,0,1,1,0,-1,-1
10145,54613443584267,train_oof,0,legitimate,0,legitimate,0.001404,0.998596,True,TN,4,-1,-1,1,1,1,1,1,0,1,-1
10146,61895873394859,train_oof,0,legitimate,0,legitimate,0.005353,0.994647,True,TN,3,1,-1,1,-1,1,1,1,1,1,-1
10148,83885575962695,train_oof,1,phishing,1,phishing,0.983117,0.016883,True,TP,3,-1,-1,1,-1,-1,-1,1,-1,0,-1
10149,218979727665514,train_oof,1,phishing,1,phishing,0.954276,0.045724,True,TP,5,-1,0,1,-1,0,1,-1,0,-1,-1
10150,196160574061988,train_oof,1,phishing,1,phishing,0.62948,0.37052,True,TP,2,-1,-1,1,-1,0,1,-1,0,0,-1
10151,5945854270923,train_oof,1,phishing,1,phishing,0.998087,0.001913,True,TP,5,-1,1,1,-1,-1,1,-1,-1,0,-1
10152,248039153459381,train_oof,1,phishing,1,phishing,0.975938,0.024062,True,TP,3,-1,-1,-1,-1,-1,-1,1,-1,-1,-1
10153,123174190578482,train_oof,0,legitimate,0,legitimate,0.007474,0.992526,True,TN,5,-1,-1,-1,1,1,1,1,0,-1,-1
10154,87264005460488,train_oof,1,phishing,1,phishing,0.547389,0.452611,True,TP,4,-1,-1,1,-1,1,1,1,0,-1,-1
10155,190409292746832,train_oof,0,legitimate,0,legitimate,7e-06,0.999993,True,TN,4,1,-1,1,1,1,1,1,1,1,-1
10156,190135747260631,train_oof,1,phishing,1,phishing,0.98807,0.01193,True,TP,2,1,-1,-1,-1,-1,1,-1,-1,-1,-1
10157,74647190187995,train_oof,1,phishing,1,phishing,0.999181,0.000819,True,TP,2,-1,-1,1,-1,-1,1,-1,-1,0,-1
10158,54569157772275,train_oof,0,legitimate,0,legitimate,0.257224,0.742776,True,TN,5,1,1,1,1,1,1,1,-1,0,-1
10159,111487111350051,train_oof,0,legitimate,0,legitimate,0.011572,0.988428,True,TN,3,-1,-1,1,-1,1,-1,-1,1,1,1
10161,104326785992513,train_oof,1,phishing,1,phishing,0.62001,0.37999,True,TP,1,-1,-1,1,-1,0,1,1,0,0,-1
10163,59089355669284,train_oof,1,phishing,1,phishing,0.999826,0.000174,True,TP,1,-1,-1,1,-1,0,1,-1,-1,-1,-1
10166,197793719559961,train_oof,1,phishing,1,phishing,0.979429,0.020571,True,TP,2,-1,-1,-1,-1,0,-1,-1,-1,1,0
10167,34346601514098,train_oof,1,phishing,1,phishing,0.667325,0.332675,True,TP,3,-1,-1,1,-1,1,-1,-1,0,-1,-1
10168,152935533334661,train_oof,1,phishing,1,phishing,0.998677,0.001323,True,TP,5,-1,-1,-1,-1,0,-1,-1,-1,1,-1
10171,204115871213636,train_oof,0,legitimate,0,legitimate,0.007658,0.992342,True,TN,4,-1,1,1,1,1,1,1,1,0,-1
10172,3812239269180,train_oof,0,legitimate,0,legitimate,0.009866,0.990134,True,TN,1,-1,-1,1,1,1,1,1,0,0,-1
10173,163626560963477,train_oof,1,phishing,1,phishing,0.986169,0.013831,True,TP,5,1,-1,1,-1,-1,1,-1,-1,0,0
10174,199907247081603,train_oof,0,legitimate,0,legitimate,0.018577,0.981423,True,TN,5,1,1,-1,1,1,1,-1,0,1,-1
10175,176781948075410,train_oof,0,legitimate,0,legitimate,0.352694,0.647306,True,TN,2,-1,-1,1,-1,0,1,-1,0,0,1
10176,64934251680951,train_oof,1,phishing,1,phishing,0.649528,0.350472,True,TP,1,1,-1,1,-1,-1,1,-1,1,-1,-1
10177,94210960761867,train_oof,1,phishing,1,phishing,0.998101,0.001899,True,TP,4,1,-1,1,-1,-1,1,-1,-1,0,-1
10178,156502263045455,train_oof,1,phishing,1,phishing,0.99381,0.00619,True,TP,5,-1,-1,1,-1,-1,1,1,-1,-1,-1
10179,129472484192105,train_oof,0,legitimate,0,legitimate,0.040327,0.959673,True,TN,1,-1,1,1,1,1,-1,-1,0,-1,1
10180,113332110678541,train_oof,1,phishing,1,phishing,0.997418,0.002582,True,TP,2,-1,-1,1,-1,0,1,1,-1,0,-1
10181,93238157205983,train_oof,1,phishing,1,phishing,0.996797,0.003203,True,TP,3,-1,-1,1,-1,-1,1,1,-1,-1,-1
10182,52236739903081,train_oof,0,legitimate,0,legitimate,0.009893,0.990107,True,TN,5,1,-1,1,-1,1,1,1,1,0,-1
10183,123049474328536,train_oof,0,legitimate,0,legitimate,0.041762,0.958238,True,TN,3,-1,-1,1,-1,1,1,-1,1,1,0
10184,195072728300559,train_oof,1,phishing,1,phishing,0.927788,0.072212,True,TP,5,-1,-1,1,-1,0,1,1,0,-1,-1
10185,146883103841875,train_oof,1,phishing,1,phishing,0.976585,0.023415,True,TP,5,-1,1,-1,-1,1,1,1,-1,0,-1
10186,229092532202826,train_oof,1,phishing,1,phishing,0.997806,0.002194,True,TP,5,-1,-1,-1,-1,-1,-1,-1,-1,1,-1
10187,220121633093205,train_oof,0,legitimate,0,legitimate,0.010137,0.989863,True,TN,2,-1,-1,1,1,1,1,-1,1,0,1
10188,175263374065864,train_oof,1,phishing,1,phishing,0.941787,0.058213,True,TP,1,1,-1,1,-1,-1,1,1,-1,0,-1
10189,32963091033858,train_oof,0,legitimate,0,legitimate,0.379817,0.620183,True,TN,2,1,-1,1,-1,1,1,1,0,-1,-1
10190,23114839470703,train_oof,0,legitimate,0,legitimate,0.07103,0.92897,True,TN,5,-1,-1,-1,-1,1,1,1,1,-1,-1
10191,1938032060089,train_oof,0,legitimate,0,legitimate,0.051135,0.948865,True,TN,5,-1,1,1,-1,1,-1,1,0,-1,0
10192,276838687983497,train_oof,0,legitimate,0,legitimate,0.062432,0.937568,True,TN,1,-1,-1,-1,-1,1,1,-1,1,-1,1
10194,99580359985031,train_oof,1,phishing,1,phishing,0.654194,0.345806,True,TP,3,1,-1,1,-1,0,1,-1,0,-1,-1
10195,147348793238803,train_oof,1,phishing,1,phishing,0.99705,0.00295,True,TP,1,-1,1,1,-1,0,1,1,-1,-1,-1
10196,274086279057509,train_oof,1,phishing,1,phishing,0.61656,0.38344,True,TP,2,1,-1,1,-1,0,1,-1,0,-1,-1
10199,185843069873731,train_oof,1,phishing,1,phishing,0.935306,0.064694,True,TP,5,-1,-1,1,-1,0,1,-1,0,-1,-1
10201,151952769501016,train_oof,1,phishing,1,phishing,0.983934,0.016066,True,TP,5,-1,-1,1,-1,-1,1,-1,-1,0,0
10202,248373081075377,train_oof,0,legitimate,1,phishing,0.62001,0.37999,False,FP,1,-1,-1,1,-1,0,1,1,0,0,-1
10203,83091738736144,train_oof,1,phishing,1,phishing,0.999227,0.000773,True,TP,3,-1,-1,1,-1,0,-1,-1,-1,0,-1
10204,223686688521507,train_oof,1,phishing,0,legitimate,0.36908,0.63092,False,FN,1,-1,1,-1,-1,0,1,1,0,1,-1
10205,280434494656623,train_oof,1,phishing,1,phishing,0.991543,0.008457,True,TP,1,-1,-1,1,-1,-1,1,1,-1,-1,-1
10208,82452600396588,train_oof,0,legitimate,1,phishing,0.533036,0.466964,False,FP,4,1,-1,1,-1,-1,1,-1,0,-1,1
10209,493046970773,train_oof,0,legitimate,0,legitimate,0.056746,0.943254,True,TN,2,1,1,1,-1,1,1,1,0,1,0
10210,200512120441483,train_oof,1,phishing,1,phishing,0.994767,0.005233,True,TP,1,1,-1,1,-1,0,-1,1,-1,0,-1
10211,68525354334012,train_oof,0,legitimate,0,legitimate,0.008979,0.991021,True,TN,2,1,-1,1,-1,1,1,-1,0,0,1
10213,56307407979576,train_oof,0,legitimate,0,legitimate,0.195639,0.804361,True,TN,5,1,1,1,-1,1,1,1,0,1,-1
10214,32221836607235,train_oof,1,phishing,1,phishing,0.995715,0.004285,True,TP,5,-1,1,-1,-1,-1,1,-1,-1,1,-1
10215,174704811864528,train_oof,0,legitimate,0,legitimate,0.008979,0.991021,True,TN,2,1,-1,1,-1,1,1,-1,0,0,1
10216,178392424669253,train_oof,1,phishing,1,phishing,0.91245,0.08755,True,TP,4,-1,1,1,-1,1,-1,1,-1,0,-1
10217,176520966012791,train_oof,0,legitimate,0,legitimate,4.4e-05,0.999956,True,TN,1,-1,-1,-1,1,1,1,1,0,0,-1
10218,234297654416793,train_oof,0,legitimate,0,legitimate,0.039494,0.960506,True,TN,4,-1,1,1,1,-1,1,1,0,1,-1
10219,120819561064458,train_oof,0,legitimate,0,legitimate,0.031013,0.968987,True,TN,5,1,-1,1,-1,1,1,-1,1,0,-1
10220,203074084138585,train_oof,0,legitimate,0,legitimate,0.047301,0.952699,True,TN,2,-1,-1,-1,-1,1,1,1,0,0,0
10223,28966989285692,train_oof,0,legitimate,0,legitimate,0.011795,0.988205,True,TN,4,1,-1,1,-1,1,-1,1,0,-1,1
10224,148869571236094,train_oof,0,legitimate,0,legitimate,0.000416,0.999584,True,TN,3,1,-1,1,-1,1,1,1,1,0,1
10225,147180379528507,train_oof,0,legitimate,0,legitimate,0.004624,0.995376,True,TN,1,-1,-1,1,1,-1,1,1,1,1,1
10226,135873964520414,train_oof,0,legitimate,1,phishing,0.711065,0.288935,False,FP,3,1,-1,1,-1,0,1,1,0,-1,-1
10227,129723556458286,train_oof,1,phishing,1,phishing,0.986528,0.013472,True,TP,5,-1,-1,1,-1,1,-1,-1,-1,-1,-1
10228,16620520349600,train_oof,0,legitimate,0,legitimate,0.190578,0.809422,True,TN,4,-1,-1,1,-1,1,-1,1,0,0,-1
10229,222214552189923,train_oof,0,legitimate,0,legitimate,0.010134,0.989866,True,TN,3,1,-1,1,-1,1,1,-1,1,0,0
10230,989447783038,train_oof,0,legitimate,0,legitimate,0.077998,0.922002,True,TN,5,1,-1,1,-1,1,1,-1,0,0,0
10231,218019075255213,train_oof,0,legitimate,0,legitimate,0.001067,0.998933,True,TN,3,1,-1,1,-1,1,1,1,1,1,1
10232,137320965510565,train_oof,1,phishing,1,phishing,0.598858,0.401142,True,TP,2,-1,-1,1,-1,1,1,1,0,-1,-1
10233,65168362085720,train_oof,1,phishing,1,phishing,0.988756,0.011244,True,TP,1,1,-1,1,-1,-1,1,1,-1,-1,-1
10234,247629534934834,train_oof,0,legitimate,0,legitimate,0.368811,0.631189,True,TN,5,-1,-1,1,-1,1,-1,1,0,-1,-1
10235,209941485028701,train_oof,1,phishing,1,phishing,0.995874,0.004126,True,TP,4,-1,1,1,-1,-1,1,1,-1,-1,-1
10237,90401348324240,train_oof,0,legitimate,0,legitimate,0.059834,0.940166,True,TN,1,1,0,-1,-1,1,1,1,0,0,-1
10238,223523144521717,train_oof,0,legitimate,0,legitimate,0.009893,0.990107,True,TN,5,1,-1,1,-1,1,1,1,1,0,-1
10240,48561891919369,train_oof,1,phishing,1,phishing,0.999248,0.000752,True,TP,4,-1,-1,1,-1,0,-1,-1,-1,0,-1
10241,199465423532014,train_oof,0,legitimate,0,legitimate,0.0,1.0,True,TN,3,1,-1,1,1,1,1,1,1,1,-1
10242,74079417836868,train_oof,0,legitimate,0,legitimate,0.147248,0.852752,True,TN,1,1,-1,1,-1,1,1,-1,0,-1,1
10243,13110227886702,train_oof,0,legitimate,0,legitimate,0.003877,0.996123,True,TN,5,1,1,1,1,1,1,1,0,0,-1
10244,161448159068242,train_oof,1,phishing,1,phishing,0.643159,0.356841,True,TP,2,1,-1,1,-1,0,1,1,0,-1,-1
10245,105203636343919,train_oof,0,legitimate,0,legitimate,0.099839,0.900161,True,TN,4,-1,-1,1,-1,-1,1,1,0,1,1
10246,176520966012791,train_oof,0,legitimate,0,legitimate,4.4e-05,0.999956,True,TN,1,-1,-1,-1,1,1,1,1,0,0,-1
10247,157390836654310,train_oof,0,legitimate,0,legitimate,0.068124,0.931876,True,TN,1,1,-1,1,-1,1,1,-1,0,0,0
10250,71162516180279,train_oof,1,phishing,1,phishing,0.673601,0.326399,True,TP,4,1,-1,1,-1,0,1,-1,0,-1,-1
10251,209941485028701,train_oof,1,phishing,1,phishing,0.995874,0.004126,True,TP,4,-1,1,1,-1,-1,1,1,-1,-1,-1
10252,163691665437708,train_oof,0,legitimate,0,legitimate,0.004456,0.995544,True,TN,5,1,-1,1,-1,1,1,1,0,0,1
10253,13739905639388,train_oof,1,phishing,1,phishing,0.977373,0.022627,True,TP,1,-1,1,1,-1,-1,1,1,-1,0,0
10255,273498005064703,train_oof,1,phishing,0,legitimate,0.372448,0.627552,False,FN,4,-1,1,1,-1,1,1,1,0,0,-1
10256,49714189641900,train_oof,0,legitimate,0,legitimate,0.298931,0.701069,True,TN,4,-1,-1,1,-1,-1,1,1,0,0,0
10258,160868697130409,train_oof,0,legitimate,0,legitimate,0.000422,0.999578,True,TN,4,-1,-1,-1,1,1,1,1,0,0,-1
10259,139400135517863,train_oof,1,phishing,1,phishing,0.926893,0.073107,True,TP,4,-1,-1,-1,-1,1,1,1,-1,-1,-1
10260,187871922984504,train_oof,1,phishing,1,phishing,0.998758,0.001242,True,TP,1,-1,-1,1,-1,-1,1,-1,-1,-1,-1
10261,250504139429805,train_oof,1,phishing,1,phishing,0.991781,0.008219,True,TP,2,-1,-1,1,-1,1,-1,-1,-1,-1,-1
10263,228361753965269,train_oof,0,legitimate,0,legitimate,0.017449,0.982551,True,TN,4,1,-1,1,1,0,1,-1,1,-1,-1
10264,254072491470152,train_oof,0,legitimate,0,legitimate,0.019845,0.980155,True,TN,2,-1,-1,1,-1,1,-1,1,0,1,0
10265,248105018917058,train_oof,1,phishing,1,phishing,0.988806,0.011194,True,TP,2,-1,-1,1,-1,0,-1,-1,-1,0,0
10266,209637499983338,train_oof,0,legitimate,0,legitimate,0.015508,0.984492,True,TN,4,1,-1,1,-1,1,1,-1,0,1,1
10267,168543949792478,train_oof,0,legitimate,0,legitimate,0.013724,0.986276,True,TN,1,-1,-1,1,1,1,-1,1,1,-1,-1
10268,63395698175415,train_oof,0,legitimate,0,legitimate,0.013022,0.986978,True,TN,2,1,1,1,-1,1,1,1,1,0,1
10270,220663805599369,train_oof,0,legitimate,0,legitimate,0.090084,0.909916,True,TN,4,1,1,1,-1,0,1,1,0,0,-1
10272,88251120303760,train_oof,1,phishing,1,phishing,0.999636,0.000364,True,TP,2,-1,-1,1,-1,-1,1,-1,-1,-1,-1
10273,200964267413725,train_oof,0,legitimate,0,legitimate,0.183969,0.816031,True,TN,2,1,-1,1,-1,1,1,-1,1,-1,-1
10274,89632384747753,train_oof,1,phishing,1,phishing,0.996958,0.003042,True,TP,1,-1,-1,-1,-1,-1,-1,-1,-1,1,-1
10275,125353311613763,train_oof,0,legitimate,0,legitimate,0.032723,0.967277,True,TN,5,1,1,1,-1,1,1,1,1,0,0
10277,176269636747675,train_oof,0,legitimate,0,legitimate,0.006429,0.993571,True,TN,1,-1,1,1,1,1,1,1,1,-1,-1
10279,186444125158777,train_oof,1,phishing,1,phishing,0.961473,0.038527,True,TP,2,1,1,1,-1,-1,1,1,-1,0,-1
10280,211804938545524,train_oof,0,legitimate,0,legitimate,0.09024,0.90976,True,TN,3,-1,-1,1,-1,1,-1,-1,1,1,-1
10281,265735461300984,train_oof,1,phishing,1,phishing,0.547389,0.452611,True,TP,4,-1,-1,1,-1,1,1,1,0,-1,-1
10282,92494340558120,train_oof,0,legitimate,0,legitimate,0.483403,0.516597,True,TN,4,1,-1,1,-1,-1,1,-1,0,-1,0
10283,234689417284156,train_oof,1,phishing,1,phishing,0.526512,0.473488,True,TP,4,-1,-1,1,-1,0,1,1,0,0,-1
10285,182411156311943,train_oof,1,phishing,0,legitimate,0.379817,0.620183,False,FN,2,1,-1,1,-1,1,1,1,0,-1,-1
10287,136038019369900,train_oof,1,phishing,1,phishing,0.99742,0.00258,True,TP,3,1,-1,1,-1,0,1,1,-1,0,-1
10288,16147762717312,train_oof,1,phishing,1,phishing,0.99735,0.00265,True,TP,5,-1,-1,1,-1,0,1,1,-1,0,-1
10291,103866648618400,train_oof,1,phishing,0,legitimate,0.460925,0.539075,False,FN,3,1,-1,1,-1,1,1,1,0,-1,-1
10292,136918609860628,train_oof,0,legitimate,0,legitimate,0.079,0.921,True,TN,1,1,1,1,-1,1,1,1,0,1,1
10294,32722571219817,train_oof,0,legitimate,0,legitimate,0.3894,0.6106,True,TN,4,-1,-1,1,-1,1,1,1,0,0,-1
10295,96747549057622,train_oof,0,legitimate,0,legitimate,0.032975,0.967025,True,TN,3,-1,-1,1,1,1,1,1,0,-1,-1
10296,179084438282656,train_oof,1,phishing,1,phishing,0.994368,0.005632,True,TP,3,-1,-1,1,-1,-1,1,1,-1,0,-1
10297,197693533873106,train_oof,1,phishing,1,phishing,0.998826,0.001174,True,TP,3,-1,-1,1,-1,-1,1,-1,-1,-1,-1
10298,122248014477612,train_oof,1,phishing,1,phishing,0.999577,0.000423,True,TP,2,1,-1,1,-1,-1,1,-1,-1,-1,-1
10299,99450648043685,train_oof,1,phishing,1,phishing,0.997219,0.002781,True,TP,1,1,-1,1,-1,0,1,-1,-1,-1,-1
10300,56372515677296,train_oof,1,phishing,1,phishing,0.991114,0.008886,True,TP,4,1,-1,1,-1,-1,1,1,-1,-1,-1
10302,47372458749188,train_oof,0,legitimate,0,legitimate,0.183525,0.816475,True,TN,2,1,-1,1,-1,0,-1,1,0,0,-1
10303,210997615572582,train_oof,0,legitimate,0,legitimate,0.004056,0.995944,True,TN,1,1,-1,1,-1,1,1,1,0,0,1
10304,95167492697000,train_oof,1,phishing,1,phishing,0.681161,0.318839,True,TP,1,-1,-1,1,-1,1,1,-1,0,-1,-1
10306,1155906360582,train_oof,0,legitimate,0,legitimate,0.009407,0.990593,True,TN,4,-1,-1,1,1,-1,1,1,0,1,-1
10307,3887560372825,train_oof,1,phishing,1,phishing,0.968256,0.031744,True,TP,5,1,1,1,-1,0,-1,1,-1,-1,-1
10308,170113231009036,train_oof,0,legitimate,0,legitimate,0.102909,0.897091,True,TN,1,-1,-1,-1,-1,1,1,-1,0,-1,1
10309,238719351216201,train_oof,1,phishing,1,phishing,0.669292,0.330708,True,TP,3,1,-1,1,-1,1,1,-1,0,-1,-1
10311,169982100757515,train_oof,1,phishing,1,phishing,0.984086,0.015914,True,TP,2,-1,1,1,-1,-1,1,1,-1,0,0
10313,232168261792826,train_oof,0,legitimate,0,legitimate,0.029101,0.970899,True,TN,1,1,-1,1,-1,1,1,1,0,0,0
10314,204431713686617,train_oof,1,phishing,1,phishing,0.999826,0.000174,True,TP,1,-1,-1,1,-1,0,1,-1,-1,-1,-1
10315,181347813728680,train_oof,1,phishing,1,phishing,0.998657,0.001343,True,TP,5,-1,-1,1,-1,-1,1,-1,-1,0,-1
10316,234796561965900,train_oof,0,legitimate,0,legitimate,0.232429,0.767571,True,TN,2,1,-1,1,-1,1,1,1,0,0,-1
10317,59228619353899,train_oof,0,legitimate,0,legitimate,0.008811,0.991189,True,TN,1,-1,1,-1,1,1,1,1,1,1,-1
10318,122248014477612,train_oof,1,phishing,1,phishing,0.999577,0.000423,True,TP,2,1,-1,1,-1,-1,1,-1,-1,-1,-1
10319,91243267658831,train_oof,0,legitimate,0,legitimate,0.002758,0.997242,True,TN,2,-1,-1,1,1,1,-1,1,0,1,-1
10320,114932118845256,train_oof,1,phishing,1,phishing,0.629953,0.370047,True,TP,2,1,-1,1,-1,1,1,-1,0,-1,-1
10321,212602418389531,train_oof,0,legitimate,0,legitimate,0.013724,0.986276,True,TN,1,-1,-1,1,1,1,-1,1,1,-1,-1
10322,215768766173414,train_oof,0,legitimate,0,legitimate,0.002736,0.997264,True,TN,3,-1,-1,1,1,1,-1,1,0,1,-1
10323,114122602128328,train_oof,0,legitimate,0,legitimate,0.014604,0.985396,True,TN,1,1,-1,1,-1,1,1,-1,1,0,-1
10324,261331544313153,train_oof,0,legitimate,0,legitimate,0.011098,0.988902,True,TN,2,-1,-1,1,-1,1,-1,1,0,-1,1
10326,173770751979960,train_oof,0,legitimate,0,legitimate,0.2079,0.7921,True,TN,4,1,1,1,-1,1,1,1,0,1,-1
10327,151952769501016,train_oof,1,phishing,1,phishing,0.983934,0.016066,True,TP,5,-1,-1,1,-1,-1,1,-1,-1,0,0
10328,154142360674577,train_oof,0,legitimate,1,phishing,0.675254,0.324746,False,FP,5,-1,-1,1,-1,1,1,-1,0,0,-1
10330,207825106648086,train_oof,1,phishing,0,legitimate,0.406399,0.593601,False,FN,2,1,-1,1,-1,0,1,-1,0,0,-1
10331,248567503538961,train_oof,1,phishing,0,legitimate,0.195054,0.804946,False,FN,4,1,-1,1,-1,1,1,-1,0,0,-1
10332,193430986129456,train_oof,1,phishing,1,phishing,0.712139,0.287861,True,TP,3,1,-1,1,-1,-1,1,-1,1,-1,-1
10333,66555634514004,train_oof,1,phishing,1,phishing,0.991548,0.008452,True,TP,5,-1,-1,1,-1,1,1,-1,-1,-1,-1
10334,172652158402942,train_oof,0,legitimate,0,legitimate,0.054385,0.945615,True,TN,5,1,-1,1,-1,1,-1,1,0,-1,0
10336,40015193796649,train_oof,0,legitimate,0,legitimate,0.301704,0.698296,True,TN,2,1,-1,1,-1,1,1,-1,0,1,-1
10337,145238212261053,train_oof,0,legitimate,0,legitimate,0.259419,0.740581,True,TN,3,1,-1,1,-1,1,1,-1,0,0,-1
10338,240499059560751,train_oof,0,legitimate,0,legitimate,0.070424,0.929576,True,TN,1,-1,-1,-1,-1,1,1,1,0,0,-1
10339,16092460959351,train_oof,0,legitimate,0,legitimate,0.327208,0.672792,True,TN,1,1,-1,1,-1,0,1,1,0,0,-1
10342,274238015451220,train_oof,0,legitimate,0,legitimate,0.016274,0.983726,True,TN,4,1,-1,1,-1,1,1,1,0,1,0
10343,232741878646501,train_oof,0,legitimate,0,legitimate,0.31366,0.68634,True,TN,3,-1,-1,1,-1,0,-1,1,0,1,-1
10344,273158418604046,train_oof,1,phishing,1,phishing,0.995047,0.004953,True,TP,4,-1,-1,-1,-1,-1,-1,-1,-1,1,-1
10346,108522979951550,train_oof,1,phishing,1,phishing,0.999479,0.000521,True,TP,5,-1,-1,1,-1,-1,1,-1,-1,-1,-1
10347,1962078338370,train_oof,1,phishing,1,phishing,0.855984,0.144016,True,TP,3,-1,-1,1,-1,0,1,1,0,-1,-1
10348,52369166164225,train_oof,1,phishing,1,phishing,0.999593,0.000407,True,TP,2,-1,-1,1,-1,0,-1,-1,-1,0,-1
10349,115745060423031,train_oof,1,phishing,1,phishing,0.999691,0.000309,True,TP,4,1,-1,1,-1,0,1,-1,-1,-1,-1
10350,1122427843610,train_oof,0,legitimate,0,legitimate,0.291066,0.708934,True,TN,4,1,-1,1,-1,1,1,-1,0,1,-1
10351,65876708234346,train_oof,1,phishing,1,phishing,0.974184,0.025816,True,TP,2,-1,-1,1,-1,-1,1,1,-1,1,-1
10352,278947057518478,train_oof,0,legitimate,0,legitimate,0.013323,0.986677,True,TN,3,1,-1,1,1,1,1,-1,0,0,-1
10354,76991433177401,train_oof,1,phishing,1,phishing,0.973858,0.026142,True,TP,3,-1,-1,1,-1,-1,1,-1,-1,1,0
10355,198859516556,train_oof,0,legitimate,0,legitimate,0.036795,0.963205,True,TN,3,-1,-1,1,-1,1,1,-1,0,1,0
10356,217731664268520,train_oof,1,phishing,1,phishing,0.983846,0.016154,True,TP,1,1,-1,1,-1,0,1,-1,-1,0,0
10357,61780948891330,train_oof,1,phishing,1,phishing,0.998477,0.001523,True,TP,3,-1,-1,1,-1,-1,1,-1,-1,0,-1
10358,145795925468424,train_oof,0,legitimate,0,legitimate,0.278084,0.721916,True,TN,4,-1,-1,1,-1,-1,1,1,0,0,1
10359,242709604629898,train_oof,1,phishing,1,phishing,0.986169,0.013831,True,TP,5,1,-1,1,-1,-1,1,-1,-1,0,0
10360,107108847681502,train_oof,1,phishing,1,phishing,0.908431,0.091569,True,TP,4,-1,-1,-1,-1,1,-1,-1,-1,1,0
10361,135873964520414,train_oof,1,phishing,1,phishing,0.711065,0.288935,True,TP,3,1,-1,1,-1,0,1,1,0,-1,-1
10364,2941893218725,train_oof,1,phishing,1,phishing,0.99396,0.00604,True,TP,5,-1,0,1,-1,-1,1,1,-1,0,-1
10365,177240960663914,train_oof,0,legitimate,0,legitimate,0.004801,0.995199,True,TN,1,1,-1,1,-1,1,1,1,1,0,-1
10366,32432792849279,train_oof,0,legitimate,0,legitimate,0.00787,0.99213,True,TN,3,1,-1,1,-1,1,1,-1,0,1,1
10367,40015193796649,train_oof,0,legitimate,0,legitimate,0.301704,0.698296,True,TN,2,1,-1,1,-1,1,1,-1,0,1,-1
10368,198061112663363,train_oof,1,phishing,1,phishing,0.945702,0.054298,True,TP,3,1,-1,1,-1,-1,1,1,-1,0,-1
10369,1962078338370,train_oof,1,phishing,1,phishing,0.855984,0.144016,True,TP,3,-1,-1,1,-1,0,1,1,0,-1,-1
10370,82452600396588,train_oof,0,legitimate,1,phishing,0.533036,0.466964,False,FP,4,1,-1,1,-1,-1,1,-1,0,-1,1
10371,253167691562950,train_oof,1,phishing,1,phishing,0.701071,0.298929,True,TP,4,1,-1,1,-1,0,1,1,0,-1,-1
10372,100493826181223,train_oof,1,phishing,1,phishing,0.99776,0.00224,True,TP,1,1,-1,1,-1,-1,1,-1,-1,-1,-1
10373,128767741243999,train_oof,0,legitimate,0,legitimate,0.013088,0.986912,True,TN,1,1,1,1,-1,1,1,1,0,0,1
10374,83880433095351,train_oof,1,phishing,1,phishing,0.998837,0.001163,True,TP,5,-1,-1,1,-1,0,-1,-1,-1,0,-1
10375,67339928803485,train_oof,0,legitimate,0,legitimate,0.014745,0.985255,True,TN,2,1,1,1,-1,1,1,1,0,0,0
10376,135873964520414,train_oof,1,phishing,1,phishing,0.711065,0.288935,True,TP,3,1,-1,1,-1,0,1,1,0,-1,-1
10377,85302374566341,train_oof,1,phishing,1,phishing,0.992754,0.007246,True,TP,1,-1,1,1,-1,-1,1,1,-1,0,-1
10378,21808771841777,train_oof,0,legitimate,0,legitimate,0.168705,0.831295,True,TN,1,-1,-1,1,-1,1,-1,1,1,-1,-1
10379,116876721384810,train_oof,1,phishing,1,phishing,0.995874,0.004126,True,TP,4,-1,1,1,-1,-1,1,1,-1,-1,-1
10380,26191414832179,train_oof,1,phishing,1,phishing,0.994755,0.005245,True,TP,5,-1,-1,1,-1,-1,1,1,-1,0,-1
10381,114932118845256,train_oof,1,phishing,1,phishing,0.629953,0.370047,True,TP,2,1,-1,1,-1,1,1,-1,0,-1,-1
10382,28868996828717,train_oof,1,phishing,1,phishing,0.996231,0.003769,True,TP,4,1,-1,1,-1,-1,-1,-1,-1,-1,-1
10383,70785350677375,train_oof,1,phishing,1,phishing,0.986575,0.013425,True,TP,4,1,-1,1,-1,1,1,1,-1,-1,-1
10384,207177198575992,train_oof,0,legitimate,0,legitimate,0.061515,0.938485,True,TN,2,1,1,1,-1,1,1,1,0,1,-1
10385,255603981714932,train_oof,1,phishing,1,phishing,0.615542,0.384458,True,TP,1,-1,-1,1,-1,-1,1,1,0,-1,0
10386,233731275198531,train_oof,0,legitimate,0,legitimate,0.049946,0.950054,True,TN,1,-1,-1,1,-1,1,-1,1,1,0,-1
10387,196365755914899,train_oof,0,legitimate,1,phishing,0.58005,0.41995,False,FP,1,1,-1,1,-1,1,1,-1,0,-1,-1
10388,277396693191940,train_oof,0,legitimate,0,legitimate,0.170616,0.829384,True,TN,4,-1,1,1,-1,1,-1,1,1,-1,-1
10389,155864351564620,train_oof,1,phishing,1,phishing,0.989469,0.010531,True,TP,5,1,-1,1,-1,0,1,-1,-1,-1,0
10390,259434294240764,train_oof,0,legitimate,0,legitimate,0.024625,0.975375,True,TN,3,-1,1,-1,1,0,-1,1,1,1,-1
10391,7647195511287,train_oof,0,legitimate,0,legitimate,0.002439,0.997561,True,TN,1,-1,-1,-1,1,1,1,-1,0,0,-1
10392,223363726130775,train_oof,0,legitimate,0,legitimate,0.058275,0.941725,True,TN,1,-1,-1,1,1,-1,1,-1,1,-1,-1
10393,132539669690760,train_oof,1,phishing,1,phishing,0.592411,0.407589,True,TP,4,-1,-1,1,-1,-1,1,-1,0,-1,0
10396,183694956281311,train_oof,0,legitimate,0,legitimate,0.098915,0.901085,True,TN,5,-1,-1,-1,-1,1,1,-1,0,0,-1
10397,265719422463263,train_oof,0,legitimate,0,legitimate,0.021272,0.978728,True,TN,5,1,1,1,-1,1,-1,1,0,-1,0
10398,154631709500069,train_oof,1,phishing,1,phishing,0.992966,0.007034,True,TP,2,1,-1,1,-1,-1,1,1,-1,-1,-1
10399,85270883239019,train_oof,0,legitimate,0,legitimate,0.058953,0.941047,True,TN,1,1,-1,1,-1,0,-1,1,0,1,-1
10401,69683481128796,train_oof,1,phishing,1,phishing,0.866948,0.133052,True,TP,4,-1,-1,1,-1,0,1,1,0,-1,-1
10402,56504588217644,train_oof,1,phishing,1,phishing,0.9992,0.0008,True,TP,3,1,-1,1,-1,-1,1,-1,-1,-1,-1
10405,1614351818847,train_oof,0,legitimate,0,legitimate,0.008311,0.991689,True,TN,4,-1,-1,-1,1,1,1,1,0,-1,-1
10406,267776049666764,train_oof,1,phishing,1,phishing,0.997414,0.002586,True,TP,4,-1,1,1,-1,0,1,1,-1,-1,-1
10407,70022642974124,train_oof,0,legitimate,0,legitimate,0.001565,0.998435,True,TN,1,-1,-1,-1,1,1,1,1,1,-1,-1
10408,145795925468424,train_oof,0,legitimate,0,legitimate,0.278084,0.721916,True,TN,4,-1,-1,1,-1,-1,1,1,0,0,1
10409,218426000379637,train_oof,0,legitimate,0,legitimate,0.007674,0.992326,True,TN,1,-1,-1,1,-1,1,1,1,0,1,1
10410,230133403933779,train_oof,1,phishing,0,legitimate,0.081553,0.918447,False,FN,2,1,-1,1,-1,0,1,1,0,1,-1
10411,273141059594664,train_oof,0,legitimate,0,legitimate,0.03834,0.96166,True,TN,2,-1,-1,1,1,1,1,-1,0,0,-1
10412,14382146254165,train_oof,0,legitimate,0,legitimate,0.031794,0.968206,True,TN,4,-1,-1,1,-1,1,-1,1,0,0,1
10413,213339987662361,train_oof,0,legitimate,0,legitimate,0.107364,0.892636,True,TN,3,1,1,1,-1,1,1,1,0,0,-1
10415,200313455002296,train_oof,0,legitimate,0,legitimate,0.019072,0.980928,True,TN,5,-1,-1,1,-1,1,1,1,1,-1,1
10416,42084486472829,train_oof,0,legitimate,0,legitimate,0.052258,0.947742,True,TN,3,-1,-1,1,-1,1,-1,1,1,0,-1
10417,213440459028002,train_oof,1,phishing,1,phishing,0.996931,0.003069,True,TP,4,-1,-1,-1,-1,0,-1,-1,-1,1,-1
10418,92494340558120,train_oof,0,legitimate,0,legitimate,0.483403,0.516597,True,TN,4,1,-1,1,-1,-1,1,-1,0,-1,0
10419,65777185557140,train_oof,0,legitimate,0,legitimate,0.18839,0.81161,True,TN,1,-1,-1,-1,-1,1,1,-1,0,-1,0
10420,27587776084800,train_oof,0,legitimate,0,legitimate,0.004244,0.995756,True,TN,3,1,-1,1,-1,1,1,-1,1,0,1
10421,154631709500069,train_oof,1,phishing,1,phishing,0.992966,0.007034,True,TP,2,1,-1,1,-1,-1,1,1,-1,-1,-1
10422,91891883922011,train_oof,0,legitimate,0,legitimate,0.017426,0.982574,True,TN,5,-1,1,1,1,1,1,1,0,1,-1
10423,109972097318551,train_oof,0,legitimate,0,legitimate,0.32834,0.67166,True,TN,3,1,-1,1,-1,0,1,1,1,-1,-1
10424,195991938243629,train_oof,1,phishing,1,phishing,0.999826,0.000174,True,TP,1,-1,-1,1,-1,0,1,-1,-1,-1,-1
10427,237590369945797,train_oof,1,phishing,1,phishing,0.998677,0.001323,True,TP,5,-1,-1,-1,-1,0,-1,-1,-1,1,-1
10428,13687957731347,train_oof,0,legitimate,0,legitimate,0.011936,0.988064,True,TN,3,1,-1,1,-1,1,1,1,0,1,1
10429,35627557805917,train_oof,1,phishing,1,phishing,0.990247,0.009753,True,TP,3,1,-1,1,-1,-1,1,1,-1,-1,-1
10430,80936587470387,train_oof,1,phishing,1,phishing,0.998316,0.001684,True,TP,3,-1,1,1,-1,-1,1,1,-1,-1,-1
10431,112853507602624,train_oof,1,phishing,1,phishing,0.726668,0.273332,True,TP,2,-1,-1,1,-1,1,1,-1,0,-1,-1
10433,96855513508814,train_oof,1,phishing,1,phishing,0.989906,0.010094,True,TP,2,1,-1,1,-1,-1,1,-1,-1,0,0
10434,23818310472404,train_oof,1,phishing,1,phishing,0.948728,0.051272,True,TP,1,1,-1,1,-1,-1,-1,-1,-1,1,-1
10435,9909573052313,train_oof,1,phishing,1,phishing,0.99381,0.00619,True,TP,5,-1,-1,1,-1,-1,1,1,-1,-1,-1
10436,201650810325177,train_oof,1,phishing,1,phishing,0.996686,0.003314,True,TP,3,-1,0,1,-1,-1,1,1,-1,0,-1
10438,140362285533284,train_oof,0,legitimate,0,legitimate,0.127584,0.872416,True,TN,3,-1,1,1,-1,1,-1,1,0,0,-1
10439,70429435542151,train_oof,0,legitimate,1,phishing,0.654194,0.345806,False,FP,3,1,-1,1,-1,0,1,-1,0,-1,-1
10442,141755228400783,train_oof,1,phishing,1,phishing,0.99563,0.00437,True,TP,1,-1,1,-1,-1,-1,1,-1,-1,1,-1
10443,198860313380197,train_oof,1,phishing,1,phishing,0.998758,0.001242,True,TP,1,-1,-1,1,-1,-1,1,-1,-1,-1,-1
10444,238249312404284,train_oof,0,legitimate,0,legitimate,0.05243,0.94757,True,TN,4,1,1,1,-1,1,1,1,1,1,1
10445,27918895178537,train_oof,0,legitimate,0,legitimate,0.330186,0.669814,True,TN,3,1,-1,1,-1,0,1,1,0,0,-1
10446,43988712306745,train_oof,1,phishing,1,phishing,0.986591,0.013409,True,TP,5,1,-1,1,-1,-1,1,1,-1,-1,-1
10447,49714189641900,train_oof,0,legitimate,0,legitimate,0.298931,0.701069,True,TN,4,-1,-1,1,-1,-1,1,1,0,0,0
10448,128099213811143,train_oof,0,legitimate,0,legitimate,0.05443,0.94557,True,TN,2,-1,-1,-1,-1,1,1,-1,1,1,-1
10450,265349569109426,train_oof,0,legitimate,0,legitimate,0.030217,0.969783,True,TN,4,-1,1,-1,1,1,1,1,0,0,-1
10451,88101442873232,train_oof,1,phishing,1,phishing,0.755943,0.244057,True,TP,5,-1,-1,1,-1,1,1,-1,0,-1,-1
10452,42488384347980,train_oof,1,phishing,1,phishing,0.654194,0.345806,True,TP,3,1,-1,1,-1,0,1,-1,0,-1,-1
10454,224936135442707,train_oof,0,legitimate,0,legitimate,0.305371,0.694629,True,TN,4,-1,-1,1,-1,-1,1,1,1,0,-1
10455,52287563547833,train_oof,0,legitimate,0,legitimate,0.325018,0.674982,True,TN,2,1,-1,1,-1,0,1,1,0,0,-1
10456,65289294499317,train_oof,0,legitimate,0,legitimate,0.328137,0.671863,True,TN,4,-1,-1,1,-1,-1,1,-1,0,1,-1
10457,133396011266265,train_oof,0,legitimate,0,legitimate,0.025646,0.974354,True,TN,3,1,-1,1,-1,1,1,1,0,0,0
10458,115233374295319,train_oof,1,phishing,1,phishing,0.596267,0.403733,True,TP,3,-1,-1,1,-1,1,1,1,0,-1,-1
10459,192501145256987,train_oof,0,legitimate,0,legitimate,0.064782,0.935218,True,TN,4,1,-1,1,-1,0,1,1,1,0,-1
10460,100619309667472,train_oof,1,phishing,1,phishing,0.993786,0.006214,True,TP,5,-1,-1,1,-1,-1,1,-1,-1,1,-1
10461,267888221898431,train_oof,1,phishing,1,phishing,0.992754,0.007246,True,TP,1,-1,1,1,-1,-1,1,1,-1,0,-1
10462,140997396055071,train_oof,1,phishing,1,phishing,0.989005,0.010995,True,TP,1,-1,-1,1,-1,0,1,1,-1,-1,0
10463,34878272271176,train_oof,1,phishing,1,phishing,0.987356,0.012644,True,TP,4,1,-1,1,-1,-1,1,-1,-1,-1,0
10464,110545090745757,train_oof,1,phishing,1,phishing,0.986159,0.013841,True,TP,3,1,-1,1,-1,1,1,1,-1,-1,-1
10465,43927885578008,train_oof,0,legitimate,0,legitimate,0.010974,0.989026,True,TN,3,1,-1,1,1,0,1,-1,0,-1,-1
10467,34277644766045,train_oof,0,legitimate,0,legitimate,0.032373,0.967627,True,TN,5,-1,-1,1,1,1,1,-1,0,1,-1
10468,138131907450086,train_oof,1,phishing,1,phishing,0.988806,0.011194,True,TP,2,-1,-1,1,-1,0,-1,-1,-1,0,0
10469,171386623992599,train_oof,0,legitimate,0,legitimate,0.031013,0.968987,True,TN,5,1,-1,1,-1,1,1,-1,1,0,-1
10470,99430477785984,train_oof,1,phishing,1,phishing,0.988056,0.011944,True,TP,5,-1,-1,1,-1,1,1,-1,-1,0,-1
10472,154562930362321,train_oof,0,legitimate,0,legitimate,0.004603,0.995397,True,TN,2,1,-1,1,1,1,-1,1,0,1,-1
10473,123447002465271,train_oof,0,legitimate,0,legitimate,0.009301,0.990699,True,TN,5,1,1,1,1,1,1,1,1,0,-1
10474,207887875417516,train_oof,0,legitimate,0,legitimate,0.080627,0.919373,True,TN,3,-1,0,-1,-1,1,1,1,0,0,-1
10475,205633252415580,train_oof,0,legitimate,0,legitimate,3.9e-05,0.999961,True,TN,3,1,-1,1,1,1,1,-1,1,0,-1
10476,201680450161341,train_oof,1,phishing,1,phishing,0.999691,0.000309,True,TP,4,1,-1,1,-1,0,1,-1,-1,-1,-1
10477,17072713126600,train_oof,0,legitimate,0,legitimate,0.0312,0.9688,True,TN,3,-1,1,1,-1,1,-1,1,0,-1,0
10478,153197040701244,train_oof,0,legitimate,0,legitimate,0.020583,0.979417,True,TN,1,-1,-1,1,-1,1,1,1,1,0,1
10480,207444915592480,train_oof,1,phishing,1,phishing,0.721706,0.278294,True,TP,4,-1,-1,1,-1,1,1,-1,0,-1,-1
10482,196165741949307,train_oof,0,legitimate,0,legitimate,0.195639,0.804361,True,TN,5,1,1,1,-1,1,1,1,0,1,-1
10483,6582028891186,train_oof,0,legitimate,0,legitimate,0.000334,0.999666,True,TN,4,1,-1,1,-1,1,1,1,1,0,1
10485,163683272618444,train_oof,0,legitimate,0,legitimate,3.2e-05,0.999968,True,TN,1,1,-1,1,1,1,1,-1,1,0,-1
10487,260407473919436,train_oof,0,legitimate,0,legitimate,0.003003,0.996997,True,TN,4,1,-1,1,-1,1,1,1,1,1,-1
10489,147955389925040,train_oof,1,phishing,1,phishing,0.967227,0.032773,True,TP,3,-1,1,-1,-1,1,1,1,-1,0,0
10490,19184041686939,train_oof,1,phishing,1,phishing,0.974632,0.025368,True,TP,2,-1,1,-1,-1,-1,-1,1,-1,1,-1
10491,194273198368199,train_oof,0,legitimate,0,legitimate,0.007308,0.992692,True,TN,5,-1,1,1,1,1,1,1,1,-1,1
10492,116860035172233,train_oof,1,phishing,1,phishing,0.985528,0.014472,True,TP,5,1,-1,1,-1,-1,1,-1,-1,-1,0
10493,123447002465271,train_oof,0,legitimate,0,legitimate,0.009301,0.990699,True,TN,5,1,1,1,1,1,1,1,1,0,-1
10494,190409292746832,train_oof,0,legitimate,0,legitimate,7e-06,0.999993,True,TN,4,1,-1,1,1,1,1,1,1,1,-1
10495,171878995730509,train_oof,1,phishing,1,phishing,0.691887,0.308113,True,TP,1,-1,-1,1,-1,1,-1,-1,0,-1,-1
10496,17304061399516,train_oof,0,legitimate,0,legitimate,0.001519,0.998481,True,TN,1,1,-1,1,1,1,1,1,0,1,-1
10497,211981587196074,train_oof,1,phishing,1,phishing,0.998351,0.001649,True,TP,2,-1,-1,1,-1,0,1,1,-1,-1,-1
10498,269892876239122,train_oof,1,phishing,0,legitimate,0.430094,0.569906,False,FN,5,1,-1,1,-1,-1,1,-1,0,-1,1
10499,160189172368118,train_oof,0,legitimate,0,legitimate,0.048939,0.951061,True,TN,2,-1,-1,1,-1,1,1,1,1,1,-1
10500,74918063117673,train_oof,1,phishing,1,phishing,0.723706,0.276294,True,TP,3,-1,-1,1,-1,1,1,-1,0,-1,-1
10501,259461161668464,train_oof,1,phishing,1,phishing,0.99054,0.00946,True,TP,5,1,1,1,-1,-1,1,-1,-1,0,-1
10504,18406740692527,train_oof,0,legitimate,0,legitimate,0.079051,0.920949,True,TN,1,1,1,1,-1,1,-1,1,1,-1,-1
10505,141867061561573,train_oof,0,legitimate,0,legitimate,0.013055,0.986945,True,TN,2,1,1,1,1,1,1,-1,1,1,-1
10507,261910879085155,train_oof,1,phishing,1,phishing,0.999636,0.000364,True,TP,2,-1,-1,1,-1,-1,1,-1,-1,-1,-1
10508,72734340497165,train_oof,0,legitimate,1,phishing,0.755943,0.244057,False,FP,5,-1,-1,1,-1,1,1,-1,0,-1,-1
10509,253756844746310,train_oof,0,legitimate,0,legitimate,0.020583,0.979417,True,TN,1,-1,-1,1,-1,1,1,1,1,0,1
10511,188760844697599,train_oof,0,legitimate,0,legitimate,0.133858,0.866142,True,TN,3,1,-1,-1,-1,0,1,-1,0,0,-1
10515,277329846274037,train_oof,1,phishing,1,phishing,0.99563,0.00437,True,TP,1,-1,1,-1,-1,-1,1,-1,-1,1,-1
10516,76814012125032,train_oof,0,legitimate,0,legitimate,0.317478,0.682522,True,TN,5,1,1,1,-1,1,1,1,0,1,1
10518,86394500562076,train_oof,0,legitimate,0,legitimate,0.03908,0.96092,True,TN,4,1,-1,-1,-1,1,1,1,0,0,0
10519,217208993788695,train_oof,0,legitimate,0,legitimate,0.292603,0.707397,True,TN,5,1,1,-1,-1,-1,1,1,0,1,0
10520,257612286180231,train_oof,1,phishing,1,phishing,0.993946,0.006054,True,TP,1,-1,1,1,-1,0,-1,-1,-1,-1,-1
10521,130485220603856,train_oof,0,legitimate,0,legitimate,0.142924,0.857076,True,TN,5,1,1,1,-1,0,1,1,0,0,-1
10522,278957099808035,train_oof,1,phishing,1,phishing,0.979793,0.020207,True,TP,1,1,-1,1,-1,0,1,-1,-1,-1,1
10523,51813548090068,train_oof,0,legitimate,0,legitimate,0.015737,0.984263,True,TN,3,1,-1,1,-1,1,-1,1,1,1,-1
10524,237532405304041,train_oof,0,legitimate,0,legitimate,0.044248,0.955752,True,TN,3,1,-1,-1,-1,1,1,1,1,0,-1
10525,259707455498878,train_oof,0,legitimate,0,legitimate,0.064782,0.935218,True,TN,4,1,-1,1,-1,0,1,1,1,0,-1
10526,187164055383524,train_oof,1,phishing,1,phishing,0.927788,0.072212,True,TP,5,-1,-1,1,-1,0,1,1,0,-1,-1
10528,203620977076919,train_oof,1,phishing,1,phishing,0.954751,0.045249,True,TP,3,-1,-1,-1,-1,1,1,-1,-1,1,-1
10529,49574558806595,train_oof,1,phishing,1,phishing,0.994755,0.005245,True,TP,5,-1,-1,1,-1,-1,1,1,-1,0,-1
10530,53843130600028,train_oof,0,legitimate,0,legitimate,0.04832,0.95168,True,TN,1,1,-1,-1,-1,1,-1,1,1,0,-1
10531,69988175332550,train_oof,0,legitimate,0,legitimate,0.013587,0.986413,True,TN,3,-1,-1,1,-1,1,-1,1,0,-1,1
10533,184865142603569,train_oof,0,legitimate,1,phishing,0.612906,0.387094,False,FP,4,-1,-1,1,-1,1,1,-1,0,0,-1
10534,81774495763331,train_oof,0,legitimate,0,legitimate,0.036473,0.963527,True,TN,4,-1,1,1,-1,1,-1,1,0,1,0
10536,123995692870293,train_oof,0,legitimate,0,legitimate,0.041486,0.958514,True,TN,5,-1,-1,-1,-1,1,1,1,0,1,-1
10537,76715595788372,train_oof,0,legitimate,0,legitimate,0.221734,0.778266,True,TN,1,1,-1,1,-1,1,-1,1,0,0,-1
10538,246932491962179,train_oof,0,legitimate,0,legitimate,0.095768,0.904232,True,TN,5,-1,1,1,-1,1,1,1,1,-1,0
10539,210854522197072,train_oof,0,legitimate,0,legitimate,0.044248,0.955752,True,TN,3,1,-1,-1,-1,1,1,1,1,0,-1
10540,89569397836227,train_oof,0,legitimate,0,legitimate,0.036211,0.963789,True,TN,3,1,1,1,-1,1,1,-1,1,1,0
10542,162559689059907,train_oof,0,legitimate,0,legitimate,0.317478,0.682522,True,TN,5,1,1,1,-1,1,1,1,0,1,1
10543,180204647346067,train_oof,0,legitimate,0,legitimate,0.013284,0.986716,True,TN,5,-1,1,1,1,1,-1,1,0,-1,-1
10546,154222114703548,train_oof,0,legitimate,0,legitimate,0.062812,0.937188,True,TN,4,-1,-1,-1,-1,1,-1,-1,1,1,-1
10547,52719520966181,train_oof,0,legitimate,0,legitimate,0.040185,0.959815,True,TN,3,1,-1,-1,-1,1,1,-1,0,1,1
10548,15984022893641,train_oof,0,legitimate,0,legitimate,0.002763,0.997237,True,TN,1,-1,-1,1,1,1,1,1,1,0,-1
10549,228846445469,train_oof,0,legitimate,0,legitimate,0.082365,0.917635,True,TN,2,1,-1,1,-1,1,1,-1,0,0,0
10550,127837913939734,train_oof,0,legitimate,0,legitimate,1.9e-05,0.999981,True,TN,4,1,-1,1,1,1,1,1,1,0,-1
10551,83181608023828,train_oof,0,legitimate,0,legitimate,0.010109,0.989891,True,TN,2,1,-1,1,-1,1,1,1,1,0,-1
10552,55987248547977,train_oof,0,legitimate,0,legitimate,0.306749,0.693251,True,TN,4,1,-1,-1,-1,0,-1,-1,0,1,-1
10553,246186901777910,train_oof,0,legitimate,0,legitimate,4.4e-05,0.999956,True,TN,1,-1,-1,-1,1,1,1,1,0,0,-1
10554,259180260940253,train_oof,0,legitimate,0,legitimate,0.068694,0.931306,True,TN,5,-1,-1,-1,-1,1,1,1,0,0,0
10555,279537842744037,train_oof,0,legitimate,0,legitimate,0.006766,0.993234,True,TN,4,1,-1,1,1,-1,1,-1,0,1,-1
10556,51583582357109,train_oof,0,legitimate,0,legitimate,0.001939,0.998061,True,TN,1,1,1,1,1,1,1,1,0,0,-1
10557,249413145610927,train_oof,0,legitimate,0,legitimate,0.012682,0.987318,True,TN,4,-1,1,1,1,-1,1,1,1,0,-1
10560,204620197376291,train_oof,0,legitimate,0,legitimate,0.000334,0.999666,True,TN,4,1,-1,1,-1,1,1,1,1,0,1
10561,279240432365,train_oof,0,legitimate,0,legitimate,0.156019,0.843981,True,TN,5,-1,1,1,-1,1,1,1,0,0,0
10562,203089580765685,train_oof,0,legitimate,1,phishing,0.652538,0.347462,False,FP,5,1,-1,1,-1,1,1,-1,0,-1,-1
10563,14213853612096,train_oof,0,legitimate,0,legitimate,0.225196,0.774804,True,TN,2,1,1,1,-1,-1,1,1,0,0,1
10564,129668592387254,train_oof,0,legitimate,0,legitimate,0.280449,0.719551,True,TN,4,1,1,1,-1,1,1,1,0,-1,-1
10566,34634777547328,train_oof,0,legitimate,0,legitimate,0.217579,0.782421,True,TN,1,1,-1,1,-1,1,-1,-1,1,-1,-1
10567,47909060713988,train_oof,0,legitimate,0,legitimate,0.001946,0.998054,True,TN,2,1,-1,1,1,1,1,1,0,0,-1
10569,209306396132693,train_oof,0,legitimate,0,legitimate,0.067416,0.932584,True,TN,3,-1,-1,1,-1,1,-1,1,0,0,0
10570,207271136194251,train_oof,1,phishing,0,legitimate,0.222387,0.777613,False,FN,1,-1,1,1,-1,-1,1,1,0,1,-1
10571,192366049855005,train_oof,1,phishing,1,phishing,0.999312,0.000688,True,TP,4,1,-1,1,-1,-1,1,-1,-1,-1,-1
10572,233389588292538,train_oof,1,phishing,1,phishing,0.998477,0.001523,True,TP,3,-1,-1,1,-1,-1,1,-1,-1,0,-1
10573,73033750229959,train_oof,0,legitimate,0,legitimate,0.009795,0.990205,True,TN,5,1,-1,1,1,1,1,1,1,-1,-1
10574,115880562960406,train_oof,0,legitimate,0,legitimate,0.004413,0.995587,True,TN,2,1,-1,1,-1,1,1,1,1,1,-1
10576,241076263698422,train_oof,0,legitimate,0,legitimate,0.006327,0.993673,True,TN,5,-1,-1,1,1,1,1,-1,1,1,-1
10577,6582028891186,train_oof,0,legitimate,0,legitimate,0.000334,0.999666,True,TN,4,1,-1,1,-1,1,1,1,1,0,1
10579,40653741724698,train_oof,1,phishing,1,phishing,0.998456,0.001544,True,TP,2,-1,-1,-1,-1,0,-1,-1,-1,1,-1
10580,215589229378297,train_oof,0,legitimate,0,legitimate,0.371973,0.628027,True,TN,3,1,-1,1,-1,-1,1,-1,0,0,0
10581,111483738861199,train_oof,1,phishing,1,phishing,0.981398,0.018602,True,TP,1,1,-1,1,-1,-1,1,-1,-1,0,0
10582,197693533873106,train_oof,1,phishing,1,phishing,0.998826,0.001174,True,TP,3,-1,-1,1,-1,-1,1,-1,-1,-1,-1
10583,156691238923846,train_oof,0,legitimate,0,legitimate,0.023037,0.976963,True,TN,3,-1,-1,1,1,1,-1,-1,0,1,-1
10585,77062079259994,train_oof,0,legitimate,0,legitimate,0.130973,0.869027,True,TN,5,-1,-1,1,-1,1,1,1,0,0,0
10586,265452460537217,train_oof,0,legitimate,1,phishing,0.544443,0.455557,False,FP,2,-1,1,-1,-1,0,1,1,0,-1,-1
10587,17125253355220,train_oof,1,phishing,1,phishing,0.994368,0.005632,True,TP,3,-1,-1,1,-1,-1,1,1,-1,0,-1
10589,244542440992215,train_oof,1,phishing,1,phishing,0.999479,0.000521,True,TP,5,-1,-1,1,-1,-1,1,-1,-1,-1,-1
10590,187835702073390,train_oof,0,legitimate,0,legitimate,0.003257,0.996743,True,TN,2,1,-1,1,-1,1,1,-1,1,1,1
10591,10185584034732,train_oof,0,legitimate,0,legitimate,0.254791,0.745209,True,TN,3,-1,-1,-1,-1,1,1,1,0,-1,-1
10592,125079173867255,train_oof,0,legitimate,0,legitimate,0.017993,0.982007,True,TN,2,-1,-1,1,-1,1,1,1,1,0,1
10593,209939620087835,train_oof,0,legitimate,0,legitimate,0.003527,0.996473,True,TN,3,1,-1,1,-1,1,1,1,0,0,1
10594,51938446724464,train_oof,0,legitimate,0,legitimate,0.01835,0.98165,True,TN,3,1,1,1,-1,1,1,1,0,0,0
10595,202605854424247,train_oof,0,legitimate,1,phishing,0.927788,0.072212,False,FP,5,-1,-1,1,-1,0,1,1,0,-1,-1
10596,20823938631164,train_oof,0,legitimate,0,legitimate,0.00991,0.99009,True,TN,1,-1,1,-1,1,1,1,1,0,1,-1
10598,120659130424675,train_oof,1,phishing,1,phishing,0.927788,0.072212,True,TP,5,-1,-1,1,-1,0,1,1,0,-1,-1
10599,122497709829823,train_oof,1,phishing,1,phishing,0.681161,0.318839,True,TP,1,-1,-1,1,-1,1,1,-1,0,-1,-1
10600,117226263860157,train_oof,0,legitimate,0,legitimate,0.004644,0.995356,True,TN,5,1,-1,1,-1,1,1,1,1,1,-1
10601,176601171825506,train_oof,1,phishing,1,phishing,0.971209,0.028791,True,TP,2,-1,-1,-1,-1,-1,-1,1,-1,1,-1
10603,152522358532262,train_oof,0,legitimate,0,legitimate,0.022013,0.977987,True,TN,1,-1,1,1,-1,1,-1,1,0,-1,0
10604,92063616545037,train_oof,1,phishing,1,phishing,0.950968,0.049032,True,TP,2,1,-1,1,-1,0,-1,1,-1,-1,0
10605,232478074336171,train_oof,0,legitimate,0,legitimate,0.001687,0.998313,True,TN,3,1,-1,1,1,1,1,1,0,0,-1
10606,493046970773,train_oof,0,legitimate,0,legitimate,0.056746,0.943254,True,TN,2,1,1,1,-1,1,1,1,0,1,0
10607,180785140398823,train_oof,0,legitimate,0,legitimate,0.05854,0.94146,True,TN,2,1,1,1,-1,1,1,1,0,0,-1
10608,80381810065920,train_oof,0,legitimate,0,legitimate,0.006429,0.993571,True,TN,1,-1,1,1,1,1,1,1,1,-1,-1
10609,235976828745041,train_oof,0,legitimate,0,legitimate,0.047557,0.952443,True,TN,5,-1,-1,1,-1,1,-1,-1,0,0,1
10611,155053200274318,train_oof,1,phishing,0,legitimate,0.117413,0.882587,False,FN,5,1,-1,1,-1,1,1,1,1,-1,-1
10612,100734573229168,train_oof,0,legitimate,0,legitimate,0.00407,0.99593,True,TN,2,-1,-1,1,1,1,-1,-1,1,1,-1
10613,141494548367551,train_oof,0,legitimate,0,legitimate,0.206913,0.793087,True,TN,2,1,-1,1,-1,1,1,1,0,1,-1
10616,166452496416009,train_oof,1,phishing,1,phishing,0.995284,0.004716,True,TP,1,1,1,1,-1,0,1,1,-1,-1,-1
10617,280607477332124,train_oof,0,legitimate,0,legitimate,0.325989,0.674011,True,TN,1,-1,-1,1,-1,1,1,-1,0,-1,0
10618,241224164978180,train_oof,1,phishing,1,phishing,0.984134,0.015866,True,TP,4,-1,-1,1,-1,0,1,1,-1,-1,0
10619,120704656341845,train_oof,1,phishing,1,phishing,0.998085,0.001915,True,TP,2,-1,0,1,-1,0,-1,-1,-1,0,-1
10620,218014069918169,train_oof,1,phishing,1,phishing,0.994579,0.005421,True,TP,2,-1,-1,1,-1,-1,1,1,-1,0,-1
10622,220810881244323,train_oof,1,phishing,1,phishing,0.999524,0.000476,True,TP,3,-1,-1,1,-1,0,1,-1,-1,-1,-1
10623,156834788714642,train_oof,0,legitimate,0,legitimate,0.09585,0.90415,True,TN,2,1,1,1,-1,1,-1,1,0,0,-1
10625,165372276947619,train_oof,0,legitimate,0,legitimate,0.476026,0.523974,True,TN,5,-1,-1,1,-1,1,1,1,0,0,-1
10626,271198372768717,train_oof,0,legitimate,1,phishing,0.684331,0.315669,False,FP,5,1,-1,1,-1,0,1,1,0,-1,-1
10627,244785052152755,train_oof,0,legitimate,1,phishing,0.671949,0.328051,False,FP,2,-1,1,1,-1,0,1,1,0,-1,-1
10629,229747530221998,train_oof,1,phishing,0,legitimate,0.197824,0.802176,False,FN,5,-1,-1,1,-1,-1,1,-1,0,0,1
10630,135770298576592,train_oof,1,phishing,1,phishing,0.999312,0.000688,True,TP,4,1,-1,1,-1,-1,1,-1,-1,-1,-1
10631,59366002112139,train_oof,0,legitimate,0,legitimate,2e-05,0.99998,True,TN,5,1,-1,1,1,1,1,1,1,1,-1
10632,147955389925040,train_oof,1,phishing,1,phishing,0.967227,0.032773,True,TP,3,-1,1,-1,-1,1,1,1,-1,0,0
10633,158183937790321,train_oof,0,legitimate,0,legitimate,0.004456,0.995544,True,TN,5,1,-1,1,-1,1,1,1,0,0,1
10635,115833697927188,train_oof,1,phishing,1,phishing,0.999181,0.000819,True,TP,2,-1,-1,1,-1,-1,1,-1,-1,0,-1
10637,78641379892181,train_oof,1,phishing,1,phishing,0.999524,0.000476,True,TP,3,-1,-1,1,-1,0,1,-1,-1,-1,-1
10642,147537320755778,train_oof,0,legitimate,0,legitimate,0.005254,0.994746,True,TN,3,-1,-1,1,1,1,1,1,0,0,-1
10643,133431907140558,train_oof,0,legitimate,0,legitimate,0.156899,0.843101,True,TN,5,-1,-1,1,-1,1,1,1,0,1,-1
10644,38995443107375,train_oof,1,phishing,1,phishing,0.998351,0.001649,True,TP,2,-1,-1,1,-1,0,1,1,-1,-1,-1
10645,211446717801004,train_oof,1,phishing,1,phishing,0.991824,0.008176,True,TP,4,-1,-1,1,-1,-1,-1,-1,-1,1,-1
10646,116439522980193,train_oof,1,phishing,1,phishing,0.993131,0.006869,True,TP,3,-1,-1,1,-1,-1,-1,-1,-1,0,0
10647,52076795093532,train_oof,0,legitimate,0,legitimate,0.017306,0.982694,True,TN,3,-1,-1,1,-1,1,-1,1,1,1,-1
10648,1337140951185,train_oof,1,phishing,1,phishing,0.991543,0.008457,True,TP,1,-1,-1,1,-1,-1,1,1,-1,-1,-1
10649,64194265140542,train_oof,1,phishing,0,legitimate,0.15142,0.84858,False,FN,1,1,-1,1,-1,1,1,1,0,0,-1
10650,75603831514404,train_oof,0,legitimate,0,legitimate,0.097344,0.902656,True,TN,2,-1,-1,1,-1,1,1,-1,0,0,0
10651,88912899980994,train_oof,1,phishing,1,phishing,0.990239,0.009761,True,TP,4,1,-1,1,-1,1,1,1,-1,0,-1
10652,123130622131266,train_oof,0,legitimate,0,legitimate,0.243128,0.756872,True,TN,2,-1,-1,1,-1,1,-1,1,0,0,-1
10653,17670975930231,train_oof,1,phishing,1,phishing,0.846065,0.153935,True,TP,2,-1,-1,1,-1,1,-1,1,-1,1,-1
10654,184963672165889,train_oof,0,legitimate,0,legitimate,0.247151,0.752849,True,TN,3,-1,-1,-1,-1,1,1,1,0,-1,0
10655,50493678210033,train_oof,0,legitimate,0,legitimate,0.013022,0.986978,True,TN,2,1,1,1,-1,1,1,1,1,0,1
10656,17304061399516,train_oof,0,legitimate,0,legitimate,0.001519,0.998481,True,TN,1,1,-1,1,1,1,1,1,0,1,-1
10658,29470528747954,train_oof,1,phishing,1,phishing,0.566033,0.433967,True,TP,2,-1,-1,1,-1,0,-1,1,0,0,-1
10659,232168261792826,train_oof,0,legitimate,0,legitimate,0.029101,0.970899,True,TN,1,1,-1,1,-1,1,1,1,0,0,0
10660,133126999745724,train_oof,0,legitimate,0,legitimate,0.290574,0.709426,True,TN,1,1,-1,1,-1,0,1,-1,1,-1,1
10661,220704920817513,train_oof,1,phishing,1,phishing,0.998758,0.001242,True,TP,1,-1,-1,1,-1,-1,1,-1,-1,-1,-1
10665,261062413302172,train_oof,1,phishing,1,phishing,0.992696,0.007304,True,TP,2,1,-1,1,-1,-1,1,1,-1,0,-1
10666,204115871213636,train_oof,0,legitimate,0,legitimate,0.007658,0.992342,True,TN,4,-1,1,1,1,1,1,1,1,0,-1
10667,259707455498878,train_oof,0,legitimate,0,legitimate,0.064782,0.935218,True,TN,4,1,-1,1,-1,0,1,1,1,0,-1
10668,77874723592197,train_oof,1,phishing,1,phishing,0.989535,0.010465,True,TP,1,-1,-1,1,-1,-1,1,1,-1,0,-1
10669,265750508175139,train_oof,0,legitimate,0,legitimate,0.104593,0.895407,True,TN,1,-1,-1,1,-1,-1,1,1,0,1,-1
10670,277252451297488,train_oof,1,phishing,1,phishing,0.997842,0.002158,True,TP,5,1,-1,1,-1,-1,1,-1,-1,0,-1
10671,120449033393829,train_oof,0,legitimate,0,legitimate,0.004801,0.995199,True,TN,1,1,-1,1,-1,1,1,1,1,0,-1
10673,36584191976629,train_oof,1,phishing,1,phishing,0.999674,0.000326,True,TP,2,-1,-1,1,-1,0,1,-1,-1,0,-1
10676,24862948808843,train_oof,1,phishing,1,phishing,0.967517,0.032483,True,TP,5,-1,-1,1,-1,-1,1,-1,-1,0,1
10677,124006896668315,train_oof,1,phishing,1,phishing,0.997393,0.002607,True,TP,2,1,-1,1,-1,0,1,1,-1,-1,-1
10679,148136672921431,train_oof,1,phishing,1,phishing,0.95173,0.04827,True,TP,5,1,-1,1,-1,1,-1,1,-1,0,-1
10680,6012830866444,train_oof,1,phishing,1,phishing,0.918889,0.081111,True,TP,1,1,-1,1,-1,-1,1,1,-1,1,0
10681,9626009005709,train_oof,1,phishing,1,phishing,0.99805,0.00195,True,TP,4,1,-1,1,-1,0,1,-1,-1,0,-1
10682,174704811864528,train_oof,0,legitimate,0,legitimate,0.008979,0.991021,True,TN,2,1,-1,1,-1,1,1,-1,0,0,1
10683,46334701744030,train_oof,1,phishing,1,phishing,0.930681,0.069319,True,TP,5,-1,1,-1,-1,1,-1,1,-1,1,-1
10684,239186981240604,train_oof,0,legitimate,0,legitimate,0.008603,0.991397,True,TN,1,1,-1,1,-1,1,1,-1,0,0,1
10685,75308834639144,train_oof,0,legitimate,0,legitimate,0.003316,0.996684,True,TN,4,1,-1,1,-1,1,1,-1,1,1,1
10686,123515288232164,train_oof,0,legitimate,0,legitimate,0.03612,0.96388,True,TN,4,1,-1,1,-1,1,1,-1,0,1,0
10689,38653190134831,train_oof,0,legitimate,0,legitimate,0.027327,0.972673,True,TN,4,1,-1,1,1,0,1,1,0,-1,-1
10690,83968015194693,train_oof,1,phishing,1,phishing,0.577547,0.422453,True,TP,3,-1,-1,1,-1,0,1,-1,0,1,-1
10692,72936088638681,train_oof,1,phishing,1,phishing,0.891789,0.108211,True,TP,2,-1,-1,1,-1,0,1,-1,0,-1,-1
10693,86855953294178,train_oof,1,phishing,1,phishing,0.98206,0.01794,True,TP,2,1,-1,-1,-1,-1,1,-1,-1,1,-1
10694,97258989689363,train_oof,1,phishing,1,phishing,0.708167,0.291833,True,TP,2,1,-1,1,-1,-1,1,-1,1,-1,-1
10695,4537628850880,train_oof,0,legitimate,0,legitimate,0.012955,0.987045,True,TN,5,1,-1,1,1,1,1,-1,1,-1,-1
10696,263141056999235,train_oof,1,phishing,1,phishing,0.991399,0.008601,True,TP,2,1,-1,1,-1,0,-1,-1,-1,-1,-1
10697,58281182317715,train_oof,0,legitimate,0,legitimate,0.008381,0.991619,True,TN,4,-1,-1,1,1,1,1,-1,1,0,-1
10698,258612516916320,train_oof,0,legitimate,0,legitimate,0.183525,0.816475,True,TN,2,1,-1,1,-1,0,-1,1,0,0,-1
10699,227562547935189,train_oof,1,phishing,1,phishing,0.927788,0.072212,True,TP,5,-1,-1,1,-1,0,1,1,0,-1,-1
10700,147598437991746,train_oof,0,legitimate,0,legitimate,0.195778,0.804222,True,TN,4,1,-1,1,-1,1,1,1,0,1,-1
10701,200313455002296,train_oof,0,legitimate,0,legitimate,0.019072,0.980928,True,TN,5,-1,-1,1,-1,1,1,1,1,-1,1
10702,185000835055539,train_oof,0,legitimate,0,legitimate,0.118059,0.881941,True,TN,5,1,-1,1,-1,0,1,1,0,1,-1
10703,115762971669644,train_oof,1,phishing,1,phishing,0.99884,0.00116,True,TP,5,1,-1,1,-1,-1,1,-1,-1,-1,-1
10705,223333503920743,train_oof,1,phishing,1,phishing,0.904765,0.095235,True,TP,1,-1,-1,1,-1,0,1,1,0,-1,-1
10706,135873964520414,train_oof,0,legitimate,1,phishing,0.711065,0.288935,False,FP,3,1,-1,1,-1,0,1,1,0,-1,-1
10707,274238015451220,train_oof,0,legitimate,0,legitimate,0.016274,0.983726,True,TN,4,1,-1,1,-1,1,1,1,0,1,0
10709,203433845401990,train_oof,1,phishing,0,legitimate,0.379817,0.620183,False,FN,2,1,-1,1,-1,1,1,1,0,-1,-1
10710,83950106191977,train_oof,0,legitimate,0,legitimate,0.02539,0.97461,True,TN,2,-1,-1,1,-1,1,1,-1,1,1,1
10713,115253971944619,train_oof,0,legitimate,0,legitimate,0.001458,0.998542,True,TN,3,-1,-1,-1,1,1,1,1,1,1,-1
10714,126032429169998,train_oof,1,phishing,1,phishing,0.986042,0.013958,True,TP,4,1,0,1,-1,0,-1,-1,-1,0,1
10715,155869863268980,train_oof,1,phishing,1,phishing,0.98507,0.01493,True,TP,1,-1,-1,-1,-1,-1,1,-1,-1,1,-1
10717,211953414933435,train_oof,0,legitimate,0,legitimate,0.035887,0.964113,True,TN,2,1,-1,1,1,-1,1,-1,0,0,1
10718,98880486374436,train_oof,1,phishing,1,phishing,0.995707,0.004293,True,TP,1,1,-1,1,-1,0,1,-1,-1,0,-1
10719,33367504869011,train_oof,0,legitimate,0,legitimate,0.490992,0.509008,True,TN,1,1,-1,1,-1,-1,1,-1,0,-1,0
10720,201276566467819,train_oof,1,phishing,1,phishing,0.986346,0.013654,True,TP,4,1,-1,-1,-1,-1,1,-1,-1,1,-1
10722,236645984391952,train_oof,1,phishing,1,phishing,0.985103,0.014897,True,TP,1,1,-1,1,-1,1,1,-1,-1,-1,-1
10723,85103748986523,train_oof,1,phishing,1,phishing,0.999124,0.000876,True,TP,4,-1,-1,1,-1,-1,1,-1,-1,-1,-1
10724,146513197672683,train_oof,0,legitimate,0,legitimate,0.004244,0.995756,True,TN,3,1,-1,1,-1,1,1,-1,1,0,1
10725,239186981240604,train_oof,0,legitimate,0,legitimate,0.008603,0.991397,True,TN,1,1,-1,1,-1,1,1,-1,0,0,1
10726,193085094664925,train_oof,1,phishing,1,phishing,0.99705,0.00295,True,TP,1,-1,1,1,-1,0,1,1,-1,-1,-1
10727,204521256923850,train_oof,0,legitimate,0,legitimate,0.015953,0.984047,True,TN,2,-1,-1,1,1,1,1,-1,1,-1,1
10729,192501145256987,train_oof,0,legitimate,0,legitimate,0.064782,0.935218,True,TN,4,1,-1,1,-1,0,1,1,1,0,-1
10731,118633819217489,train_oof,1,phishing,1,phishing,0.99755,0.00245,True,TP,3,-1,1,1,-1,-1,1,1,-1,0,-1
10732,35708016048087,train_oof,0,legitimate,1,phishing,0.561333,0.438667,False,FP,5,-1,-1,1,-1,0,1,1,0,0,-1
10733,22576556040557,train_oof,1,phishing,1,phishing,0.819919,0.180081,True,TP,5,1,1,1,-1,0,1,-1,0,-1,-1
10735,88529388466797,train_oof,1,phishing,1,phishing,0.997133,0.002867,True,TP,1,1,-1,1,-1,-1,1,-1,-1,0,-1
10737,181429368594694,train_oof,0,legitimate,0,legitimate,0.057766,0.942234,True,TN,4,-1,-1,-1,-1,1,1,-1,1,0,-1
10738,20755624198224,train_oof,0,legitimate,0,legitimate,0.00818,0.99182,True,TN,4,1,1,1,-1,1,-1,1,1,0,1
10740,162559689059907,train_oof,0,legitimate,0,legitimate,0.317478,0.682522,True,TN,5,1,1,1,-1,1,1,1,0,1,1
10741,10958385155952,train_oof,0,legitimate,0,legitimate,0.316542,0.683458,True,TN,5,-1,1,-1,-1,1,1,1,0,-1,-1
10743,205583659124993,train_oof,1,phishing,1,phishing,0.756748,0.243252,True,TP,1,1,-1,1,-1,0,1,1,0,-1,-1
10744,180507497263402,train_oof,1,phishing,1,phishing,0.981229,0.018771,True,TP,4,-1,0,-1,-1,-1,1,-1,-1,0,-1
10745,87650527784824,train_oof,1,phishing,1,phishing,0.970629,0.029371,True,TP,3,-1,-1,1,-1,-1,1,1,-1,1,0
10746,22938748465220,train_oof,0,legitimate,0,legitimate,0.085417,0.914583,True,TN,1,-1,-1,1,-1,1,-1,-1,1,1,-1
10747,16092460959351,train_oof,0,legitimate,0,legitimate,0.327208,0.672792,True,TN,1,1,-1,1,-1,0,1,1,0,0,-1
10748,158847710541700,train_oof,0,legitimate,0,legitimate,0.160399,0.839601,True,TN,1,-1,-1,1,-1,1,1,1,0,-1,0
10749,251454517037884,train_oof,0,legitimate,0,legitimate,0.017842,0.982158,True,TN,4,1,-1,1,1,1,1,-1,0,1,-1
10750,10415993641107,train_oof,0,legitimate,0,legitimate,0.027886,0.972114,True,TN,4,-1,-1,1,-1,1,1,1,0,0,1
10751,621438141138,train_oof,1,phishing,1,phishing,0.998456,0.001544,True,TP,2,-1,-1,-1,-1,0,-1,-1,-1,1,-1
10752,152607838553511,train_oof,0,legitimate,0,legitimate,0.015563,0.984437,True,TN,1,1,1,-1,1,1,1,1,1,1,-1
10753,220704920817513,train_oof,1,phishing,1,phishing,0.998758,0.001242,True,TP,1,-1,-1,1,-1,-1,1,-1,-1,-1,-1
10754,195254846219736,train_oof,0,legitimate,0,legitimate,0.202169,0.797831,True,TN,2,-1,-1,1,-1,1,1,1,0,1,-1
10756,32964344373214,train_oof,0,legitimate,0,legitimate,0.181297,0.818703,True,TN,4,1,-1,1,-1,1,1,1,1,-1,-1
10757,88912899980994,train_oof,1,phishing,1,phishing,0.990239,0.009761,True,TP,4,1,-1,1,-1,1,1,1,-1,0,-1
10758,135946308552664,train_oof,1,phishing,1,phishing,0.816884,0.183116,True,TP,3,-1,1,1,-1,0,1,-1,0,-1,-1
10759,222090645416838,train_oof,0,legitimate,0,legitimate,0.074719,0.925281,True,TN,1,1,1,1,-1,1,1,1,1,1,-1
10760,135834029846698,train_oof,0,legitimate,0,legitimate,7e-06,0.999993,True,TN,4,1,-1,1,1,1,1,1,1,1,-1
10761,251874559666782,train_oof,0,legitimate,0,legitimate,0.004391,0.995609,True,TN,3,1,-1,1,-1,1,1,1,1,0,0
10762,258839184160652,train_oof,1,phishing,1,phishing,0.994579,0.005421,True,TP,2,-1,-1,1,-1,-1,1,1,-1,0,-1
10763,277252451297488,train_oof,1,phishing,1,phishing,0.997842,0.002158,True,TP,5,1,-1,1,-1,-1,1,-1,-1,0,-1
10764,119913093298355,train_oof,1,phishing,1,phishing,0.998972,0.001028,True,TP,3,-1,-1,1,-1,0,1,-1,-1,0,-1
10765,162184457258021,train_oof,0,legitimate,1,phishing,0.698726,0.301274,False,FP,3,-1,-1,1,-1,-1,1,-1,1,-1,-1
10766,157559516102950,train_oof,1,phishing,1,phishing,0.852476,0.147524,True,TP,2,-1,-1,1,-1,0,1,1,0,-1,-1
10767,258512263616588,train_oof,1,phishing,1,phishing,0.996797,0.003203,True,TP,3,-1,-1,1,-1,-1,1,1,-1,-1,-1
10768,70220854336370,train_oof,1,phishing,1,phishing,0.824234,0.175766,True,TP,3,1,0,1,-1,0,1,-1,0,-1,-1
10770,12887724512173,train_oof,1,phishing,1,phishing,0.988955,0.011045,True,TP,1,-1,-1,1,-1,-1,-1,-1,-1,1,-1
10771,142893074868872,train_oof,0,legitimate,0,legitimate,0.020069,0.979931,True,TN,3,-1,-1,1,-1,1,1,-1,0,1,1
10772,30701316969350,train_oof,1,phishing,1,phishing,0.99841,0.00159,True,TP,3,1,-1,1,-1,-1,1,-1,-1,0,-1
10773,137406203441726,train_oof,0,legitimate,0,legitimate,0.025343,0.974657,True,TN,3,-1,-1,1,-1,1,-1,-1,0,1,1
10774,125881334568217,train_oof,0,legitimate,0,legitimate,0.175204,0.824796,True,TN,3,-1,-1,1,-1,-1,1,-1,0,0,1
10775,62285883893815,train_oof,1,phishing,0,legitimate,0.228387,0.771613,False,FN,2,-1,1,1,-1,0,-1,1,0,1,-1
10776,143603152449835,train_oof,1,phishing,1,phishing,0.618268,0.381732,True,TP,2,-1,-1,1,-1,0,1,1,0,0,-1
10777,96680959581577,train_oof,0,legitimate,0,legitimate,0.305893,0.694107,True,TN,4,1,-1,1,-1,0,1,1,0,0,-1
10778,167864691663606,train_oof,1,phishing,1,phishing,0.966598,0.033402,True,TP,4,1,-1,-1,-1,-1,1,-1,-1,1,0
10781,56307407979576,train_oof,0,legitimate,0,legitimate,0.195639,0.804361,True,TN,5,1,1,1,-1,1,1,1,0,1,-1
10782,32358478072760,train_oof,0,legitimate,0,legitimate,0.166804,0.833196,True,TN,5,1,1,1,-1,1,-1,-1,0,0,-1
10783,18700894105745,train_oof,0,legitimate,0,legitimate,0.09489,0.90511,True,TN,4,-1,-1,1,-1,1,1,-1,0,0,0
10784,141867061561573,train_oof,0,legitimate,0,legitimate,0.013055,0.986945,True,TN,2,1,1,1,1,1,1,-1,1,1,-1
10785,30011828906311,train_oof,1,phishing,1,phishing,0.993392,0.006608,True,TP,5,-1,-1,1,-1,0,-1,1,-1,0,-1
10788,105312558453838,train_oof,1,phishing,1,phishing,0.980208,0.019792,True,TP,2,-1,-1,1,-1,1,1,1,-1,-1,-1
10789,64769748565186,train_oof,0,legitimate,0,legitimate,0.270682,0.729318,True,TN,3,1,-1,1,-1,1,1,1,0,1,-1
10791,129472484192105,train_oof,0,legitimate,0,legitimate,0.040327,0.959673,True,TN,1,-1,1,1,1,1,-1,-1,0,-1,1
10793,129668921368942,train_oof,1,phishing,1,phishing,0.96361,0.03639,True,TP,4,1,-1,1,-1,1,-1,1,-1,0,-1
10794,165295879677732,train_oof,1,phishing,1,phishing,0.561333,0.438667,True,TP,5,-1,-1,1,-1,0,1,1,0,0,-1
10798,215638101814779,train_oof,0,legitimate,0,legitimate,0.352694,0.647306,True,TN,2,-1,-1,1,-1,0,1,-1,0,0,1
10799,1337140951185,train_oof,1,phishing,1,phishing,0.991543,0.008457,True,TP,1,-1,-1,1,-1,-1,1,1,-1,-1,-1
10800,96584736165950,train_oof,0,legitimate,0,legitimate,0.001067,0.998933,True,TN,3,1,-1,1,-1,1,1,1,1,1,1
10801,133396011266265,train_oof,0,legitimate,0,legitimate,0.025646,0.974354,True,TN,3,1,-1,1,-1,1,1,1,0,0,0
10803,108674841693993,train_oof,1,phishing,1,phishing,0.990574,0.009426,True,TP,1,1,-1,1,-1,1,1,-1,-1,0,-1
10804,10436309709264,train_oof,1,phishing,1,phishing,0.995796,0.004204,True,TP,1,-1,-1,1,-1,0,-1,1,-1,0,-1
10805,260407473919436,train_oof,0,legitimate,0,legitimate,0.003003,0.996997,True,TN,4,1,-1,1,-1,1,1,1,1,1,-1
10806,273498005064703,train_oof,1,phishing,0,legitimate,0.372448,0.627552,False,FN,4,-1,1,1,-1,1,1,1,0,0,-1
10807,81775673107626,train_oof,1,phishing,1,phishing,0.994943,0.005057,True,TP,2,1,1,1,-1,0,1,1,-1,-1,-1
10808,187332354819307,train_oof,0,legitimate,0,legitimate,0.143649,0.856351,True,TN,3,-1,-1,-1,-1,1,1,1,0,-1,1
10810,277967576787664,train_oof,0,legitimate,0,legitimate,0.008098,0.991902,True,TN,5,1,-1,1,-1,1,-1,1,1,-1,1
10811,138805978480164,train_oof,0,legitimate,0,legitimate,0.051952,0.948048,True,TN,2,-1,-1,-1,-1,1,1,1,0,1,-1
10812,181818050703942,train_oof,1,phishing,1,phishing,0.935306,0.064694,True,TP,5,-1,-1,1,-1,0,1,-1,0,-1,-1
10813,216534192656538,train_oof,1,phishing,0,legitimate,0.400249,0.599751,False,FN,4,1,-1,1,-1,0,1,1,0,-1,1
10814,163209228781784,train_oof,1,phishing,1,phishing,0.643159,0.356841,True,TP,2,1,-1,1,-1,0,1,1,0,-1,-1
10816,88178648853293,train_oof,0,legitimate,0,legitimate,0.012959,0.987041,True,TN,4,1,-1,1,-1,1,-1,1,1,-1,1
10817,162391799696287,train_oof,1,phishing,1,phishing,0.993959,0.006041,True,TP,5,-1,1,1,-1,-1,1,1,-1,0,-1
10818,204199036950670,train_oof,0,legitimate,0,legitimate,0.014537,0.985463,True,TN,1,1,-1,1,1,1,-1,-1,1,-1,-1
10819,227988163052365,train_oof,0,legitimate,0,legitimate,0.000931,0.999069,True,TN,5,-1,-1,-1,1,1,1,1,1,1,-1
10820,97556882157777,train_oof,0,legitimate,0,legitimate,0.00943,0.99057,True,TN,3,1,-1,1,-1,1,1,1,1,0,-1
10821,88101442873232,train_oof,0,legitimate,1,phishing,0.755943,0.244057,False,FP,5,-1,-1,1,-1,1,1,-1,0,-1,-1
10822,64769748565186,train_oof,0,legitimate,0,legitimate,0.270682,0.729318,True,TN,3,1,-1,1,-1,1,1,1,0,1,-1
10823,17152157360103,train_oof,1,phishing,1,phishing,0.994954,0.005046,True,TP,2,-1,-1,1,-1,-1,1,-1,-1,-1,0
10824,228846445469,train_oof,0,legitimate,0,legitimate,0.082365,0.917635,True,TN,2,1,-1,1,-1,1,1,-1,0,0,0
10825,75470241956147,train_oof,0,legitimate,0,legitimate,0.002057,0.997943,True,TN,2,1,-1,-1,1,1,1,-1,0,0,-1
10826,211723492360874,train_oof,1,phishing,1,phishing,0.997241,0.002759,True,TP,3,-1,1,1,-1,0,1,1,-1,0,-1
10830,163755332080341,train_oof,0,legitimate,0,legitimate,0.018999,0.981001,True,TN,3,1,1,1,-1,1,1,1,1,1,1
10831,59200279626702,train_oof,1,phishing,1,phishing,0.698975,0.301025,True,TP,2,-1,-1,1,-1,0,-1,1,0,-1,-1
10832,12880189080603,train_oof,0,legitimate,0,legitimate,0.015856,0.984144,True,TN,3,-1,-1,-1,-1,1,1,1,0,0,-1
10833,20293515852311,train_oof,1,phishing,1,phishing,0.857459,0.142541,True,TP,4,-1,-1,-1,-1,1,-1,1,-1,1,-1
10834,42867045435359,train_oof,0,legitimate,0,legitimate,0.012419,0.987581,True,TN,3,1,1,1,1,-1,1,1,0,1,-1
10835,5714711476560,train_oof,1,phishing,1,phishing,0.986591,0.013409,True,TP,5,1,-1,1,-1,-1,1,1,-1,-1,-1
10836,79602386118275,train_oof,0,legitimate,0,legitimate,0.048855,0.951145,True,TN,2,-1,-1,1,-1,1,1,-1,0,1,0
10837,100619309667472,train_oof,1,phishing,1,phishing,0.993786,0.006214,True,TP,5,-1,-1,1,-1,-1,1,-1,-1,1,-1
10839,28799952683394,train_oof,0,legitimate,0,legitimate,0.023803,0.976197,True,TN,2,-1,1,-1,1,1,1,-1,0,1,-1
10840,94068156056018,train_oof,0,legitimate,0,legitimate,4.4e-05,0.999956,True,TN,1,-1,-1,-1,1,1,1,1,0,0,-1
10841,276210730659704,train_oof,0,legitimate,0,legitimate,0.342279,0.657721,True,TN,2,-1,1,1,-1,1,1,1,0,0,-1
10842,106653273571006,train_oof,0,legitimate,0,legitimate,0.03299,0.96701,True,TN,4,-1,-1,-1,-1,1,1,1,0,1,1
10843,232795475920163,train_oof,0,legitimate,1,phishing,0.618268,0.381732,False,FP,2,-1,-1,1,-1,0,1,1,0,0,-1
10844,67592141952864,train_oof,1,phishing,1,phishing,0.998351,0.001649,True,TP,2,-1,-1,1,-1,0,1,1,-1,-1,-1
10845,133515121838712,train_oof,1,phishing,0,legitimate,0.379817,0.620183,False,FN,2,1,-1,1,-1,1,1,1,0,-1,-1
10846,85945053267611,train_oof,0,legitimate,0,legitimate,0.157112,0.842888,True,TN,1,1,-1,-1,-1,1,1,1,0,-1,1
10848,133048560231556,train_oof,0,legitimate,0,legitimate,0.018877,0.981123,True,TN,1,-1,-1,1,-1,1,1,-1,0,1,1
10849,182101511148836,train_oof,1,phishing,1,phishing,0.989138,0.010862,True,TP,1,-1,-1,1,-1,-1,1,-1,-1,1,-1
10850,261878278122585,train_oof,1,phishing,1,phishing,0.999312,0.000688,True,TP,4,1,-1,1,-1,-1,1,-1,-1,-1,-1
10851,220571001907654,train_oof,1,phishing,1,phishing,0.994368,0.005632,True,TP,3,-1,-1,1,-1,-1,1,1,-1,0,-1
10852,200551913552226,train_oof,0,legitimate,0,legitimate,0.016627,0.983373,True,TN,1,-1,-1,1,-1,1,-1,1,0,-1,1
10853,135368794807628,train_oof,0,legitimate,0,legitimate,0.181203,0.818797,True,TN,5,-1,-1,1,-1,1,1,1,0,-1,0
10855,26998133443193,train_oof,0,legitimate,0,legitimate,0.073939,0.926061,True,TN,3,-1,-1,1,-1,1,1,1,0,-1,1
10856,160097069775564,train_oof,1,phishing,1,phishing,0.999186,0.000814,True,TP,5,-1,-1,1,-1,0,1,-1,-1,0,-1
10857,16092460959351,train_oof,0,legitimate,0,legitimate,0.327208,0.672792,True,TN,1,1,-1,1,-1,0,1,1,0,0,-1
10858,9752009153561,train_oof,1,phishing,1,phishing,0.629953,0.370047,True,TP,2,1,-1,1,-1,1,1,-1,0,-1,-1
10859,60924713372608,train_oof,1,phishing,0,legitimate,0.494172,0.505828,False,FN,1,-1,-1,1,-1,0,-1,1,0,0,1
10860,81775673107626,train_oof,1,phishing,1,phishing,0.994943,0.005057,True,TP,2,1,1,1,-1,0,1,1,-1,-1,-1
10863,83862322720345,train_oof,0,legitimate,0,legitimate,0.000664,0.999336,True,TN,2,1,-1,1,-1,1,1,1,1,0,1
10865,222751450328160,train_oof,1,phishing,1,phishing,0.99776,0.00224,True,TP,1,1,-1,1,-1,-1,1,-1,-1,-1,-1
10868,213856501211293,train_oof,1,phishing,1,phishing,0.711065,0.288935,True,TP,3,1,-1,1,-1,0,1,1,0,-1,-1
10872,116047128271192,train_oof,0,legitimate,0,legitimate,0.033278,0.966722,True,TN,5,1,-1,1,-1,1,1,-1,0,1,0
10873,27151061504182,train_oof,1,phishing,1,phishing,0.526512,0.473488,True,TP,4,-1,-1,1,-1,0,1,1,0,0,-1
10874,232644691918344,train_oof,1,phishing,1,phishing,0.756748,0.243252,True,TP,1,1,-1,1,-1,0,1,1,0,-1,-1
10875,233284296490619,train_oof,0,legitimate,0,legitimate,0.105699,0.894301,True,TN,3,1,-1,-1,-1,1,1,1,0,1,-1
10877,120269724195280,train_oof,1,phishing,1,phishing,0.91472,0.08528,True,TP,1,-1,-1,1,-1,0,1,-1,0,-1,-1
10878,220704920817513,train_oof,1,phishing,1,phishing,0.998758,0.001242,True,TP,1,-1,-1,1,-1,-1,1,-1,-1,-1,-1
10880,44316564712615,train_oof,1,phishing,1,phishing,0.561333,0.438667,True,TP,5,-1,-1,1,-1,0,1,1,0,0,-1
10881,214753484761307,train_oof,1,phishing,1,phishing,0.98718,0.01282,True,TP,3,1,-1,1,-1,-1,1,-1,-1,-1,0
10882,225554121147349,train_oof,0,legitimate,0,legitimate,0.123077,0.876923,True,TN,5,-1,-1,1,-1,1,1,-1,0,0,0
10884,245291794438489,train_oof,1,phishing,0,legitimate,0.212628,0.787372,False,FN,4,1,-1,1,-1,1,1,1,0,0,-1
10886,204228594974389,train_oof,1,phishing,1,phishing,0.991781,0.008219,True,TP,2,-1,-1,1,-1,1,-1,-1,-1,-1,-1
10887,160868697130409,train_oof,0,legitimate,0,legitimate,0.000422,0.999578,True,TN,4,-1,-1,-1,1,1,1,1,0,0,-1
10888,183572169511721,train_oof,1,phishing,1,phishing,0.991012,0.008988,True,TP,1,-1,1,1,-1,0,1,1,-1,0,-1
10889,138530709781860,train_oof,0,legitimate,0,legitimate,0.2079,0.7921,True,TN,4,1,1,1,-1,1,1,1,0,1,-1
10890,30338373302444,train_oof,1,phishing,1,phishing,0.999264,0.000736,True,TP,1,1,-1,1,-1,0,-1,-1,-1,0,-1
10891,156294837967329,train_oof,1,phishing,1,phishing,0.998087,0.001913,True,TP,5,-1,1,1,-1,-1,1,-1,-1,0,-1
10892,245680920533018,train_oof,1,phishing,1,phishing,0.997611,0.002389,True,TP,1,-1,-1,1,-1,0,-1,-1,-1,0,-1
10893,169155455332292,train_oof,1,phishing,1,phishing,0.993959,0.006041,True,TP,5,-1,1,1,-1,-1,1,1,-1,0,-1
10894,59037952434155,train_oof,1,phishing,1,phishing,0.726668,0.273332,True,TP,2,-1,-1,1,-1,1,1,-1,0,-1,-1
10895,261038698794745,train_oof,0,legitimate,0,legitimate,0.01671,0.98329,True,TN,1,-1,-1,1,-1,1,-1,-1,1,1,1
10896,33046575856452,train_oof,1,phishing,1,phishing,0.99805,0.00195,True,TP,4,1,-1,1,-1,0,1,-1,-1,0,-1
10897,122361045725675,train_oof,1,phishing,1,phishing,0.991012,0.008988,True,TP,1,-1,1,1,-1,0,1,1,-1,0,-1
10898,158847710541700,train_oof,0,legitimate,0,legitimate,0.160399,0.839601,True,TN,1,-1,-1,1,-1,1,1,1,0,-1,0
10899,108037895748955,train_oof,0,legitimate,0,legitimate,0.000141,0.999859,True,TN,1,1,-1,1,1,1,1,-1,1,1,-1
10900,119738583431228,train_oof,0,legitimate,0,legitimate,0.011753,0.988247,True,TN,5,1,-1,1,-1,1,1,-1,0,0,1
10903,242962335609542,train_oof,0,legitimate,0,legitimate,0.140076,0.859924,True,TN,5,-1,-1,-1,-1,1,1,-1,1,-1,-1
10904,9107298081352,train_oof,0,legitimate,0,legitimate,0.001436,0.998564,True,TN,3,-1,1,1,1,1,1,1,1,0,-1
10907,1614351818847,train_oof,0,legitimate,0,legitimate,0.008311,0.991689,True,TN,4,-1,-1,-1,1,1,1,1,0,-1,-1
10908,21708275264937,train_oof,0,legitimate,0,legitimate,0.073939,0.926061,True,TN,3,-1,-1,1,-1,1,1,1,0,-1,1
10909,267744883316355,train_oof,0,legitimate,0,legitimate,0.013779,0.986221,True,TN,1,-1,-1,1,-1,1,-1,1,0,1,1
10910,42929273379283,train_oof,1,phishing,1,phishing,0.993757,0.006243,True,TP,2,1,-1,1,-1,0,-1,1,-1,0,-1
10911,198618159639666,train_oof,0,legitimate,0,legitimate,0.064782,0.935218,True,TN,4,1,-1,1,-1,0,1,1,1,0,-1
10913,82905005842614,train_oof,0,legitimate,0,legitimate,0.179299,0.820701,True,TN,4,1,-1,1,-1,0,-1,1,0,0,-1
10914,162007302701012,train_oof,0,legitimate,0,legitimate,0.315775,0.684225,True,TN,5,1,1,1,-1,-1,1,-1,0,-1,1
10915,132623149934517,train_oof,1,phishing,1,phishing,0.968534,0.031466,True,TP,5,-1,-1,-1,-1,-1,1,1,-1,1,0
10917,59687331037357,train_oof,1,phishing,1,phishing,0.987665,0.012335,True,TP,2,1,-1,1,-1,-1,1,-1,-1,1,-1
10918,91045149399672,train_oof,1,phishing,0,legitimate,0.268162,0.731838,False,FN,5,1,-1,1,-1,-1,1,1,0,0,0
10919,184963672165889,train_oof,0,legitimate,0,legitimate,0.247151,0.752849,True,TN,3,-1,-1,-1,-1,1,1,1,0,-1,0
10920,156834788714642,train_oof,0,legitimate,0,legitimate,0.09585,0.90415,True,TN,2,1,1,1,-1,1,-1,1,0,0,-1
10921,253949566331117,train_oof,0,legitimate,0,legitimate,0.011274,0.988726,True,TN,4,-1,-1,1,1,1,-1,1,0,0,-1
10922,108138821130634,train_oof,1,phishing,1,phishing,0.59865,0.40135,True,TP,5,-1,0,1,-1,1,1,1,0,-1,-1
10923,222197249463593,train_oof,1,phishing,1,phishing,0.996158,0.003842,True,TP,5,-1,1,1,-1,0,1,-1,-1,0,-1
10924,215895244649725,train_oof,0,legitimate,0,legitimate,0.084327,0.915673,True,TN,1,-1,1,1,-1,1,-1,1,0,0,-1
10926,239186981240604,train_oof,0,legitimate,0,legitimate,0.008603,0.991397,True,TN,1,1,-1,1,-1,1,1,-1,0,0,1
10928,159464110987025,train_oof,0,legitimate,0,legitimate,0.000711,0.999289,True,TN,5,1,-1,1,1,1,1,1,0,0,1
10932,252231055613484,train_oof,0,legitimate,0,legitimate,0.025071,0.974929,True,TN,3,1,1,1,-1,1,1,1,1,-1,1
10933,53690639201564,train_oof,0,legitimate,0,legitimate,0.038766,0.961234,True,TN,3,-1,-1,-1,-1,1,1,-1,0,1,1
10935,258997520370084,train_oof,1,phishing,1,phishing,0.565371,0.434629,True,TP,1,-1,-1,1,-1,0,1,-1,0,0,-1
10936,162646007689609,train_oof,1,phishing,1,phishing,0.987919,0.012081,True,TP,4,-1,-1,-1,-1,-1,1,-1,-1,1,-1
10937,152522358532262,train_oof,0,legitimate,0,legitimate,0.022013,0.977987,True,TN,1,-1,1,1,-1,1,-1,1,0,-1,0
10938,277356241865071,train_oof,0,legitimate,0,legitimate,0.466414,0.533586,True,TN,1,1,-1,1,-1,1,1,1,0,-1,-1
10940,5813374007010,train_oof,0,legitimate,0,legitimate,0.072888,0.927112,True,TN,2,-1,-1,-1,-1,1,1,1,0,-1,1
10941,209939620087835,train_oof,0,legitimate,0,legitimate,0.003527,0.996473,True,TN,3,1,-1,1,-1,1,1,1,0,0,1
10942,60459282931779,train_oof,0,legitimate,1,phishing,0.616927,0.383073,False,FP,5,1,1,1,-1,0,1,1,0,-1,-1
10943,270866933450620,train_oof,0,legitimate,0,legitimate,0.425573,0.574427,True,TN,2,-1,1,1,1,1,1,1,-1,0,-1
10944,102412354206264,train_oof,0,legitimate,1,phishing,0.570389,0.429611,False,FP,1,-1,-1,1,-1,0,1,1,0,-1,0
10945,11828996500090,train_oof,0,legitimate,0,legitimate,0.108767,0.891233,True,TN,2,-1,-1,-1,-1,1,1,-1,0,1,-1
10946,177815824914704,train_oof,0,legitimate,0,legitimate,0.02208,0.97792,True,TN,2,-1,1,1,-1,1,-1,1,0,1,0
10947,252231055613484,train_oof,0,legitimate,0,legitimate,0.025071,0.974929,True,TN,3,1,1,1,-1,1,1,1,1,-1,1
10948,207177198575992,train_oof,0,legitimate,0,legitimate,0.061515,0.938485,True,TN,2,1,1,1,-1,1,1,1,0,1,-1
10949,165468985588682,train_oof,0,legitimate,0,legitimate,0.000669,0.999331,True,TN,4,-1,-1,1,1,1,1,1,1,1,-1
10950,259782361658813,train_oof,1,phishing,0,legitimate,0.470697,0.529303,False,FN,3,-1,-1,1,-1,1,1,-1,0,0,-1
10951,32964344373214,train_oof,0,legitimate,0,legitimate,0.181297,0.818703,True,TN,4,1,-1,1,-1,1,1,1,1,-1,-1
10952,3486735695784,train_oof,1,phishing,1,phishing,0.994601,0.005399,True,TP,1,1,-1,1,-1,0,1,1,-1,0,-1
10954,71647635781500,train_oof,1,phishing,1,phishing,0.866948,0.133052,True,TP,4,-1,-1,1,-1,0,1,1,0,-1,-1
10956,279497175690366,train_oof,1,phishing,1,phishing,0.669292,0.330708,True,TP,3,1,-1,1,-1,1,1,-1,0,-1,-1
10957,19034952282612,train_oof,0,legitimate,1,phishing,0.596267,0.403733,False,FP,3,-1,-1,1,-1,1,1,1,0,-1,-1
10958,251371003849987,train_oof,1,phishing,1,phishing,0.874513,0.125487,True,TP,3,-1,-1,1,-1,0,1,-1,0,-1,-1
10959,158183937790321,train_oof,0,legitimate,0,legitimate,0.004456,0.995544,True,TN,5,1,-1,1,-1,1,1,1,0,0,1
10960,254309426108577,train_oof,1,phishing,0,legitimate,0.475586,0.524414,False,FN,1,1,-1,1,-1,-1,1,-1,0,-1,1
10962,254697204272259,train_oof,1,phishing,1,phishing,0.998655,0.001345,True,TP,2,-1,1,1,-1,-1,1,-1,-1,-1,-1
10964,138269207835567,train_oof,0,legitimate,0,legitimate,0.205694,0.794306,True,TN,4,-1,-1,1,-1,1,1,-1,0,-1,1
10966,100420553381837,train_oof,1,phishing,0,legitimate,0.448565,0.551435,False,FN,4,1,-1,1,-1,-1,1,1,1,-1,-1
10970,219975182996746,train_oof,0,legitimate,0,legitimate,0.135022,0.864978,True,TN,5,1,-1,1,-1,1,1,-1,0,-1,1
10971,11745844565571,train_oof,0,legitimate,0,legitimate,0.080167,0.919833,True,TN,5,1,-1,1,-1,1,1,1,0,-1,0
10972,57996322772669,train_oof,1,phishing,1,phishing,0.994232,0.005768,True,TP,4,-1,1,1,-1,-1,1,1,-1,1,-1
10973,5945854270923,train_oof,1,phishing,1,phishing,0.998087,0.001913,True,TP,5,-1,1,1,-1,-1,1,-1,-1,0,-1
10974,184998474293132,train_oof,1,phishing,1,phishing,0.989138,0.010862,True,TP,1,-1,-1,1,-1,-1,1,-1,-1,1,-1
10975,30629915851933,train_oof,1,phishing,1,phishing,0.991114,0.008886,True,TP,4,1,-1,1,-1,-1,1,1,-1,-1,-1
10976,254791314032400,train_oof,1,phishing,1,phishing,0.993322,0.006678,True,TP,2,-1,-1,1,-1,-1,1,-1,-1,1,-1
10977,209941485028701,train_oof,1,phishing,1,phishing,0.995874,0.004126,True,TP,4,-1,1,1,-1,-1,1,1,-1,-1,-1
10980,204199036950670,train_oof,0,legitimate,0,legitimate,0.014537,0.985463,True,TN,1,1,-1,1,1,1,-1,-1,1,-1,-1
10981,12702411229309,train_oof,1,phishing,1,phishing,0.925821,0.074179,True,TP,3,1,-1,1,-1,1,1,1,-1,1,-1
10982,19503643656694,train_oof,0,legitimate,0,legitimate,0.000334,0.999666,True,TN,4,1,-1,1,-1,1,1,1,1,0,1
10984,223363726130775,train_oof,0,legitimate,0,legitimate,0.058275,0.941725,True,TN,1,-1,-1,1,1,-1,1,-1,1,-1,-1
10985,64382585514216,train_oof,1,phishing,1,phishing,0.91472,0.08528,True,TP,1,-1,-1,1,-1,0,1,-1,0,-1,-1
10986,19949239805930,train_oof,1,phishing,1,phishing,0.994972,0.005028,True,TP,2,1,-1,1,-1,1,1,-1,-1,-1,-1
10987,219377238342170,train_oof,0,legitimate,0,legitimate,0.002309,0.997691,True,TN,5,1,-1,1,-1,1,1,-1,1,1,1
10989,176971998945799,train_oof,0,legitimate,0,legitimate,0.080197,0.919803,True,TN,3,1,1,1,-1,1,1,1,0,-1,0
10991,103962229271133,train_oof,0,legitimate,0,legitimate,0.012278,0.987722,True,TN,1,1,1,1,-1,1,1,1,0,0,0
10992,132223489718906,train_oof,1,phishing,1,phishing,0.989465,0.010535,True,TP,5,1,-1,-1,-1,-1,1,-1,-1,1,-1
10995,102186962375732,train_oof,0,legitimate,0,legitimate,1.9e-05,0.999981,True,TN,4,1,-1,1,1,1,1,1,1,0,-1
10996,140443111924025,train_oof,1,phishing,0,legitimate,0.493546,0.506454,False,FN,2,1,-1,1,-1,-1,-1,-1,0,0,0
10997,268253210252833,train_oof,1,phishing,0,legitimate,0.320474,0.679526,False,FN,3,-1,-1,1,-1,1,1,1,0,0,-1
10998,157740130850709,train_oof,1,phishing,1,phishing,0.991278,0.008722,True,TP,5,-1,-1,1,-1,-1,1,-1,-1,-1,0
10999,213097884165775,train_oof,0,legitimate,0,legitimate,0.016626,0.983374,True,TN,3,1,-1,1,1,0,1,1,1,-1,-1
11000,154851061078383,train_oof,0,legitimate,0,legitimate,0.330186,0.669814,True,TN,3,1,-1,1,-1,0,1,1,0,0,-1
11001,147172961916853,train_oof,0,legitimate,0,legitimate,0.004079,0.995921,True,TN,4,1,-1,1,-1,1,1,1,0,0,1
11003,253479356881778,train_oof,1,phishing,1,phishing,0.580453,0.419547,True,TP,2,-1,-1,1,-1,-1,1,-1,0,-1,0
11004,90776058530851,train_oof,0,legitimate,0,legitimate,0.141555,0.858445,True,TN,4,-1,1,1,-1,1,-1,1,0,1,-1
11005,130396574469488,train_oof,1,phishing,1,phishing,0.987143,0.012857,True,TP,1,-1,-1,1,-1,-1,1,-1,-1,0,0
11006,25855553627920,train_oof,0,legitimate,0,legitimate,0.0,1.0,True,TN,2,1,-1,1,1,1,1,1,1,0,-1
11007,267859809503666,train_oof,0,legitimate,0,legitimate,0.007608,0.992392,True,TN,4,1,-1,1,-1,1,1,1,1,0,-1
11008,165422623342128,train_oof,1,phishing,1,phishing,0.596267,0.403733,True,TP,3,-1,-1,1,-1,1,1,1,0,-1,-1
11009,129723556458286,train_oof,1,phishing,1,phishing,0.986528,0.013472,True,TP,5,-1,-1,1,-1,1,-1,-1,-1,-1,-1
11012,46207552233173,train_oof,0,legitimate,0,legitimate,0.379817,0.620183,True,TN,2,1,-1,1,-1,1,1,1,0,-1,-1
11013,123515288232164,train_oof,0,legitimate,0,legitimate,0.03612,0.96388,True,TN,4,1,-1,1,-1,1,1,-1,0,1,0
11014,184570249438664,train_oof,1,phishing,1,phishing,0.987141,0.012859,True,TP,3,-1,-1,1,-1,1,-1,-1,-1,-1,-1
11015,183653647672880,train_oof,1,phishing,1,phishing,0.681161,0.318839,True,TP,1,-1,-1,1,-1,1,1,-1,0,-1,-1
11016,67925435185969,train_oof,0,legitimate,0,legitimate,0.252402,0.747598,True,TN,1,-1,-1,1,-1,-1,1,-1,1,0,-1
11018,174037962355132,train_oof,1,phishing,1,phishing,0.999184,0.000816,True,TP,4,-1,-1,1,-1,0,1,-1,-1,0,-1
11019,105457966903712,train_oof,1,phishing,1,phishing,0.615542,0.384458,True,TP,1,-1,-1,1,-1,-1,1,1,0,-1,0
11020,43298205517663,train_oof,1,phishing,1,phishing,0.715491,0.284509,True,TP,4,-1,-1,1,-1,0,-1,1,0,-1,-1
11021,51678151272001,train_oof,1,phishing,1,phishing,0.781211,0.218789,True,TP,3,1,-1,1,-1,-1,-1,1,-1,1,-1
11022,50169644152330,train_oof,1,phishing,1,phishing,0.976511,0.023489,True,TP,1,1,-1,1,-1,-1,-1,1,-1,0,-1
11023,3812239269180,train_oof,0,legitimate,0,legitimate,0.009866,0.990134,True,TN,1,-1,-1,1,1,1,1,1,0,0,-1
11024,266034613533619,train_oof,0,legitimate,0,legitimate,0.017182,0.982818,True,TN,4,1,-1,1,-1,1,1,1,1,-1,1
11026,108037895748955,train_oof,0,legitimate,0,legitimate,0.000141,0.999859,True,TN,1,1,-1,1,1,1,1,-1,1,1,-1
11027,143424045432307,train_oof,0,legitimate,0,legitimate,0.022979,0.977021,True,TN,2,1,-1,1,-1,1,-1,1,0,1,1
11028,260084745217124,train_oof,0,legitimate,0,legitimate,0.413312,0.586688,True,TN,1,-1,1,1,-1,1,1,1,0,-1,-1
11030,220704920817513,train_oof,1,phishing,1,phishing,0.998758,0.001242,True,TP,1,-1,-1,1,-1,-1,1,-1,-1,-1,-1
11031,263270833962080,train_oof,0,legitimate,0,legitimate,0.14218,0.85782,True,TN,1,-1,1,1,-1,1,1,1,0,0,1
11032,131157336689966,train_oof,1,phishing,1,phishing,0.993417,0.006583,True,TP,1,-1,1,1,-1,0,1,-1,-1,0,-1
11034,102298652826523,train_oof,1,phishing,1,phishing,0.593884,0.406116,True,TP,4,-1,-1,1,-1,-1,1,-1,0,-1,1
11036,12880189080603,train_oof,0,legitimate,0,legitimate,0.015856,0.984144,True,TN,3,-1,-1,-1,-1,1,1,1,0,0,-1
11037,211468464565023,train_oof,1,phishing,1,phishing,0.947365,0.052635,True,TP,2,1,-1,-1,-1,-1,1,1,-1,1,-1
11038,157740130850709,train_oof,1,phishing,1,phishing,0.991278,0.008722,True,TP,5,-1,-1,1,-1,-1,1,-1,-1,-1,0
11039,280696309564067,train_oof,1,phishing,1,phishing,0.547389,0.452611,True,TP,4,-1,-1,1,-1,1,1,1,0,-1,-1
11040,90035047396217,train_oof,1,phishing,1,phishing,0.999227,0.000773,True,TP,3,-1,-1,1,-1,0,-1,-1,-1,0,-1
11041,33828283757372,train_oof,0,legitimate,0,legitimate,0.054385,0.945615,True,TN,5,1,-1,1,-1,1,-1,1,0,-1,0
11043,198061112663363,train_oof,1,phishing,1,phishing,0.945702,0.054298,True,TP,3,1,-1,1,-1,-1,1,1,-1,0,-1
11045,141774905393508,train_oof,0,legitimate,0,legitimate,0.195778,0.804222,True,TN,4,1,-1,1,-1,1,1,1,0,1,-1
11046,67281198152579,train_oof,0,legitimate,0,legitimate,0.021471,0.978529,True,TN,4,-1,-1,1,-1,1,1,-1,0,1,1
11047,131199563481301,train_oof,1,phishing,1,phishing,0.961989,0.038011,True,TP,4,-1,-1,1,-1,1,1,1,-1,-1,-1
11048,262126189521434,train_oof,0,legitimate,1,phishing,0.521058,0.478942,False,FP,1,1,-1,1,-1,-1,1,-1,0,0,-1
11049,155689921001327,train_oof,1,phishing,1,phishing,0.681161,0.318839,True,TP,1,-1,-1,1,-1,1,1,-1,0,-1,-1
11050,66312711948902,train_oof,0,legitimate,0,legitimate,7.1e-05,0.999929,True,TN,5,1,-1,1,1,1,-1,1,1,1,-1
11051,84760911433762,train_oof,1,phishing,1,phishing,0.87551,0.12449,True,TP,1,-1,1,1,-1,1,-1,1,-1,-1,0
11053,211446717801004,train_oof,1,phishing,1,phishing,0.991824,0.008176,True,TP,4,-1,-1,1,-1,-1,-1,-1,-1,1,-1
11054,169752691845345,train_oof,1,phishing,1,phishing,0.997391,0.002609,True,TP,1,-1,-1,1,-1,-1,1,-1,-1,0,-1
